{"type":"FeatureCollection","features":[{"type":"Feature","properties":{"name":"Baden-Württemberg"},"geometry":{"type":"MultiPolygon","coordinates":[[[[8.35,47.571],[8.328,47.571],[8.322,47.574],[8.311,47.583],[8.301,47.587],[8.295,47.594],[8.297,47.606],[8.289,47.61],[8.279,47.612],[8.265,47.609],[8.26,47.615],[8.256,47.615],[8.239,47.613],[8.23,47.606],[8.227,47.605],[8.224,47.606],[8.219,47.618],[8.211,47.621],[8.204,47.621],[8.194,47.617],[8.184,47.605],[8.174,47.602],[8.165,47.594],[8.149,47.595],[8.138,47.59],[8.138,47.586],[8.135,47.584],[8.116,47.584],[8.11,47.582],[8.103,47.576],[8.1,47.564],[8.09,47.558],[8.083,47.558],[8.071,47.564],[8.068,47.565],[8.059,47.563],[8.044,47.554],[8.022,47.55],[8.014,47.551],[8.002,47.556],[7.976,47.555],[7.959,47.558],[7.952,47.554],[7.948,47.545],[7.943,47.544],[7.934,47.547],[7.917,47.548],[7.912,47.551],[7.907,47.559],[7.911,47.567],[7.911,47.571],[7.904,47.58],[7.891,47.588],[7.87,47.589],[7.862,47.588],[7.85,47.583],[7.842,47.582],[7.836,47.584],[7.833,47.587],[7.823,47.588],[7.819,47.587],[7.816,47.583],[7.811,47.569],[7.801,47.564],[7.796,47.558],[7.789,47.555],[7.758,47.548],[7.751,47.544],[7.719,47.542],[7.696,47.533],[7.678,47.533],[7.668,47.536],[7.661,47.545],[7.649,47.548],[7.64,47.558],[7.634,47.561],[7.636,47.564],[7.641,47.561],[7.648,47.56],[7.664,47.565],[7.67,47.566],[7.672,47.566],[7.672,47.564],[7.676,47.564],[7.677,47.565],[7.675,47.566],[7.678,47.569],[7.683,47.571],[7.683,47.569],[7.686,47.566],[7.689,47.572],[7.684,47.574],[7.681,47.583],[7.672,47.585],[7.672,47.587],[7.684,47.596],[7.69,47.598],[7.694,47.6],[7.683,47.599],[7.675,47.592],[7.667,47.592],[7.646,47.597],[7.642,47.594],[7.643,47.591],[7.639,47.59],[7.628,47.581],[7.619,47.577],[7.604,47.578],[7.605,47.585],[7.589,47.59],[7.592,47.596],[7.593,47.601],[7.591,47.604],[7.574,47.616],[7.567,47.632],[7.561,47.637],[7.538,47.649],[7.521,47.664],[7.519,47.673],[7.519,47.685],[7.512,47.697],[7.514,47.703],[7.54,47.718],[7.548,47.73],[7.548,47.739],[7.531,47.772],[7.53,47.781],[7.55,47.823],[7.56,47.836],[7.563,47.843],[7.563,47.854],[7.556,47.869],[7.556,47.877],[7.562,47.885],[7.575,47.891],[7.58,47.895],[7.583,47.901],[7.581,47.924],[7.582,47.93],[7.588,47.937],[7.61,47.954],[7.621,47.969],[7.622,47.973],[7.619,47.986],[7.61,47.999],[7.572,48.03],[7.569,48.035],[7.574,48.055],[7.569,48.08],[7.572,48.089],[7.576,48.094],[7.579,48.102],[7.577,48.119],[7.581,48.125],[7.594,48.131],[7.599,48.136],[7.601,48.142],[7.599,48.153],[7.602,48.159],[7.63,48.184],[7.644,48.207],[7.666,48.221],[7.689,48.281],[7.689,48.292],[7.694,48.302],[7.706,48.31],[7.737,48.32],[7.745,48.328],[7.745,48.335],[7.732,48.376],[7.732,48.392],[7.736,48.404],[7.765,48.457],[7.767,48.487],[7.768,48.49],[7.771,48.492],[7.795,48.502],[7.804,48.511],[7.806,48.516],[7.807,48.523],[7.803,48.537],[7.806,48.55],[7.805,48.561],[7.8,48.579],[7.802,48.589],[7.83,48.62],[7.838,48.639],[7.842,48.644],[7.89,48.663],[7.963,48.721],[7.967,48.726],[7.967,48.747],[7.969,48.754],[7.972,48.758],[7.983,48.761],[8.002,48.759],[8.014,48.761],[8.02,48.765],[8.024,48.77],[8.026,48.782],[8.03,48.787],[8.042,48.791],[8.059,48.789],[8.068,48.791],[8.084,48.8],[8.094,48.808],[8.104,48.82],[8.115,48.85],[8.128,48.876],[8.135,48.888],[8.153,48.91],[8.179,48.935],[8.196,48.956],[8.203,48.96],[8.228,48.965],[8.239,48.969],[8.277,48.99],[8.286,48.997],[8.297,49.014],[8.304,49.041],[8.312,49.054],[8.324,49.068],[8.346,49.085],[8.358,49.098],[8.373,49.152],[8.368,49.164],[8.368,49.168],[8.381,49.186],[8.385,49.198],[8.393,49.203],[8.399,49.208],[8.405,49.22],[8.403,49.225],[8.399,49.226],[8.394,49.225],[8.389,49.221],[8.385,49.22],[8.386,49.226],[8.389,49.234],[8.401,49.244],[8.44,49.262],[8.458,49.279],[8.469,49.284],[8.482,49.286],[8.486,49.289],[8.489,49.293],[8.488,49.3],[8.484,49.305],[8.476,49.309],[8.456,49.314],[8.452,49.318],[8.45,49.323],[8.452,49.327],[8.456,49.332],[8.483,49.349],[8.492,49.357],[8.497,49.364],[8.501,49.376],[8.5,49.389],[8.494,49.387],[8.482,49.378],[8.473,49.373],[8.464,49.376],[8.463,49.384],[8.465,49.387],[8.488,49.397],[8.496,49.402],[8.497,49.411],[8.508,49.431],[8.508,49.434],[8.506,49.439],[8.499,49.443],[8.488,49.444],[8.456,49.444],[8.447,49.446],[8.443,49.45],[8.442,49.455],[8.444,49.459],[8.461,49.465],[8.464,49.47],[8.457,49.48],[8.443,49.493],[8.424,49.541],[8.415,49.554],[8.416,49.565],[8.424,49.576],[8.422,49.583],[8.43,49.585],[8.438,49.584],[8.441,49.589],[8.446,49.59],[8.464,49.59],[8.476,49.584],[8.474,49.581],[8.48,49.579],[8.48,49.575],[8.495,49.573],[8.526,49.548],[8.532,49.536],[8.542,49.529],[8.551,49.525],[8.553,49.52],[8.56,49.517],[8.573,49.522],[8.581,49.52],[8.584,49.522],[8.591,49.521],[8.598,49.532],[8.607,49.529],[8.608,49.531],[8.607,49.532],[8.607,49.533],[8.611,49.539],[8.621,49.545],[8.608,49.57],[8.609,49.576],[8.603,49.593],[8.594,49.593],[8.591,49.596],[8.589,49.605],[8.595,49.605],[8.594,49.611],[8.65,49.621],[8.654,49.618],[8.678,49.626],[8.687,49.623],[8.692,49.624],[8.694,49.622],[8.692,49.62],[8.694,49.619],[8.69,49.619],[8.687,49.616],[8.688,49.615],[8.685,49.614],[8.683,49.616],[8.679,49.614],[8.679,49.612],[8.684,49.61],[8.685,49.613],[8.687,49.613],[8.688,49.61],[8.686,49.608],[8.678,49.609],[8.677,49.614],[8.673,49.613],[8.672,49.611],[8.675,49.608],[8.68,49.607],[8.682,49.603],[8.691,49.607],[8.693,49.605],[8.692,49.603],[8.695,49.604],[8.698,49.6],[8.696,49.592],[8.684,49.59],[8.684,49.577],[8.681,49.577],[8.681,49.575],[8.685,49.576],[8.684,49.572],[8.686,49.571],[8.684,49.57],[8.694,49.56],[8.692,49.556],[8.699,49.549],[8.704,49.55],[8.706,49.548],[8.704,49.545],[8.705,49.539],[8.703,49.535],[8.707,49.536],[8.71,49.532],[8.712,49.532],[8.715,49.534],[8.719,49.533],[8.723,49.531],[8.721,49.529],[8.725,49.526],[8.736,49.525],[8.736,49.521],[8.725,49.523],[8.724,49.521],[8.727,49.521],[8.728,49.518],[8.737,49.519],[8.74,49.523],[8.749,49.522],[8.764,49.515],[8.768,49.515],[8.772,49.518],[8.777,49.518],[8.782,49.515],[8.792,49.514],[8.799,49.512],[8.797,49.515],[8.798,49.519],[8.809,49.526],[8.811,49.527],[8.815,49.524],[8.816,49.526],[8.822,49.525],[8.823,49.524],[8.819,49.521],[8.821,49.514],[8.819,49.512],[8.817,49.506],[8.831,49.492],[8.837,49.493],[8.839,49.494],[8.839,49.499],[8.845,49.498],[8.845,49.501],[8.848,49.502],[8.857,49.501],[8.883,49.506],[8.892,49.503],[8.9,49.504],[8.897,49.498],[8.9,49.494],[8.899,49.49],[8.899,49.485],[8.893,49.482],[8.89,49.479],[8.89,49.475],[8.877,49.467],[8.868,49.465],[8.863,49.467],[8.866,49.475],[8.86,49.481],[8.852,49.484],[8.841,49.476],[8.837,49.475],[8.828,49.471],[8.825,49.467],[8.823,49.463],[8.829,49.461],[8.835,49.45],[8.833,49.447],[8.833,49.437],[8.837,49.434],[8.836,49.43],[8.831,49.423],[8.825,49.422],[8.817,49.423],[8.807,49.419],[8.806,49.415],[8.808,49.412],[8.801,49.411],[8.804,49.407],[8.808,49.406],[8.803,49.404],[8.808,49.402],[8.815,49.397],[8.822,49.395],[8.828,49.402],[8.828,49.407],[8.832,49.408],[8.839,49.405],[8.845,49.397],[8.851,49.395],[8.862,49.402],[8.873,49.413],[8.886,49.417],[8.892,49.421],[8.901,49.443],[8.905,49.443],[8.906,49.439],[8.913,49.438],[8.925,49.441],[8.928,49.449],[8.941,49.45],[8.95,49.455],[8.947,49.46],[8.942,49.463],[8.941,49.465],[8.936,49.465],[8.932,49.471],[8.935,49.473],[8.935,49.477],[8.943,49.486],[8.955,49.482],[8.951,49.488],[8.952,49.492],[8.958,49.495],[8.951,49.503],[8.952,49.506],[8.963,49.502],[8.968,49.502],[8.977,49.503],[8.977,49.505],[8.979,49.509],[8.986,49.51],[8.988,49.506],[8.992,49.503],[8.998,49.505],[9.012,49.503],[9.014,49.501],[9.013,49.499],[9.014,49.498],[9.043,49.499],[9.042,49.506],[9.05,49.513],[9.05,49.519],[9.065,49.53],[9.07,49.527],[9.079,49.525],[9.1,49.526],[9.102,49.52],[9.106,49.517],[9.105,49.511],[9.106,49.51],[9.12,49.512],[9.126,49.517],[9.124,49.52],[9.127,49.522],[9.12,49.526],[9.12,49.527],[9.118,49.528],[9.114,49.535],[9.109,49.536],[9.105,49.536],[9.104,49.538],[9.085,49.543],[9.087,49.545],[9.088,49.55],[9.072,49.565],[9.073,49.575],[9.078,49.575],[9.081,49.57],[9.081,49.565],[9.083,49.562],[9.099,49.561],[9.1,49.572],[9.103,49.578],[9.108,49.579],[9.114,49.575],[9.118,49.574],[9.138,49.576],[9.146,49.579],[9.159,49.58],[9.165,49.575],[9.173,49.578],[9.181,49.574],[9.187,49.577],[9.194,49.574],[9.201,49.577],[9.207,49.576],[9.211,49.578],[9.214,49.577],[9.239,49.581],[9.245,49.585],[9.249,49.584],[9.249,49.588],[9.246,49.59],[9.249,49.594],[9.259,49.593],[9.26,49.594],[9.26,49.599],[9.265,49.602],[9.265,49.607],[9.285,49.615],[9.274,49.625],[9.27,49.627],[9.275,49.631],[9.271,49.634],[9.278,49.638],[9.286,49.636],[9.29,49.644],[9.306,49.651],[9.304,49.655],[9.314,49.654],[9.318,49.651],[9.337,49.644],[9.344,49.644],[9.349,49.65],[9.364,49.655],[9.368,49.659],[9.368,49.655],[9.384,49.643],[9.394,49.646],[9.406,49.645],[9.416,49.654],[9.419,49.659],[9.412,49.661],[9.412,49.663],[9.398,49.671],[9.402,49.675],[9.412,49.675],[9.413,49.677],[9.406,49.68],[9.413,49.683],[9.42,49.69],[9.421,49.692],[9.419,49.694],[9.422,49.696],[9.419,49.698],[9.417,49.702],[9.418,49.706],[9.42,49.707],[9.419,49.712],[9.415,49.712],[9.408,49.721],[9.401,49.721],[9.4,49.729],[9.386,49.731],[9.387,49.728],[9.38,49.726],[9.383,49.719],[9.383,49.708],[9.372,49.704],[9.357,49.704],[9.353,49.707],[9.352,49.717],[9.344,49.717],[9.344,49.719],[9.349,49.721],[9.363,49.724],[9.367,49.726],[9.374,49.728],[9.363,49.732],[9.359,49.731],[9.342,49.734],[9.323,49.731],[9.316,49.735],[9.312,49.735],[9.296,49.739],[9.296,49.74],[9.318,49.74],[9.323,49.744],[9.322,49.75],[9.313,49.762],[9.313,49.766],[9.316,49.768],[9.351,49.769],[9.361,49.773],[9.369,49.778],[9.373,49.779],[9.379,49.777],[9.387,49.771],[9.392,49.77],[9.397,49.774],[9.404,49.776],[9.42,49.788],[9.425,49.79],[9.435,49.787],[9.445,49.774],[9.458,49.77],[9.469,49.774],[9.472,49.781],[9.479,49.787],[9.502,49.789],[9.509,49.786],[9.513,49.782],[9.51,49.77],[9.514,49.764],[9.523,49.761],[9.529,49.763],[9.538,49.768],[9.546,49.766],[9.552,49.76],[9.555,49.748],[9.56,49.745],[9.563,49.745],[9.567,49.746],[9.569,49.751],[9.56,49.761],[9.558,49.765],[9.558,49.776],[9.562,49.781],[9.58,49.784],[9.576,49.783],[9.578,49.78],[9.576,49.779],[9.581,49.778],[9.59,49.781],[9.591,49.78],[9.608,49.783],[9.62,49.784],[9.649,49.791],[9.651,49.781],[9.644,49.779],[9.646,49.771],[9.652,49.766],[9.638,49.754],[9.646,49.747],[9.645,49.744],[9.639,49.742],[9.639,49.74],[9.647,49.739],[9.646,49.736],[9.638,49.737],[9.637,49.732],[9.628,49.732],[9.641,49.723],[9.639,49.722],[9.641,49.72],[9.633,49.717],[9.631,49.71],[9.628,49.708],[9.625,49.704],[9.63,49.702],[9.632,49.699],[9.633,49.693],[9.649,49.692],[9.648,49.691],[9.651,49.69],[9.65,49.688],[9.653,49.687],[9.676,49.693],[9.674,49.697],[9.677,49.707],[9.677,49.716],[9.696,49.719],[9.7,49.717],[9.701,49.722],[9.703,49.722],[9.704,49.725],[9.707,49.725],[9.71,49.727],[9.712,49.726],[9.712,49.723],[9.714,49.721],[9.713,49.717],[9.715,49.717],[9.713,49.714],[9.719,49.702],[9.724,49.701],[9.728,49.698],[9.728,49.689],[9.739,49.688],[9.739,49.69],[9.745,49.692],[9.745,49.694],[9.75,49.696],[9.753,49.71],[9.772,49.72],[9.779,49.722],[9.787,49.722],[9.791,49.731],[9.8,49.731],[9.8,49.73],[9.796,49.727],[9.796,49.721],[9.804,49.718],[9.809,49.714],[9.821,49.71],[9.823,49.708],[9.823,49.705],[9.828,49.706],[9.832,49.704],[9.833,49.699],[9.832,49.698],[9.834,49.697],[9.832,49.696],[9.835,49.694],[9.833,49.694],[9.836,49.692],[9.83,49.688],[9.836,49.685],[9.837,49.683],[9.841,49.683],[9.841,49.682],[9.83,49.681],[9.831,49.679],[9.829,49.679],[9.828,49.675],[9.826,49.675],[9.825,49.673],[9.823,49.673],[9.826,49.667],[9.822,49.666],[9.822,49.665],[9.828,49.661],[9.832,49.66],[9.829,49.66],[9.834,49.656],[9.833,49.655],[9.83,49.654],[9.83,49.652],[9.836,49.648],[9.835,49.646],[9.837,49.645],[9.85,49.644],[9.855,49.642],[9.857,49.637],[9.857,49.635],[9.859,49.634],[9.858,49.632],[9.861,49.632],[9.866,49.624],[9.864,49.624],[9.864,49.621],[9.867,49.621],[9.867,49.617],[9.869,49.612],[9.867,49.612],[9.868,49.611],[9.872,49.612],[9.873,49.61],[9.86,49.608],[9.859,49.606],[9.857,49.606],[9.86,49.603],[9.841,49.595],[9.843,49.593],[9.841,49.592],[9.847,49.585],[9.848,49.577],[9.841,49.575],[9.842,49.573],[9.836,49.57],[9.837,49.569],[9.81,49.557],[9.812,49.556],[9.818,49.559],[9.818,49.556],[9.828,49.552],[9.841,49.551],[9.843,49.548],[9.85,49.546],[9.859,49.546],[9.861,49.553],[9.865,49.554],[9.867,49.557],[9.865,49.568],[9.87,49.569],[9.869,49.571],[9.874,49.572],[9.876,49.579],[9.893,49.584],[9.899,49.588],[9.902,49.585],[9.903,49.586],[9.907,49.585],[9.908,49.587],[9.912,49.586],[9.912,49.584],[9.916,49.582],[9.906,49.577],[9.899,49.568],[9.898,49.562],[9.899,49.561],[9.911,49.561],[9.921,49.563],[9.925,49.561],[9.923,49.558],[9.925,49.557],[9.921,49.553],[9.926,49.554],[9.927,49.55],[9.924,49.549],[9.921,49.551],[9.922,49.546],[9.92,49.545],[9.923,49.542],[9.921,49.541],[9.927,49.536],[9.925,49.535],[9.926,49.53],[9.923,49.529],[9.925,49.528],[9.924,49.524],[9.918,49.522],[9.917,49.518],[9.925,49.509],[9.918,49.5],[9.916,49.499],[9.916,49.496],[9.915,49.496],[9.914,49.493],[9.927,49.485],[9.952,49.48],[9.959,49.484],[9.974,49.486],[9.976,49.485],[9.973,49.482],[9.975,49.481],[9.978,49.484],[9.992,49.486],[10.0,49.486],[10.01,49.483],[10.021,49.486],[10.027,49.498],[10.028,49.504],[10.046,49.507],[10.052,49.511],[10.052,49.514],[10.056,49.515],[10.057,49.519],[10.055,49.52],[10.055,49.521],[10.05,49.521],[10.04,49.529],[10.061,49.538],[10.057,49.541],[10.062,49.542],[10.061,49.545],[10.076,49.544],[10.076,49.543],[10.084,49.544],[10.084,49.542],[10.085,49.542],[10.09,49.534],[10.089,49.534],[10.09,49.531],[10.088,49.531],[10.088,49.529],[10.079,49.528],[10.081,49.524],[10.079,49.524],[10.081,49.521],[10.077,49.52],[10.079,49.517],[10.08,49.518],[10.083,49.514],[10.081,49.514],[10.084,49.512],[10.106,49.515],[10.108,49.511],[10.114,49.512],[10.114,49.51],[10.121,49.511],[10.121,49.507],[10.115,49.507],[10.117,49.504],[10.11,49.502],[10.1,49.492],[10.102,49.49],[10.101,49.486],[10.108,49.483],[10.111,49.478],[10.116,49.479],[10.117,49.476],[10.115,49.474],[10.118,49.473],[10.118,49.471],[10.119,49.471],[10.118,49.47],[10.118,49.468],[10.122,49.464],[10.116,49.461],[10.105,49.463],[10.108,49.46],[10.107,49.459],[10.098,49.457],[10.097,49.452],[10.095,49.448],[10.106,49.445],[10.106,49.443],[10.112,49.439],[10.113,49.439],[10.111,49.443],[10.119,49.444],[10.123,49.441],[10.134,49.437],[10.134,49.435],[10.138,49.433],[10.134,49.432],[10.138,49.429],[10.137,49.425],[10.144,49.421],[10.147,49.415],[10.152,49.412],[10.151,49.411],[10.148,49.411],[10.15,49.409],[10.152,49.401],[10.142,49.404],[10.139,49.404],[10.139,49.403],[10.146,49.402],[10.154,49.399],[10.154,49.397],[10.162,49.395],[10.161,49.39],[10.157,49.391],[10.15,49.387],[10.146,49.387],[10.145,49.384],[10.122,49.388],[10.122,49.386],[10.112,49.385],[10.107,49.379],[10.117,49.369],[10.117,49.367],[10.114,49.366],[10.113,49.36],[10.118,49.36],[10.118,49.358],[10.125,49.356],[10.123,49.356],[10.124,49.351],[10.108,49.352],[10.109,49.349],[10.104,49.347],[10.104,49.344],[10.103,49.344],[10.105,49.338],[10.109,49.338],[10.109,49.336],[10.113,49.336],[10.112,49.333],[10.108,49.332],[10.111,49.329],[10.117,49.329],[10.121,49.325],[10.131,49.326],[10.13,49.328],[10.133,49.328],[10.14,49.326],[10.145,49.316],[10.135,49.31],[10.136,49.308],[10.132,49.305],[10.132,49.3],[10.134,49.296],[10.138,49.292],[10.144,49.29],[10.141,49.289],[10.142,49.288],[10.15,49.288],[10.15,49.285],[10.154,49.285],[10.157,49.281],[10.153,49.282],[10.151,49.281],[10.15,49.279],[10.147,49.277],[10.148,49.275],[10.145,49.275],[10.147,49.269],[10.142,49.268],[10.134,49.262],[10.132,49.264],[10.128,49.261],[10.127,49.262],[10.127,49.267],[10.124,49.271],[10.127,49.275],[10.131,49.275],[10.129,49.276],[10.124,49.275],[10.12,49.267],[10.117,49.268],[10.114,49.266],[10.117,49.264],[10.116,49.259],[10.119,49.258],[10.11,49.258],[10.114,49.256],[10.126,49.256],[10.127,49.254],[10.132,49.255],[10.133,49.253],[10.132,49.251],[10.12,49.247],[10.124,49.246],[10.123,49.244],[10.125,49.243],[10.123,49.241],[10.127,49.236],[10.126,49.23],[10.128,49.228],[10.126,49.227],[10.127,49.223],[10.133,49.217],[10.139,49.216],[10.14,49.209],[10.126,49.211],[10.125,49.21],[10.127,49.209],[10.127,49.204],[10.13,49.204],[10.125,49.201],[10.125,49.2],[10.13,49.199],[10.128,49.197],[10.129,49.196],[10.135,49.201],[10.139,49.197],[10.141,49.198],[10.142,49.195],[10.157,49.193],[10.153,49.19],[10.154,49.188],[10.156,49.189],[10.16,49.185],[10.159,49.184],[10.161,49.183],[10.167,49.181],[10.166,49.179],[10.171,49.178],[10.176,49.18],[10.176,49.182],[10.181,49.182],[10.181,49.176],[10.178,49.176],[10.177,49.173],[10.183,49.172],[10.185,49.173],[10.185,49.171],[10.186,49.17],[10.189,49.174],[10.19,49.172],[10.188,49.17],[10.195,49.17],[10.193,49.168],[10.197,49.164],[10.196,49.162],[10.2,49.16],[10.197,49.156],[10.205,49.156],[10.207,49.159],[10.212,49.16],[10.213,49.163],[10.215,49.164],[10.218,49.163],[10.22,49.162],[10.219,49.16],[10.223,49.16],[10.224,49.162],[10.228,49.16],[10.232,49.156],[10.231,49.154],[10.236,49.152],[10.238,49.15],[10.248,49.149],[10.249,49.145],[10.252,49.144],[10.252,49.142],[10.255,49.138],[10.252,49.134],[10.256,49.131],[10.257,49.129],[10.253,49.13],[10.251,49.126],[10.247,49.127],[10.233,49.12],[10.225,49.119],[10.23,49.117],[10.229,49.113],[10.227,49.113],[10.227,49.111],[10.215,49.113],[10.213,49.111],[10.216,49.106],[10.212,49.102],[10.207,49.101],[10.207,49.1],[10.21,49.1],[10.209,49.098],[10.205,49.098],[10.213,49.094],[10.223,49.098],[10.229,49.09],[10.233,49.09],[10.233,49.092],[10.234,49.092],[10.235,49.091],[10.244,49.092],[10.243,49.09],[10.245,49.091],[10.246,49.092],[10.251,49.093],[10.249,49.092],[10.25,49.09],[10.247,49.08],[10.242,49.079],[10.243,49.081],[10.241,49.082],[10.238,49.077],[10.234,49.076],[10.236,49.074],[10.239,49.075],[10.242,49.072],[10.244,49.073],[10.244,49.074],[10.245,49.074],[10.258,49.07],[10.26,49.064],[10.264,49.062],[10.259,49.06],[10.258,49.062],[10.256,49.061],[10.257,49.053],[10.252,49.05],[10.256,49.045],[10.25,49.043],[10.252,49.039],[10.256,49.042],[10.26,49.041],[10.261,49.043],[10.263,49.042],[10.262,49.044],[10.265,49.045],[10.266,49.043],[10.277,49.042],[10.274,49.041],[10.277,49.038],[10.285,49.037],[10.288,49.04],[10.285,49.042],[10.287,49.043],[10.293,49.041],[10.294,49.043],[10.301,49.04],[10.303,49.032],[10.309,49.032],[10.319,49.028],[10.32,49.026],[10.329,49.025],[10.327,49.027],[10.328,49.03],[10.332,49.026],[10.334,49.027],[10.332,49.03],[10.333,49.032],[10.336,49.03],[10.337,49.027],[10.342,49.029],[10.35,49.028],[10.35,49.023],[10.345,49.019],[10.345,49.017],[10.356,49.013],[10.352,49.006],[10.359,49.004],[10.373,49.003],[10.375,49.0],[10.382,48.999],[10.381,48.997],[10.383,48.994],[10.381,48.991],[10.379,48.99],[10.38,48.989],[10.395,48.99],[10.397,48.987],[10.401,48.986],[10.404,48.981],[10.412,48.979],[10.409,48.976],[10.404,48.976],[10.402,48.974],[10.403,48.973],[10.404,48.967],[10.419,48.969],[10.418,48.966],[10.421,48.966],[10.421,48.964],[10.424,48.964],[10.425,48.961],[10.421,48.961],[10.419,48.959],[10.424,48.959],[10.431,48.953],[10.432,48.952],[10.43,48.952],[10.431,48.946],[10.436,48.944],[10.437,48.946],[10.443,48.946],[10.446,48.943],[10.445,48.94],[10.451,48.939],[10.452,48.938],[10.447,48.936],[10.448,48.935],[10.44,48.935],[10.438,48.933],[10.445,48.93],[10.449,48.926],[10.452,48.927],[10.457,48.92],[10.457,48.917],[10.455,48.917],[10.454,48.915],[10.444,48.911],[10.444,48.909],[10.431,48.908],[10.431,48.906],[10.425,48.908],[10.425,48.906],[10.421,48.906],[10.424,48.905],[10.424,48.903],[10.438,48.9],[10.441,48.899],[10.442,48.896],[10.445,48.895],[10.445,48.894],[10.45,48.893],[10.45,48.89],[10.453,48.889],[10.452,48.888],[10.454,48.888],[10.453,48.884],[10.451,48.885],[10.448,48.881],[10.445,48.882],[10.445,48.88],[10.448,48.879],[10.447,48.877],[10.453,48.873],[10.451,48.872],[10.453,48.871],[10.452,48.868],[10.449,48.866],[10.45,48.865],[10.45,48.863],[10.448,48.863],[10.448,48.861],[10.454,48.86],[10.452,48.857],[10.453,48.852],[10.436,48.847],[10.427,48.843],[10.426,48.837],[10.43,48.837],[10.442,48.834],[10.443,48.832],[10.448,48.832],[10.449,48.83],[10.448,48.83],[10.45,48.825],[10.446,48.824],[10.449,48.821],[10.447,48.819],[10.449,48.818],[10.447,48.813],[10.449,48.812],[10.441,48.809],[10.44,48.805],[10.434,48.801],[10.425,48.801],[10.421,48.799],[10.421,48.795],[10.431,48.794],[10.428,48.792],[10.429,48.79],[10.434,48.79],[10.435,48.788],[10.43,48.788],[10.428,48.786],[10.428,48.783],[10.429,48.783],[10.429,48.782],[10.427,48.782],[10.428,48.779],[10.432,48.779],[10.434,48.776],[10.432,48.775],[10.43,48.777],[10.43,48.775],[10.429,48.774],[10.432,48.771],[10.428,48.77],[10.428,48.773],[10.423,48.772],[10.421,48.773],[10.42,48.772],[10.418,48.773],[10.42,48.776],[10.417,48.776],[10.415,48.776],[10.416,48.772],[10.413,48.772],[10.413,48.77],[10.418,48.77],[10.417,48.765],[10.419,48.765],[10.418,48.763],[10.423,48.759],[10.427,48.758],[10.428,48.756],[10.424,48.756],[10.423,48.753],[10.418,48.753],[10.417,48.751],[10.419,48.749],[10.423,48.75],[10.423,48.748],[10.416,48.748],[10.42,48.746],[10.424,48.747],[10.425,48.746],[10.424,48.745],[10.435,48.741],[10.431,48.738],[10.432,48.737],[10.436,48.738],[10.436,48.739],[10.44,48.739],[10.439,48.737],[10.441,48.733],[10.443,48.732],[10.443,48.729],[10.447,48.73],[10.448,48.728],[10.45,48.735],[10.455,48.734],[10.46,48.736],[10.465,48.735],[10.456,48.729],[10.461,48.73],[10.465,48.728],[10.465,48.724],[10.462,48.725],[10.462,48.722],[10.468,48.721],[10.466,48.72],[10.468,48.719],[10.468,48.717],[10.474,48.712],[10.482,48.713],[10.483,48.708],[10.482,48.707],[10.483,48.705],[10.482,48.705],[10.48,48.706],[10.479,48.705],[10.475,48.706],[10.471,48.705],[10.472,48.703],[10.48,48.7],[10.479,48.695],[10.487,48.697],[10.486,48.692],[10.496,48.688],[10.492,48.686],[10.491,48.687],[10.489,48.686],[10.486,48.687],[10.482,48.687],[10.481,48.681],[10.465,48.67],[10.454,48.671],[10.453,48.67],[10.454,48.668],[10.452,48.668],[10.449,48.665],[10.442,48.667],[10.441,48.665],[10.433,48.664],[10.433,48.661],[10.429,48.662],[10.428,48.664],[10.424,48.663],[10.419,48.664],[10.411,48.661],[10.41,48.664],[10.408,48.664],[10.407,48.666],[10.409,48.668],[10.416,48.669],[10.415,48.671],[10.419,48.673],[10.422,48.671],[10.426,48.673],[10.427,48.675],[10.423,48.675],[10.423,48.679],[10.425,48.679],[10.419,48.682],[10.423,48.684],[10.423,48.691],[10.427,48.692],[10.427,48.687],[10.43,48.686],[10.435,48.688],[10.434,48.691],[10.437,48.691],[10.437,48.693],[10.432,48.7],[10.426,48.695],[10.423,48.697],[10.42,48.695],[10.414,48.699],[10.409,48.699],[10.406,48.696],[10.408,48.694],[10.402,48.694],[10.399,48.69],[10.393,48.689],[10.393,48.678],[10.39,48.677],[10.391,48.675],[10.387,48.674],[10.387,48.673],[10.389,48.673],[10.389,48.667],[10.38,48.668],[10.374,48.663],[10.368,48.664],[10.367,48.662],[10.366,48.657],[10.362,48.655],[10.361,48.653],[10.351,48.655],[10.353,48.658],[10.348,48.66],[10.349,48.663],[10.348,48.663],[10.347,48.666],[10.352,48.666],[10.348,48.673],[10.346,48.674],[10.348,48.676],[10.347,48.679],[10.337,48.688],[10.339,48.688],[10.337,48.689],[10.327,48.691],[10.321,48.687],[10.317,48.689],[10.319,48.687],[10.318,48.683],[10.308,48.688],[10.304,48.686],[10.301,48.688],[10.304,48.688],[10.301,48.69],[10.292,48.692],[10.283,48.701],[10.269,48.703],[10.269,48.699],[10.273,48.686],[10.265,48.683],[10.269,48.68],[10.256,48.681],[10.255,48.678],[10.265,48.672],[10.255,48.666],[10.254,48.664],[10.256,48.663],[10.267,48.659],[10.262,48.658],[10.262,48.656],[10.259,48.655],[10.27,48.652],[10.268,48.647],[10.272,48.647],[10.272,48.649],[10.274,48.645],[10.28,48.647],[10.28,48.642],[10.285,48.638],[10.284,48.637],[10.296,48.634],[10.297,48.626],[10.3,48.625],[10.298,48.624],[10.323,48.609],[10.319,48.608],[10.318,48.606],[10.321,48.605],[10.32,48.604],[10.307,48.605],[10.307,48.602],[10.305,48.602],[10.305,48.604],[10.302,48.605],[10.297,48.604],[10.298,48.6],[10.296,48.6],[10.295,48.593],[10.293,48.59],[10.305,48.584],[10.309,48.579],[10.31,48.577],[10.309,48.576],[10.311,48.573],[10.31,48.572],[10.313,48.567],[10.313,48.556],[10.314,48.556],[10.308,48.551],[10.305,48.551],[10.302,48.547],[10.305,48.545],[10.301,48.545],[10.304,48.538],[10.302,48.537],[10.303,48.53],[10.312,48.53],[10.315,48.526],[10.309,48.526],[10.312,48.523],[10.296,48.517],[10.287,48.516],[10.286,48.518],[10.273,48.516],[10.269,48.518],[10.266,48.517],[10.265,48.52],[10.258,48.52],[10.254,48.518],[10.255,48.516],[10.253,48.514],[10.25,48.516],[10.251,48.514],[10.247,48.514],[10.248,48.511],[10.235,48.512],[10.231,48.511],[10.238,48.508],[10.232,48.508],[10.227,48.507],[10.228,48.505],[10.241,48.505],[10.242,48.5],[10.238,48.5],[10.241,48.492],[10.235,48.489],[10.218,48.489],[10.18,48.475],[10.183,48.474],[10.177,48.472],[10.185,48.473],[10.186,48.471],[10.181,48.47],[10.185,48.467],[10.175,48.469],[10.174,48.468],[10.177,48.467],[10.178,48.464],[10.173,48.463],[10.172,48.458],[10.161,48.459],[10.134,48.455],[10.132,48.457],[10.128,48.457],[10.125,48.461],[10.123,48.461],[10.121,48.467],[10.117,48.468],[10.119,48.473],[10.117,48.474],[10.117,48.475],[10.105,48.477],[10.104,48.473],[10.101,48.473],[10.101,48.471],[10.094,48.469],[10.094,48.467],[10.09,48.468],[10.09,48.466],[10.086,48.466],[10.087,48.464],[10.064,48.456],[10.06,48.456],[10.062,48.458],[10.046,48.457],[10.041,48.459],[10.039,48.458],[10.039,48.46],[10.033,48.457],[10.031,48.454],[10.036,48.451],[10.035,48.448],[10.038,48.444],[10.029,48.442],[10.028,48.437],[10.033,48.436],[10.035,48.433],[10.037,48.434],[10.037,48.436],[10.041,48.434],[10.039,48.434],[10.042,48.43],[10.032,48.426],[10.019,48.418],[10.017,48.416],[10.017,48.407],[10.015,48.404],[9.99,48.394],[9.984,48.386],[9.97,48.379],[9.971,48.377],[9.967,48.374],[9.97,48.368],[9.978,48.363],[9.984,48.363],[9.983,48.368],[9.988,48.371],[9.993,48.368],[9.993,48.364],[10.0,48.364],[9.995,48.355],[9.998,48.347],[10.002,48.346],[10.003,48.344],[10.008,48.344],[10.01,48.342],[10.009,48.34],[10.01,48.335],[10.012,48.331],[10.023,48.324],[10.03,48.312],[10.039,48.304],[10.04,48.302],[10.043,48.3],[10.043,48.294],[10.052,48.291],[10.059,48.284],[10.066,48.282],[10.067,48.275],[10.062,48.272],[10.066,48.262],[10.062,48.258],[10.069,48.254],[10.067,48.248],[10.063,48.245],[10.061,48.24],[10.065,48.239],[10.065,48.235],[10.07,48.231],[10.068,48.229],[10.069,48.223],[10.076,48.223],[10.078,48.22],[10.077,48.211],[10.078,48.209],[10.084,48.21],[10.086,48.182],[10.09,48.179],[10.09,48.17],[10.097,48.162],[10.095,48.16],[10.1,48.154],[10.099,48.154],[10.1,48.152],[10.105,48.143],[10.104,48.141],[10.108,48.136],[10.107,48.132],[10.124,48.117],[10.132,48.114],[10.136,48.111],[10.137,48.106],[10.136,48.105],[10.137,48.101],[10.14,48.099],[10.141,48.096],[10.138,48.094],[10.139,48.091],[10.138,48.087],[10.134,48.082],[10.134,48.08],[10.137,48.076],[10.144,48.074],[10.141,48.065],[10.144,48.059],[10.143,48.055],[10.14,48.054],[10.139,48.051],[10.141,48.051],[10.141,48.047],[10.137,48.045],[10.134,48.038],[10.127,48.033],[10.136,48.024],[10.134,48.018],[10.126,48.011],[10.124,48.007],[10.12,48.004],[10.121,47.998],[10.115,47.989],[10.115,47.976],[10.093,47.972],[10.088,47.968],[10.085,47.961],[10.085,47.956],[10.089,47.948],[10.097,47.943],[10.108,47.939],[10.111,47.935],[10.105,47.924],[10.109,47.919],[10.109,47.917],[10.111,47.916],[10.108,47.916],[10.11,47.911],[10.104,47.909],[10.105,47.906],[10.102,47.906],[10.102,47.897],[10.104,47.893],[10.103,47.891],[10.099,47.886],[10.095,47.885],[10.105,47.883],[10.106,47.879],[10.105,47.878],[10.098,47.877],[10.098,47.872],[10.092,47.867],[10.088,47.867],[10.083,47.87],[10.077,47.868],[10.08,47.865],[10.079,47.864],[10.082,47.861],[10.08,47.861],[10.083,47.856],[10.102,47.865],[10.105,47.865],[10.103,47.86],[10.105,47.859],[10.105,47.857],[10.102,47.856],[10.102,47.854],[10.098,47.856],[10.097,47.854],[10.1,47.853],[10.099,47.852],[10.095,47.851],[10.095,47.848],[10.092,47.846],[10.094,47.844],[10.097,47.848],[10.099,47.845],[10.104,47.852],[10.107,47.853],[10.11,47.847],[10.102,47.843],[10.103,47.842],[10.11,47.84],[10.119,47.828],[10.124,47.827],[10.126,47.823],[10.132,47.822],[10.132,47.815],[10.138,47.81],[10.132,47.81],[10.132,47.811],[10.128,47.813],[10.116,47.811],[10.109,47.806],[10.115,47.806],[10.116,47.803],[10.119,47.804],[10.117,47.801],[10.111,47.802],[10.102,47.8],[10.096,47.805],[10.094,47.802],[10.092,47.804],[10.09,47.804],[10.092,47.801],[10.085,47.795],[10.074,47.792],[10.075,47.79],[10.065,47.786],[10.069,47.785],[10.067,47.784],[10.067,47.782],[10.077,47.78],[10.08,47.781],[10.085,47.777],[10.082,47.771],[10.119,47.76],[10.116,47.758],[10.116,47.756],[10.114,47.754],[10.118,47.751],[10.114,47.741],[10.115,47.737],[10.119,47.733],[10.116,47.719],[10.123,47.712],[10.139,47.703],[10.139,47.698],[10.128,47.691],[10.133,47.685],[10.13,47.682],[10.129,47.676],[10.113,47.669],[10.113,47.667],[10.111,47.666],[10.1,47.668],[10.088,47.674],[10.094,47.67],[10.093,47.663],[10.088,47.663],[10.09,47.66],[10.081,47.655],[10.083,47.65],[10.08,47.648],[10.081,47.647],[10.076,47.642],[10.079,47.641],[10.077,47.639],[10.074,47.64],[10.072,47.643],[10.075,47.649],[10.072,47.65],[10.075,47.658],[10.068,47.664],[10.064,47.675],[10.059,47.681],[10.051,47.68],[10.051,47.681],[10.048,47.681],[10.046,47.678],[10.047,47.676],[10.042,47.675],[10.043,47.678],[10.04,47.677],[10.039,47.678],[10.03,47.675],[10.029,47.676],[10.03,47.678],[10.028,47.678],[10.031,47.683],[10.029,47.687],[10.002,47.682],[9.996,47.677],[9.99,47.675],[9.981,47.667],[9.976,47.665],[9.975,47.664],[9.978,47.662],[9.975,47.657],[9.971,47.654],[9.962,47.654],[9.96,47.652],[9.952,47.656],[9.945,47.655],[9.941,47.658],[9.934,47.654],[9.931,47.654],[9.916,47.661],[9.893,47.663],[9.886,47.666],[9.885,47.669],[9.881,47.671],[9.88,47.674],[9.877,47.673],[9.875,47.675],[9.869,47.675],[9.861,47.678],[9.857,47.678],[9.853,47.676],[9.851,47.679],[9.85,47.676],[9.842,47.678],[9.84,47.677],[9.842,47.675],[9.838,47.675],[9.838,47.669],[9.834,47.673],[9.831,47.671],[9.832,47.666],[9.828,47.661],[9.83,47.66],[9.829,47.658],[9.819,47.654],[9.816,47.65],[9.808,47.651],[9.802,47.651],[9.796,47.648],[9.8,47.645],[9.795,47.636],[9.785,47.631],[9.778,47.63],[9.778,47.629],[9.775,47.625],[9.764,47.618],[9.755,47.614],[9.753,47.612],[9.756,47.61],[9.748,47.604],[9.74,47.605],[9.74,47.606],[9.744,47.608],[9.743,47.61],[9.747,47.613],[9.747,47.617],[9.746,47.617],[9.738,47.612],[9.734,47.617],[9.727,47.607],[9.72,47.608],[9.715,47.606],[9.712,47.607],[9.71,47.603],[9.706,47.602],[9.695,47.605],[9.692,47.61],[9.684,47.605],[9.678,47.605],[9.677,47.608],[9.671,47.611],[9.658,47.612],[9.653,47.608],[9.654,47.606],[9.642,47.604],[9.637,47.605],[9.635,47.603],[9.64,47.601],[9.643,47.593],[9.645,47.592],[9.643,47.59],[9.633,47.594],[9.626,47.593],[9.62,47.588],[9.62,47.583],[9.614,47.581],[9.611,47.584],[9.608,47.583],[9.606,47.586],[9.602,47.584],[9.607,47.576],[9.607,47.574],[9.61,47.572],[9.618,47.569],[9.62,47.57],[9.628,47.571],[9.631,47.569],[9.629,47.566],[9.639,47.567],[9.642,47.565],[9.644,47.561],[9.652,47.557],[9.68,47.557],[9.683,47.552],[9.681,47.548],[9.676,47.545],[9.681,47.542],[9.684,47.544],[9.687,47.544],[9.692,47.55],[9.701,47.551],[9.704,47.549],[9.712,47.551],[9.721,47.546],[9.729,47.535],[9.731,47.535],[9.731,47.535],[9.562,47.505],[9.561,47.502],[9.56,47.521],[9.562,47.54],[9.524,47.545],[9.48,47.567],[9.439,47.59],[9.384,47.613],[9.336,47.631],[9.276,47.656],[9.186,47.658],[9.181,47.657],[9.182,47.656],[9.176,47.654],[9.175,47.656],[9.171,47.655],[9.16,47.662],[9.158,47.666],[9.148,47.668],[9.139,47.664],[9.124,47.668],[9.098,47.679],[9.071,47.68],[9.032,47.687],[9.014,47.686],[8.944,47.657],[8.899,47.648],[8.883,47.654],[8.875,47.654],[8.876,47.661],[8.873,47.67],[8.861,47.68],[8.851,47.681],[8.851,47.686],[8.856,47.689],[8.858,47.692],[8.855,47.694],[8.851,47.695],[8.851,47.697],[8.855,47.697],[8.858,47.699],[8.86,47.698],[8.861,47.696],[8.863,47.699],[8.866,47.697],[8.863,47.693],[8.874,47.694],[8.876,47.697],[8.87,47.702],[8.873,47.704],[8.867,47.706],[8.848,47.703],[8.846,47.711],[8.843,47.712],[8.834,47.715],[8.83,47.712],[8.825,47.711],[8.819,47.713],[8.826,47.718],[8.825,47.719],[8.819,47.718],[8.813,47.724],[8.805,47.724],[8.812,47.73],[8.808,47.731],[8.806,47.738],[8.796,47.735],[8.799,47.727],[8.792,47.729],[8.787,47.726],[8.785,47.727],[8.781,47.722],[8.776,47.723],[8.777,47.721],[8.77,47.718],[8.77,47.715],[8.773,47.713],[8.769,47.707],[8.792,47.705],[8.798,47.703],[8.798,47.697],[8.806,47.697],[8.81,47.693],[8.806,47.692],[8.8,47.692],[8.798,47.69],[8.793,47.68],[8.796,47.675],[8.785,47.677],[8.774,47.681],[8.768,47.686],[8.756,47.69],[8.728,47.693],[8.726,47.697],[8.732,47.712],[8.736,47.716],[8.733,47.718],[8.725,47.72],[8.725,47.721],[8.718,47.722],[8.711,47.73],[8.714,47.739],[8.72,47.741],[8.723,47.745],[8.74,47.746],[8.741,47.748],[8.74,47.753],[8.729,47.758],[8.731,47.76],[8.727,47.762],[8.714,47.765],[8.71,47.763],[8.707,47.764],[8.699,47.76],[8.695,47.756],[8.689,47.758],[8.684,47.771],[8.688,47.774],[8.683,47.777],[8.682,47.784],[8.68,47.785],[8.681,47.787],[8.676,47.786],[8.668,47.788],[8.662,47.792],[8.658,47.792],[8.66,47.796],[8.657,47.8],[8.649,47.798],[8.646,47.79],[8.645,47.787],[8.649,47.784],[8.65,47.781],[8.648,47.774],[8.653,47.773],[8.645,47.769],[8.648,47.767],[8.645,47.764],[8.642,47.765],[8.632,47.758],[8.628,47.759],[8.625,47.764],[8.619,47.768],[8.623,47.777],[8.619,47.778],[8.615,47.784],[8.616,47.787],[8.62,47.789],[8.622,47.795],[8.618,47.796],[8.619,47.798],[8.611,47.802],[8.601,47.803],[8.593,47.799],[8.588,47.803],[8.575,47.8],[8.573,47.806],[8.568,47.809],[8.563,47.805],[8.562,47.793],[8.575,47.79],[8.574,47.787],[8.577,47.782],[8.562,47.778],[8.563,47.781],[8.553,47.785],[8.533,47.778],[8.527,47.778],[8.522,47.774],[8.52,47.77],[8.51,47.776],[8.509,47.774],[8.502,47.774],[8.496,47.771],[8.489,47.773],[8.474,47.764],[8.467,47.754],[8.457,47.749],[8.456,47.743],[8.45,47.739],[8.453,47.73],[8.457,47.73],[8.455,47.727],[8.455,47.722],[8.445,47.723],[8.44,47.72],[8.442,47.718],[8.437,47.718],[8.426,47.711],[8.417,47.71],[8.404,47.698],[8.406,47.696],[8.412,47.694],[8.421,47.684],[8.416,47.68],[8.409,47.679],[8.406,47.675],[8.412,47.666],[8.424,47.667],[8.433,47.661],[8.437,47.657],[8.445,47.654],[8.454,47.655],[8.457,47.653],[8.465,47.657],[8.467,47.656],[8.464,47.649],[8.466,47.643],[8.47,47.639],[8.473,47.638],[8.478,47.64],[8.472,47.641],[8.471,47.642],[8.478,47.645],[8.473,47.648],[8.474,47.65],[8.48,47.649],[8.483,47.644],[8.487,47.645],[8.49,47.642],[8.492,47.642],[8.494,47.642],[8.493,47.647],[8.513,47.648],[8.523,47.645],[8.531,47.646],[8.534,47.65],[8.529,47.655],[8.53,47.657],[8.528,47.658],[8.527,47.66],[8.533,47.663],[8.534,47.66],[8.541,47.657],[8.539,47.663],[8.54,47.665],[8.554,47.669],[8.564,47.67],[8.565,47.665],[8.571,47.665],[8.578,47.662],[8.588,47.666],[8.594,47.667],[8.598,47.673],[8.607,47.672],[8.606,47.669],[8.609,47.664],[8.623,47.657],[8.628,47.653],[8.629,47.651],[8.624,47.641],[8.617,47.638],[8.607,47.637],[8.603,47.639],[8.604,47.641],[8.611,47.642],[8.614,47.644],[8.613,47.649],[8.608,47.652],[8.604,47.651],[8.602,47.646],[8.596,47.643],[8.598,47.627],[8.605,47.616],[8.603,47.611],[8.596,47.605],[8.593,47.606],[8.591,47.602],[8.584,47.6],[8.582,47.596],[8.579,47.597],[8.575,47.595],[8.572,47.598],[8.566,47.597],[8.562,47.601],[8.566,47.605],[8.566,47.61],[8.574,47.612],[8.571,47.612],[8.569,47.617],[8.563,47.617],[8.557,47.625],[8.544,47.625],[8.543,47.627],[8.539,47.626],[8.539,47.631],[8.525,47.632],[8.521,47.634],[8.518,47.634],[8.516,47.634],[8.516,47.629],[8.513,47.626],[8.515,47.623],[8.507,47.624],[8.508,47.617],[8.494,47.614],[8.483,47.614],[8.479,47.615],[8.478,47.611],[8.475,47.608],[8.47,47.609],[8.471,47.607],[8.468,47.605],[8.469,47.604],[8.457,47.602],[8.457,47.597],[8.461,47.593],[8.46,47.589],[8.465,47.588],[8.467,47.584],[8.481,47.585],[8.489,47.588],[8.495,47.581],[8.486,47.578],[8.477,47.578],[8.466,47.572],[8.456,47.572],[8.434,47.567],[8.426,47.568],[8.399,47.577],[8.389,47.573],[8.386,47.567],[8.384,47.566],[8.35,47.571]],[[8.674,49.62],[8.672,49.616],[8.686,49.618],[8.686,49.622],[8.681,49.623],[8.678,49.622],[8.678,49.62],[8.675,49.621],[8.674,49.62]],[[9.179,47.658],[9.179,47.657],[9.18,47.657],[9.179,47.658],[9.179,47.658]]],[[[8.68,49.619],[8.68,49.62],[8.684,49.62],[8.684,49.619],[8.68,49.619]]],[[[8.674,47.698],[8.677,47.698],[8.674,47.705],[8.666,47.708],[8.665,47.713],[8.671,47.711],[8.678,47.713],[8.681,47.712],[8.68,47.711],[8.681,47.71],[8.686,47.709],[8.69,47.709],[8.69,47.712],[8.701,47.715],[8.706,47.712],[8.709,47.704],[8.712,47.701],[8.711,47.697],[8.717,47.696],[8.718,47.691],[8.708,47.69],[8.69,47.695],[8.678,47.687],[8.669,47.685],[8.663,47.686],[8.664,47.688],[8.659,47.691],[8.668,47.692],[8.668,47.693],[8.673,47.695],[8.674,47.698]]]]}},{"type":"Feature","properties":{"name":"Bayern"},"geometry":{"type":"MultiPolygon","coordinates":[[[[11.41,47.495],[11.408,47.491],[11.4,47.487],[11.396,47.483],[11.391,47.483],[11.386,47.477],[11.384,47.473],[11.392,47.467],[11.41,47.467],[11.409,47.465],[11.411,47.463],[11.413,47.456],[11.422,47.445],[11.416,47.448],[11.408,47.446],[11.402,47.449],[11.389,47.447],[11.386,47.449],[11.377,47.45],[11.372,47.446],[11.365,47.445],[11.358,47.449],[11.351,47.448],[11.339,47.45],[11.332,47.445],[11.331,47.443],[11.332,47.44],[11.33,47.439],[11.322,47.438],[11.318,47.433],[11.315,47.431],[11.3,47.431],[11.298,47.429],[11.291,47.428],[11.291,47.423],[11.294,47.42],[11.29,47.408],[11.282,47.401],[11.273,47.399],[11.263,47.4],[11.237,47.399],[11.225,47.396],[11.223,47.398],[11.225,47.402],[11.231,47.406],[11.233,47.411],[11.24,47.416],[11.241,47.42],[11.254,47.429],[11.249,47.433],[11.222,47.431],[11.207,47.434],[11.198,47.428],[11.181,47.427],[11.17,47.423],[11.158,47.422],[11.142,47.415],[11.129,47.413],[11.123,47.407],[11.122,47.404],[11.124,47.4],[11.115,47.396],[11.104,47.396],[11.101,47.395],[11.095,47.397],[11.062,47.397],[11.059,47.396],[11.054,47.397],[11.049,47.395],[11.039,47.397],[11.029,47.394],[11.024,47.398],[11.005,47.395],[10.98,47.398],[10.971,47.401],[10.97,47.406],[10.972,47.409],[10.969,47.413],[10.972,47.418],[10.981,47.419],[10.985,47.422],[10.984,47.431],[10.959,47.452],[10.93,47.471],[10.929,47.474],[10.939,47.481],[10.937,47.483],[10.91,47.486],[10.896,47.484],[10.885,47.48],[10.879,47.48],[10.872,47.482],[10.87,47.487],[10.872,47.493],[10.87,47.499],[10.872,47.501],[10.891,47.508],[10.918,47.514],[10.919,47.518],[10.916,47.52],[10.905,47.519],[10.893,47.531],[10.891,47.538],[10.867,47.536],[10.863,47.535],[10.854,47.535],[10.849,47.531],[10.84,47.528],[10.839,47.526],[10.832,47.529],[10.813,47.527],[10.812,47.525],[10.813,47.521],[10.796,47.522],[10.778,47.514],[10.777,47.516],[10.773,47.516],[10.764,47.52],[10.763,47.523],[10.765,47.526],[10.764,47.529],[10.759,47.535],[10.754,47.536],[10.751,47.538],[10.741,47.539],[10.719,47.539],[10.709,47.544],[10.695,47.545],[10.691,47.556],[10.693,47.557],[10.691,47.559],[10.678,47.557],[10.677,47.56],[10.635,47.56],[10.627,47.562],[10.627,47.564],[10.619,47.568],[10.609,47.566],[10.598,47.57],[10.596,47.566],[10.59,47.56],[10.581,47.556],[10.58,47.554],[10.583,47.551],[10.582,47.549],[10.574,47.535],[10.572,47.534],[10.564,47.535],[10.563,47.537],[10.559,47.538],[10.525,47.536],[10.489,47.541],[10.473,47.552],[10.461,47.553],[10.455,47.556],[10.439,47.524],[10.443,47.519],[10.441,47.514],[10.432,47.504],[10.438,47.492],[10.441,47.49],[10.441,47.487],[10.443,47.485],[10.446,47.485],[10.452,47.486],[10.458,47.483],[10.464,47.483],[10.464,47.481],[10.468,47.478],[10.467,47.474],[10.47,47.469],[10.466,47.465],[10.469,47.459],[10.466,47.453],[10.471,47.449],[10.471,47.445],[10.473,47.444],[10.472,47.441],[10.476,47.433],[10.476,47.432],[10.472,47.432],[10.46,47.429],[10.457,47.424],[10.457,47.42],[10.447,47.415],[10.439,47.414],[10.437,47.412],[10.436,47.409],[10.438,47.407],[10.432,47.403],[10.435,47.401],[10.431,47.397],[10.43,47.392],[10.437,47.381],[10.431,47.385],[10.42,47.385],[10.417,47.381],[10.414,47.379],[10.401,47.378],[10.395,47.376],[10.389,47.37],[10.389,47.368],[10.386,47.362],[10.388,47.36],[10.387,47.357],[10.381,47.353],[10.378,47.353],[10.371,47.346],[10.357,47.338],[10.357,47.334],[10.346,47.323],[10.346,47.321],[10.349,47.318],[10.347,47.316],[10.341,47.315],[10.34,47.311],[10.331,47.305],[10.325,47.304],[10.324,47.306],[10.317,47.307],[10.302,47.299],[10.296,47.3],[10.293,47.295],[10.285,47.292],[10.282,47.288],[10.266,47.289],[10.267,47.286],[10.262,47.285],[10.26,47.282],[10.249,47.28],[10.246,47.281],[10.246,47.28],[10.243,47.279],[10.239,47.273],[10.233,47.271],[10.223,47.276],[10.208,47.276],[10.201,47.278],[10.195,47.274],[10.174,47.271],[10.173,47.275],[10.175,47.276],[10.172,47.28],[10.176,47.283],[10.175,47.29],[10.178,47.291],[10.18,47.297],[10.19,47.294],[10.199,47.298],[10.211,47.307],[10.212,47.311],[10.216,47.312],[10.211,47.32],[10.2,47.327],[10.208,47.333],[10.208,47.336],[10.204,47.337],[10.217,47.351],[10.217,47.355],[10.225,47.359],[10.226,47.363],[10.229,47.364],[10.231,47.369],[10.238,47.374],[10.232,47.38],[10.237,47.382],[10.227,47.389],[10.219,47.383],[10.213,47.381],[10.209,47.384],[10.2,47.384],[10.195,47.39],[10.188,47.391],[10.182,47.393],[10.183,47.389],[10.182,47.388],[10.177,47.386],[10.17,47.386],[10.17,47.372],[10.166,47.37],[10.142,47.368],[10.12,47.376],[10.1,47.355],[10.083,47.394],[10.087,47.4],[10.082,47.402],[10.08,47.405],[10.073,47.407],[10.069,47.411],[10.072,47.412],[10.075,47.415],[10.086,47.415],[10.094,47.417],[10.096,47.419],[10.096,47.423],[10.106,47.429],[10.094,47.441],[10.093,47.448],[10.095,47.45],[10.092,47.46],[10.09,47.461],[10.088,47.459],[10.085,47.46],[10.081,47.456],[10.07,47.457],[10.069,47.462],[10.065,47.464],[10.054,47.468],[10.052,47.472],[10.055,47.475],[10.054,47.477],[10.046,47.486],[10.047,47.487],[10.045,47.488],[10.038,47.49],[10.023,47.485],[10.017,47.485],[10.011,47.482],[10.001,47.483],[9.995,47.487],[9.988,47.499],[9.996,47.503],[9.99,47.506],[9.985,47.512],[9.982,47.511],[9.966,47.522],[9.965,47.524],[9.968,47.525],[9.969,47.529],[9.967,47.531],[9.966,47.531],[9.965,47.539],[9.967,47.539],[9.967,47.542],[9.971,47.544],[9.971,47.546],[9.968,47.547],[9.963,47.543],[9.959,47.544],[9.961,47.542],[9.96,47.539],[9.964,47.535],[9.941,47.539],[9.934,47.533],[9.922,47.53],[9.914,47.533],[9.907,47.543],[9.9,47.545],[9.889,47.545],[9.882,47.549],[9.875,47.544],[9.878,47.542],[9.878,47.539],[9.874,47.534],[9.876,47.533],[9.875,47.529],[9.869,47.533],[9.859,47.535],[9.854,47.54],[9.85,47.543],[9.845,47.542],[9.83,47.545],[9.828,47.547],[9.816,47.548],[9.815,47.55],[9.817,47.554],[9.826,47.56],[9.826,47.563],[9.821,47.572],[9.826,47.574],[9.828,47.581],[9.825,47.582],[9.824,47.588],[9.818,47.59],[9.815,47.589],[9.803,47.597],[9.792,47.594],[9.777,47.596],[9.77,47.588],[9.766,47.59],[9.766,47.586],[9.764,47.587],[9.761,47.584],[9.762,47.582],[9.757,47.58],[9.757,47.573],[9.748,47.571],[9.752,47.568],[9.748,47.565],[9.747,47.561],[9.744,47.559],[9.747,47.556],[9.742,47.556],[9.741,47.552],[9.736,47.547],[9.737,47.536],[9.734,47.534],[9.729,47.535],[9.721,47.546],[9.713,47.551],[9.704,47.549],[9.701,47.551],[9.692,47.55],[9.687,47.544],[9.684,47.544],[9.681,47.542],[9.676,47.545],[9.681,47.548],[9.683,47.552],[9.679,47.557],[9.652,47.557],[9.644,47.561],[9.642,47.565],[9.639,47.567],[9.629,47.566],[9.631,47.569],[9.628,47.571],[9.62,47.57],[9.618,47.569],[9.607,47.573],[9.607,47.576],[9.602,47.584],[9.606,47.586],[9.608,47.583],[9.611,47.584],[9.614,47.581],[9.62,47.583],[9.62,47.588],[9.626,47.593],[9.633,47.594],[9.643,47.59],[9.645,47.592],[9.643,47.593],[9.64,47.601],[9.635,47.603],[9.637,47.605],[9.642,47.604],[9.654,47.606],[9.653,47.608],[9.658,47.612],[9.671,47.611],[9.677,47.608],[9.678,47.605],[9.684,47.605],[9.692,47.61],[9.695,47.605],[9.706,47.602],[9.71,47.603],[9.712,47.607],[9.715,47.606],[9.72,47.608],[9.727,47.607],[9.734,47.617],[9.738,47.612],[9.746,47.617],[9.747,47.617],[9.747,47.613],[9.743,47.61],[9.744,47.608],[9.74,47.606],[9.74,47.605],[9.748,47.604],[9.756,47.61],[9.753,47.612],[9.755,47.614],[9.764,47.618],[9.775,47.625],[9.778,47.629],[9.778,47.63],[9.785,47.631],[9.795,47.636],[9.8,47.645],[9.796,47.648],[9.802,47.651],[9.808,47.651],[9.816,47.65],[9.819,47.654],[9.829,47.658],[9.83,47.66],[9.828,47.661],[9.832,47.666],[9.831,47.671],[9.834,47.673],[9.838,47.669],[9.838,47.675],[9.842,47.675],[9.84,47.677],[9.842,47.678],[9.85,47.676],[9.851,47.679],[9.853,47.676],[9.857,47.678],[9.861,47.678],[9.869,47.675],[9.875,47.675],[9.877,47.673],[9.88,47.674],[9.881,47.671],[9.885,47.669],[9.886,47.666],[9.893,47.663],[9.916,47.661],[9.931,47.654],[9.934,47.654],[9.941,47.658],[9.945,47.655],[9.952,47.656],[9.96,47.652],[9.962,47.654],[9.971,47.654],[9.975,47.657],[9.978,47.662],[9.975,47.664],[9.976,47.665],[9.981,47.667],[9.99,47.675],[9.996,47.677],[10.002,47.682],[10.029,47.687],[10.031,47.683],[10.028,47.678],[10.03,47.678],[10.029,47.676],[10.03,47.675],[10.039,47.678],[10.04,47.677],[10.043,47.678],[10.042,47.675],[10.047,47.676],[10.046,47.678],[10.048,47.681],[10.051,47.681],[10.051,47.68],[10.059,47.681],[10.064,47.675],[10.068,47.664],[10.075,47.658],[10.072,47.65],[10.075,47.649],[10.072,47.643],[10.074,47.64],[10.077,47.639],[10.079,47.641],[10.076,47.642],[10.081,47.647],[10.08,47.648],[10.083,47.65],[10.081,47.655],[10.09,47.66],[10.088,47.663],[10.093,47.663],[10.094,47.67],[10.088,47.674],[10.1,47.668],[10.111,47.666],[10.113,47.667],[10.113,47.669],[10.13,47.677],[10.13,47.682],[10.133,47.685],[10.128,47.691],[10.139,47.698],[10.139,47.703],[10.123,47.712],[10.116,47.719],[10.119,47.733],[10.115,47.737],[10.114,47.741],[10.118,47.751],[10.114,47.754],[10.116,47.756],[10.116,47.758],[10.119,47.76],[10.082,47.771],[10.085,47.777],[10.08,47.781],[10.077,47.78],[10.067,47.782],[10.067,47.784],[10.069,47.785],[10.065,47.786],[10.075,47.79],[10.074,47.792],[10.085,47.795],[10.092,47.801],[10.09,47.804],[10.092,47.804],[10.094,47.802],[10.096,47.805],[10.102,47.8],[10.111,47.802],[10.117,47.801],[10.119,47.804],[10.116,47.803],[10.115,47.806],[10.109,47.806],[10.116,47.811],[10.128,47.813],[10.132,47.811],[10.132,47.81],[10.138,47.81],[10.132,47.815],[10.132,47.822],[10.126,47.823],[10.124,47.827],[10.119,47.828],[10.11,47.84],[10.103,47.842],[10.102,47.843],[10.11,47.847],[10.107,47.853],[10.104,47.852],[10.099,47.845],[10.097,47.848],[10.094,47.844],[10.092,47.846],[10.095,47.848],[10.095,47.851],[10.099,47.852],[10.1,47.853],[10.097,47.854],[10.098,47.856],[10.102,47.854],[10.102,47.856],[10.105,47.857],[10.105,47.859],[10.103,47.86],[10.105,47.865],[10.102,47.865],[10.083,47.856],[10.08,47.861],[10.082,47.861],[10.079,47.864],[10.08,47.865],[10.077,47.868],[10.083,47.87],[10.088,47.867],[10.092,47.867],[10.098,47.872],[10.098,47.877],[10.105,47.878],[10.106,47.879],[10.105,47.883],[10.095,47.885],[10.099,47.886],[10.103,47.891],[10.104,47.893],[10.102,47.897],[10.102,47.906],[10.105,47.906],[10.104,47.909],[10.11,47.911],[10.108,47.916],[10.111,47.916],[10.109,47.917],[10.109,47.919],[10.105,47.924],[10.111,47.935],[10.108,47.939],[10.097,47.943],[10.089,47.948],[10.085,47.956],[10.085,47.961],[10.088,47.968],[10.093,47.972],[10.115,47.976],[10.115,47.989],[10.121,47.998],[10.12,48.004],[10.124,48.007],[10.126,48.011],[10.134,48.018],[10.136,48.024],[10.127,48.033],[10.134,48.038],[10.137,48.045],[10.141,48.047],[10.141,48.051],[10.139,48.051],[10.14,48.054],[10.143,48.055],[10.144,48.059],[10.141,48.065],[10.144,48.074],[10.137,48.076],[10.134,48.08],[10.134,48.082],[10.138,48.087],[10.139,48.091],[10.138,48.094],[10.141,48.096],[10.14,48.099],[10.137,48.101],[10.136,48.105],[10.137,48.106],[10.136,48.111],[10.132,48.114],[10.124,48.117],[10.107,48.132],[10.108,48.136],[10.104,48.141],[10.105,48.143],[10.1,48.152],[10.099,48.154],[10.1,48.154],[10.095,48.16],[10.097,48.162],[10.09,48.17],[10.09,48.179],[10.086,48.182],[10.084,48.21],[10.078,48.209],[10.077,48.211],[10.078,48.22],[10.076,48.223],[10.069,48.223],[10.068,48.229],[10.07,48.231],[10.065,48.235],[10.065,48.239],[10.061,48.24],[10.063,48.245],[10.067,48.248],[10.069,48.254],[10.062,48.258],[10.066,48.262],[10.062,48.272],[10.067,48.275],[10.066,48.282],[10.059,48.284],[10.052,48.291],[10.043,48.294],[10.043,48.3],[10.04,48.302],[10.039,48.304],[10.03,48.312],[10.023,48.324],[10.012,48.331],[10.01,48.335],[10.009,48.34],[10.01,48.342],[10.008,48.344],[10.003,48.344],[10.002,48.346],[9.998,48.347],[9.995,48.355],[10.0,48.364],[9.993,48.364],[9.993,48.368],[9.988,48.371],[9.983,48.368],[9.984,48.363],[9.978,48.363],[9.97,48.368],[9.967,48.374],[9.971,48.377],[9.97,48.379],[9.984,48.386],[9.99,48.394],[10.015,48.404],[10.017,48.407],[10.017,48.416],[10.019,48.418],[10.032,48.426],[10.042,48.43],[10.039,48.434],[10.041,48.434],[10.037,48.436],[10.037,48.434],[10.035,48.433],[10.033,48.436],[10.028,48.437],[10.029,48.442],[10.038,48.444],[10.035,48.448],[10.036,48.451],[10.031,48.454],[10.033,48.457],[10.039,48.46],[10.039,48.458],[10.041,48.459],[10.046,48.457],[10.062,48.458],[10.06,48.456],[10.064,48.456],[10.087,48.464],[10.086,48.466],[10.09,48.466],[10.09,48.468],[10.094,48.467],[10.094,48.469],[10.101,48.471],[10.101,48.473],[10.104,48.473],[10.105,48.477],[10.117,48.475],[10.117,48.474],[10.119,48.473],[10.117,48.468],[10.121,48.467],[10.123,48.461],[10.125,48.461],[10.128,48.457],[10.132,48.457],[10.134,48.455],[10.161,48.459],[10.172,48.458],[10.173,48.463],[10.178,48.464],[10.177,48.467],[10.174,48.468],[10.175,48.469],[10.185,48.467],[10.181,48.47],[10.186,48.471],[10.185,48.473],[10.177,48.472],[10.183,48.474],[10.18,48.475],[10.218,48.489],[10.235,48.489],[10.241,48.492],[10.238,48.5],[10.242,48.5],[10.241,48.505],[10.228,48.505],[10.227,48.507],[10.232,48.508],[10.238,48.508],[10.231,48.511],[10.235,48.512],[10.248,48.511],[10.247,48.514],[10.251,48.514],[10.25,48.516],[10.253,48.514],[10.255,48.516],[10.254,48.518],[10.258,48.52],[10.265,48.52],[10.266,48.517],[10.269,48.518],[10.273,48.516],[10.286,48.518],[10.287,48.516],[10.296,48.517],[10.312,48.523],[10.309,48.526],[10.315,48.526],[10.312,48.53],[10.303,48.53],[10.302,48.537],[10.304,48.538],[10.301,48.545],[10.305,48.545],[10.302,48.547],[10.305,48.551],[10.308,48.551],[10.314,48.556],[10.313,48.556],[10.313,48.567],[10.31,48.572],[10.311,48.573],[10.309,48.576],[10.31,48.577],[10.309,48.579],[10.305,48.584],[10.293,48.59],[10.295,48.593],[10.296,48.6],[10.298,48.6],[10.297,48.604],[10.302,48.605],[10.305,48.604],[10.305,48.602],[10.307,48.602],[10.307,48.605],[10.32,48.604],[10.321,48.605],[10.318,48.606],[10.319,48.608],[10.323,48.609],[10.298,48.624],[10.3,48.625],[10.297,48.626],[10.296,48.634],[10.284,48.637],[10.285,48.638],[10.28,48.642],[10.28,48.647],[10.274,48.645],[10.272,48.649],[10.272,48.647],[10.268,48.647],[10.27,48.652],[10.259,48.655],[10.262,48.656],[10.262,48.658],[10.267,48.659],[10.256,48.663],[10.254,48.664],[10.255,48.666],[10.265,48.672],[10.255,48.678],[10.256,48.681],[10.269,48.68],[10.265,48.683],[10.273,48.686],[10.269,48.699],[10.269,48.703],[10.283,48.701],[10.292,48.692],[10.301,48.69],[10.304,48.688],[10.301,48.688],[10.304,48.686],[10.308,48.688],[10.318,48.683],[10.319,48.687],[10.317,48.689],[10.321,48.687],[10.327,48.691],[10.337,48.689],[10.339,48.688],[10.337,48.688],[10.347,48.679],[10.348,48.676],[10.346,48.674],[10.348,48.673],[10.352,48.666],[10.347,48.666],[10.348,48.663],[10.349,48.663],[10.348,48.66],[10.353,48.658],[10.351,48.655],[10.361,48.653],[10.362,48.655],[10.366,48.657],[10.367,48.662],[10.368,48.664],[10.374,48.663],[10.38,48.668],[10.389,48.667],[10.389,48.673],[10.387,48.673],[10.387,48.674],[10.391,48.675],[10.39,48.677],[10.393,48.678],[10.393,48.689],[10.399,48.69],[10.402,48.694],[10.408,48.694],[10.406,48.696],[10.409,48.699],[10.414,48.699],[10.42,48.695],[10.423,48.697],[10.426,48.695],[10.432,48.7],[10.437,48.693],[10.437,48.691],[10.434,48.691],[10.435,48.688],[10.43,48.686],[10.427,48.687],[10.427,48.692],[10.423,48.691],[10.423,48.684],[10.419,48.682],[10.425,48.679],[10.423,48.679],[10.423,48.675],[10.427,48.675],[10.426,48.673],[10.422,48.671],[10.419,48.673],[10.415,48.671],[10.416,48.669],[10.409,48.668],[10.407,48.666],[10.408,48.664],[10.41,48.664],[10.411,48.661],[10.419,48.664],[10.424,48.663],[10.428,48.664],[10.429,48.662],[10.433,48.661],[10.433,48.664],[10.441,48.665],[10.442,48.667],[10.449,48.665],[10.452,48.668],[10.454,48.668],[10.453,48.67],[10.454,48.671],[10.465,48.67],[10.481,48.681],[10.482,48.687],[10.486,48.687],[10.489,48.686],[10.491,48.687],[10.492,48.686],[10.495,48.687],[10.496,48.688],[10.491,48.691],[10.486,48.692],[10.487,48.697],[10.479,48.695],[10.48,48.7],[10.472,48.703],[10.471,48.705],[10.475,48.706],[10.479,48.705],[10.48,48.706],[10.482,48.705],[10.483,48.705],[10.482,48.707],[10.483,48.708],[10.482,48.713],[10.474,48.712],[10.468,48.717],[10.468,48.719],[10.466,48.72],[10.468,48.721],[10.462,48.722],[10.462,48.725],[10.465,48.724],[10.465,48.728],[10.461,48.73],[10.456,48.729],[10.465,48.735],[10.46,48.736],[10.455,48.734],[10.45,48.735],[10.448,48.728],[10.447,48.73],[10.443,48.729],[10.443,48.732],[10.441,48.733],[10.439,48.737],[10.44,48.739],[10.436,48.739],[10.436,48.738],[10.432,48.737],[10.431,48.738],[10.435,48.741],[10.424,48.745],[10.425,48.746],[10.424,48.747],[10.42,48.746],[10.416,48.748],[10.423,48.748],[10.423,48.75],[10.419,48.749],[10.417,48.751],[10.418,48.753],[10.423,48.753],[10.424,48.756],[10.428,48.756],[10.427,48.758],[10.423,48.759],[10.418,48.763],[10.419,48.765],[10.417,48.765],[10.418,48.77],[10.413,48.77],[10.413,48.772],[10.416,48.772],[10.415,48.776],[10.417,48.776],[10.42,48.776],[10.418,48.773],[10.42,48.772],[10.421,48.773],[10.423,48.772],[10.428,48.773],[10.428,48.77],[10.432,48.771],[10.429,48.774],[10.43,48.775],[10.43,48.777],[10.432,48.775],[10.434,48.776],[10.432,48.779],[10.428,48.779],[10.427,48.782],[10.429,48.782],[10.429,48.783],[10.428,48.783],[10.428,48.786],[10.43,48.788],[10.435,48.788],[10.434,48.79],[10.429,48.79],[10.428,48.792],[10.431,48.794],[10.421,48.795],[10.421,48.799],[10.425,48.801],[10.434,48.801],[10.44,48.805],[10.441,48.809],[10.449,48.812],[10.447,48.813],[10.449,48.818],[10.447,48.819],[10.449,48.821],[10.446,48.824],[10.45,48.825],[10.448,48.83],[10.449,48.83],[10.448,48.832],[10.443,48.832],[10.442,48.834],[10.43,48.837],[10.426,48.837],[10.427,48.843],[10.436,48.847],[10.453,48.852],[10.452,48.857],[10.454,48.86],[10.448,48.861],[10.448,48.863],[10.45,48.863],[10.45,48.865],[10.449,48.866],[10.452,48.868],[10.453,48.871],[10.451,48.872],[10.453,48.873],[10.447,48.877],[10.448,48.879],[10.445,48.88],[10.445,48.882],[10.448,48.881],[10.451,48.885],[10.453,48.884],[10.454,48.888],[10.452,48.888],[10.453,48.889],[10.45,48.89],[10.45,48.893],[10.445,48.894],[10.445,48.895],[10.442,48.896],[10.441,48.899],[10.438,48.9],[10.424,48.903],[10.424,48.905],[10.421,48.906],[10.425,48.906],[10.425,48.908],[10.431,48.906],[10.431,48.908],[10.444,48.909],[10.444,48.911],[10.454,48.915],[10.455,48.917],[10.457,48.917],[10.457,48.92],[10.452,48.927],[10.449,48.926],[10.445,48.93],[10.438,48.933],[10.44,48.935],[10.448,48.935],[10.447,48.936],[10.452,48.938],[10.451,48.939],[10.445,48.94],[10.446,48.943],[10.443,48.946],[10.437,48.946],[10.436,48.944],[10.431,48.946],[10.43,48.952],[10.432,48.952],[10.431,48.953],[10.424,48.959],[10.419,48.959],[10.421,48.961],[10.425,48.961],[10.424,48.964],[10.421,48.964],[10.421,48.966],[10.418,48.966],[10.419,48.969],[10.404,48.967],[10.403,48.973],[10.402,48.974],[10.404,48.976],[10.409,48.976],[10.412,48.979],[10.404,48.981],[10.401,48.986],[10.397,48.987],[10.395,48.99],[10.38,48.989],[10.379,48.99],[10.381,48.991],[10.383,48.994],[10.381,48.997],[10.382,48.999],[10.375,49.0],[10.373,49.003],[10.359,49.004],[10.352,49.006],[10.356,49.013],[10.345,49.017],[10.345,49.019],[10.35,49.023],[10.35,49.028],[10.342,49.029],[10.337,49.027],[10.336,49.03],[10.333,49.032],[10.332,49.03],[10.334,49.027],[10.332,49.026],[10.328,49.03],[10.327,49.027],[10.329,49.025],[10.32,49.026],[10.319,49.028],[10.309,49.032],[10.303,49.032],[10.301,49.04],[10.294,49.043],[10.293,49.041],[10.287,49.043],[10.285,49.042],[10.288,49.04],[10.285,49.037],[10.277,49.038],[10.274,49.041],[10.277,49.042],[10.266,49.043],[10.265,49.045],[10.262,49.044],[10.263,49.042],[10.261,49.043],[10.26,49.041],[10.256,49.042],[10.253,49.039],[10.25,49.041],[10.25,49.043],[10.256,49.045],[10.252,49.05],[10.257,49.053],[10.256,49.061],[10.258,49.062],[10.259,49.06],[10.264,49.062],[10.26,49.064],[10.258,49.07],[10.245,49.074],[10.244,49.074],[10.244,49.073],[10.242,49.072],[10.239,49.075],[10.236,49.074],[10.234,49.076],[10.238,49.077],[10.241,49.082],[10.243,49.081],[10.242,49.079],[10.247,49.08],[10.25,49.09],[10.249,49.092],[10.251,49.093],[10.246,49.092],[10.245,49.091],[10.243,49.09],[10.244,49.092],[10.235,49.091],[10.234,49.092],[10.233,49.092],[10.233,49.09],[10.229,49.09],[10.223,49.098],[10.213,49.094],[10.205,49.098],[10.209,49.098],[10.21,49.1],[10.207,49.1],[10.207,49.101],[10.212,49.102],[10.216,49.106],[10.213,49.111],[10.215,49.113],[10.227,49.111],[10.227,49.113],[10.229,49.113],[10.23,49.117],[10.225,49.119],[10.233,49.12],[10.247,49.127],[10.251,49.126],[10.253,49.13],[10.257,49.129],[10.256,49.131],[10.252,49.134],[10.255,49.138],[10.252,49.142],[10.252,49.144],[10.249,49.145],[10.248,49.149],[10.238,49.15],[10.236,49.152],[10.231,49.154],[10.232,49.156],[10.228,49.16],[10.224,49.162],[10.223,49.16],[10.219,49.16],[10.22,49.162],[10.218,49.163],[10.215,49.164],[10.213,49.163],[10.212,49.16],[10.207,49.159],[10.205,49.156],[10.197,49.156],[10.2,49.16],[10.196,49.162],[10.197,49.164],[10.193,49.168],[10.195,49.17],[10.188,49.17],[10.19,49.172],[10.189,49.174],[10.186,49.17],[10.185,49.171],[10.185,49.173],[10.183,49.172],[10.177,49.173],[10.178,49.176],[10.181,49.176],[10.181,49.182],[10.176,49.182],[10.176,49.18],[10.171,49.178],[10.166,49.179],[10.167,49.181],[10.161,49.183],[10.159,49.184],[10.16,49.185],[10.156,49.189],[10.154,49.188],[10.153,49.19],[10.157,49.193],[10.142,49.195],[10.141,49.198],[10.139,49.197],[10.135,49.201],[10.129,49.196],[10.128,49.197],[10.13,49.199],[10.125,49.2],[10.125,49.201],[10.13,49.204],[10.127,49.204],[10.127,49.209],[10.125,49.21],[10.126,49.211],[10.14,49.209],[10.139,49.216],[10.133,49.217],[10.127,49.223],[10.126,49.227],[10.128,49.228],[10.126,49.23],[10.127,49.236],[10.123,49.241],[10.125,49.243],[10.123,49.244],[10.124,49.246],[10.12,49.247],[10.132,49.251],[10.133,49.253],[10.132,49.255],[10.127,49.254],[10.126,49.256],[10.114,49.256],[10.11,49.258],[10.119,49.258],[10.116,49.259],[10.117,49.264],[10.114,49.266],[10.117,49.268],[10.12,49.267],[10.124,49.275],[10.129,49.276],[10.131,49.275],[10.127,49.275],[10.124,49.271],[10.127,49.267],[10.127,49.262],[10.128,49.261],[10.132,49.264],[10.134,49.262],[10.142,49.268],[10.147,49.269],[10.145,49.275],[10.148,49.275],[10.147,49.277],[10.15,49.279],[10.151,49.281],[10.153,49.282],[10.157,49.281],[10.154,49.285],[10.15,49.285],[10.15,49.288],[10.142,49.288],[10.141,49.289],[10.144,49.29],[10.138,49.292],[10.134,49.296],[10.132,49.3],[10.132,49.305],[10.136,49.308],[10.135,49.31],[10.145,49.316],[10.14,49.326],[10.133,49.328],[10.13,49.328],[10.131,49.326],[10.121,49.325],[10.117,49.329],[10.111,49.329],[10.108,49.332],[10.112,49.333],[10.113,49.336],[10.109,49.336],[10.109,49.338],[10.105,49.338],[10.103,49.344],[10.104,49.344],[10.104,49.347],[10.109,49.349],[10.108,49.352],[10.124,49.351],[10.123,49.356],[10.125,49.356],[10.118,49.358],[10.118,49.36],[10.113,49.36],[10.114,49.366],[10.117,49.367],[10.117,49.369],[10.107,49.379],[10.112,49.385],[10.122,49.386],[10.122,49.388],[10.145,49.384],[10.146,49.387],[10.15,49.387],[10.157,49.391],[10.161,49.39],[10.162,49.395],[10.154,49.397],[10.154,49.399],[10.146,49.402],[10.139,49.403],[10.139,49.404],[10.142,49.404],[10.152,49.401],[10.15,49.409],[10.148,49.411],[10.151,49.411],[10.152,49.412],[10.147,49.415],[10.144,49.421],[10.137,49.425],[10.138,49.429],[10.134,49.432],[10.138,49.433],[10.134,49.435],[10.134,49.437],[10.123,49.441],[10.119,49.444],[10.111,49.443],[10.113,49.439],[10.112,49.439],[10.106,49.443],[10.106,49.445],[10.095,49.448],[10.097,49.452],[10.098,49.457],[10.107,49.459],[10.108,49.46],[10.105,49.463],[10.116,49.461],[10.122,49.464],[10.118,49.468],[10.118,49.47],[10.119,49.471],[10.118,49.471],[10.118,49.473],[10.115,49.474],[10.117,49.476],[10.116,49.479],[10.111,49.478],[10.108,49.483],[10.101,49.486],[10.102,49.49],[10.1,49.492],[10.11,49.502],[10.117,49.504],[10.115,49.507],[10.121,49.507],[10.121,49.511],[10.114,49.51],[10.114,49.512],[10.108,49.511],[10.106,49.515],[10.084,49.512],[10.081,49.514],[10.083,49.514],[10.08,49.518],[10.079,49.517],[10.077,49.52],[10.081,49.521],[10.079,49.524],[10.081,49.524],[10.079,49.528],[10.088,49.529],[10.088,49.531],[10.09,49.531],[10.089,49.534],[10.09,49.534],[10.085,49.542],[10.084,49.542],[10.084,49.544],[10.076,49.543],[10.076,49.544],[10.061,49.545],[10.062,49.542],[10.057,49.541],[10.061,49.538],[10.04,49.529],[10.05,49.521],[10.055,49.521],[10.055,49.52],[10.057,49.519],[10.056,49.515],[10.052,49.514],[10.052,49.511],[10.046,49.507],[10.028,49.504],[10.027,49.498],[10.021,49.486],[10.01,49.483],[10.0,49.486],[9.992,49.486],[9.978,49.484],[9.975,49.481],[9.973,49.482],[9.976,49.485],[9.974,49.486],[9.959,49.484],[9.952,49.48],[9.927,49.485],[9.914,49.493],[9.915,49.496],[9.916,49.496],[9.916,49.499],[9.918,49.5],[9.925,49.509],[9.917,49.518],[9.918,49.522],[9.924,49.524],[9.925,49.528],[9.923,49.529],[9.926,49.53],[9.925,49.535],[9.927,49.536],[9.921,49.541],[9.923,49.542],[9.92,49.545],[9.922,49.546],[9.921,49.551],[9.924,49.549],[9.927,49.55],[9.927,49.552],[9.926,49.554],[9.921,49.553],[9.925,49.557],[9.923,49.558],[9.925,49.559],[9.925,49.561],[9.921,49.563],[9.899,49.561],[9.898,49.565],[9.906,49.577],[9.916,49.582],[9.912,49.584],[9.912,49.586],[9.908,49.587],[9.907,49.585],[9.903,49.586],[9.902,49.585],[9.899,49.588],[9.893,49.584],[9.876,49.579],[9.874,49.572],[9.869,49.571],[9.87,49.569],[9.865,49.568],[9.867,49.557],[9.865,49.554],[9.861,49.553],[9.859,49.546],[9.85,49.546],[9.843,49.548],[9.841,49.551],[9.828,49.552],[9.818,49.556],[9.818,49.559],[9.812,49.556],[9.81,49.557],[9.837,49.569],[9.836,49.57],[9.842,49.573],[9.841,49.575],[9.848,49.578],[9.847,49.58],[9.848,49.58],[9.847,49.585],[9.841,49.592],[9.843,49.593],[9.841,49.595],[9.86,49.603],[9.857,49.606],[9.859,49.606],[9.86,49.608],[9.873,49.61],[9.872,49.612],[9.868,49.611],[9.867,49.612],[9.869,49.612],[9.867,49.617],[9.867,49.621],[9.864,49.621],[9.864,49.624],[9.866,49.624],[9.861,49.632],[9.858,49.632],[9.859,49.634],[9.857,49.635],[9.857,49.637],[9.855,49.642],[9.85,49.644],[9.837,49.645],[9.835,49.646],[9.836,49.648],[9.83,49.652],[9.83,49.654],[9.833,49.655],[9.834,49.656],[9.829,49.66],[9.832,49.66],[9.828,49.661],[9.822,49.665],[9.822,49.666],[9.826,49.667],[9.823,49.673],[9.825,49.673],[9.826,49.675],[9.828,49.675],[9.829,49.679],[9.831,49.679],[9.83,49.681],[9.841,49.682],[9.841,49.683],[9.837,49.683],[9.836,49.685],[9.83,49.688],[9.836,49.692],[9.833,49.694],[9.835,49.694],[9.832,49.696],[9.834,49.697],[9.832,49.698],[9.833,49.699],[9.832,49.704],[9.828,49.706],[9.823,49.705],[9.823,49.708],[9.821,49.71],[9.809,49.714],[9.804,49.718],[9.796,49.721],[9.796,49.727],[9.8,49.73],[9.8,49.731],[9.791,49.731],[9.787,49.722],[9.779,49.722],[9.772,49.72],[9.753,49.71],[9.75,49.696],[9.745,49.694],[9.745,49.692],[9.739,49.69],[9.739,49.688],[9.728,49.689],[9.728,49.698],[9.724,49.701],[9.719,49.702],[9.713,49.714],[9.715,49.717],[9.713,49.717],[9.714,49.721],[9.712,49.723],[9.712,49.726],[9.71,49.727],[9.707,49.725],[9.704,49.725],[9.703,49.722],[9.701,49.722],[9.7,49.717],[9.696,49.719],[9.677,49.716],[9.677,49.707],[9.674,49.697],[9.676,49.693],[9.653,49.687],[9.65,49.688],[9.651,49.69],[9.648,49.691],[9.649,49.692],[9.633,49.693],[9.632,49.699],[9.63,49.702],[9.625,49.704],[9.628,49.708],[9.631,49.71],[9.633,49.717],[9.641,49.72],[9.639,49.722],[9.641,49.723],[9.628,49.732],[9.637,49.732],[9.638,49.737],[9.646,49.736],[9.647,49.739],[9.639,49.74],[9.639,49.742],[9.645,49.744],[9.646,49.747],[9.638,49.754],[9.652,49.766],[9.646,49.771],[9.644,49.779],[9.651,49.781],[9.649,49.791],[9.62,49.784],[9.608,49.783],[9.591,49.78],[9.59,49.781],[9.581,49.778],[9.576,49.779],[9.578,49.78],[9.576,49.783],[9.58,49.784],[9.562,49.781],[9.558,49.776],[9.558,49.765],[9.569,49.75],[9.567,49.746],[9.562,49.745],[9.555,49.748],[9.552,49.76],[9.546,49.766],[9.538,49.768],[9.529,49.763],[9.523,49.761],[9.514,49.764],[9.51,49.77],[9.513,49.782],[9.503,49.788],[9.479,49.787],[9.472,49.781],[9.469,49.774],[9.457,49.77],[9.445,49.774],[9.435,49.787],[9.423,49.789],[9.404,49.776],[9.397,49.774],[9.392,49.77],[9.387,49.771],[9.379,49.777],[9.373,49.779],[9.369,49.778],[9.361,49.773],[9.351,49.769],[9.316,49.768],[9.313,49.766],[9.313,49.762],[9.322,49.75],[9.323,49.744],[9.316,49.74],[9.296,49.74],[9.296,49.739],[9.3,49.738],[9.312,49.735],[9.316,49.735],[9.323,49.731],[9.342,49.734],[9.359,49.731],[9.363,49.732],[9.374,49.728],[9.367,49.726],[9.363,49.724],[9.349,49.721],[9.344,49.719],[9.344,49.717],[9.352,49.717],[9.353,49.707],[9.357,49.704],[9.372,49.704],[9.383,49.708],[9.383,49.719],[9.38,49.726],[9.387,49.728],[9.386,49.731],[9.4,49.729],[9.401,49.721],[9.408,49.721],[9.415,49.712],[9.419,49.712],[9.42,49.707],[9.418,49.706],[9.417,49.702],[9.419,49.698],[9.422,49.696],[9.419,49.694],[9.421,49.692],[9.42,49.69],[9.413,49.683],[9.406,49.68],[9.413,49.677],[9.412,49.675],[9.404,49.676],[9.398,49.672],[9.412,49.663],[9.412,49.661],[9.419,49.659],[9.416,49.654],[9.406,49.645],[9.394,49.646],[9.382,49.643],[9.368,49.655],[9.368,49.659],[9.364,49.655],[9.349,49.65],[9.344,49.644],[9.337,49.644],[9.318,49.651],[9.314,49.654],[9.304,49.655],[9.306,49.651],[9.29,49.644],[9.286,49.636],[9.278,49.638],[9.271,49.634],[9.275,49.631],[9.27,49.627],[9.274,49.625],[9.285,49.615],[9.265,49.607],[9.265,49.602],[9.26,49.599],[9.259,49.593],[9.249,49.594],[9.246,49.59],[9.249,49.588],[9.249,49.584],[9.223,49.578],[9.201,49.577],[9.194,49.574],[9.187,49.577],[9.181,49.574],[9.173,49.578],[9.165,49.575],[9.159,49.58],[9.146,49.579],[9.138,49.576],[9.118,49.574],[9.114,49.575],[9.108,49.579],[9.103,49.578],[9.097,49.585],[9.091,49.589],[9.083,49.602],[9.074,49.601],[9.066,49.602],[9.069,49.609],[9.065,49.615],[9.066,49.62],[9.08,49.63],[9.081,49.632],[9.086,49.636],[9.092,49.635],[9.102,49.642],[9.099,49.645],[9.101,49.649],[9.1,49.653],[9.103,49.66],[9.089,49.669],[9.09,49.677],[9.088,49.69],[9.09,49.693],[9.094,49.696],[9.119,49.698],[9.126,49.7],[9.128,49.703],[9.127,49.707],[9.125,49.707],[9.123,49.712],[9.123,49.715],[9.13,49.715],[9.134,49.717],[9.136,49.724],[9.141,49.73],[9.145,49.738],[9.151,49.743],[9.143,49.745],[9.145,49.748],[9.128,49.755],[9.112,49.757],[9.107,49.759],[9.111,49.767],[9.114,49.768],[9.112,49.77],[9.113,49.774],[9.127,49.776],[9.134,49.783],[9.129,49.788],[9.129,49.794],[9.132,49.795],[9.108,49.798],[9.094,49.79],[9.091,49.791],[9.09,49.796],[9.087,49.799],[9.086,49.807],[9.077,49.818],[9.082,49.824],[9.087,49.826],[9.086,49.829],[9.083,49.83],[9.083,49.833],[9.078,49.835],[9.081,49.838],[9.09,49.841],[9.085,49.847],[9.071,49.836],[9.07,49.833],[9.064,49.832],[9.058,49.833],[9.056,49.835],[9.06,49.841],[9.058,49.841],[9.054,49.839],[9.053,49.84],[9.055,49.843],[9.061,49.845],[9.059,49.847],[9.053,49.846],[9.049,49.842],[9.045,49.842],[9.043,49.844],[9.041,49.84],[9.038,49.843],[9.036,49.846],[9.041,49.847],[9.043,49.85],[9.044,49.855],[9.034,49.86],[9.033,49.867],[9.037,49.867],[9.038,49.866],[9.043,49.868],[9.048,49.866],[9.05,49.868],[9.046,49.87],[9.044,49.873],[9.038,49.876],[9.036,49.899],[9.031,49.901],[9.033,49.902],[9.031,49.904],[9.033,49.904],[9.03,49.906],[9.032,49.909],[9.023,49.91],[9.032,49.925],[9.029,49.927],[9.03,49.932],[9.026,49.939],[9.025,49.946],[9.019,49.947],[9.026,49.955],[9.019,49.978],[9.02,49.978],[9.02,49.986],[9.016,49.989],[9.017,49.994],[9.023,49.997],[9.03,49.991],[9.037,49.99],[9.046,49.99],[9.049,49.992],[9.049,49.994],[9.041,50.0],[9.035,50.002],[9.037,50.005],[9.036,50.008],[9.04,50.01],[9.031,50.02],[9.03,50.025],[9.032,50.036],[9.031,50.04],[9.025,50.043],[9.012,50.046],[8.985,50.042],[8.979,50.044],[8.976,50.049],[8.977,50.052],[8.984,50.058],[8.991,50.067],[8.993,50.066],[8.999,50.069],[8.997,50.092],[9.004,50.097],[9.014,50.109],[9.018,50.112],[9.065,50.117],[9.071,50.119],[9.077,50.116],[9.089,50.117],[9.093,50.12],[9.095,50.12],[9.098,50.126],[9.12,50.127],[9.145,50.114],[9.154,50.118],[9.154,50.115],[9.156,50.112],[9.154,50.107],[9.15,50.105],[9.143,50.097],[9.149,50.093],[9.149,50.091],[9.162,50.098],[9.159,50.1],[9.168,50.11],[9.174,50.114],[9.173,50.116],[9.175,50.12],[9.192,50.127],[9.19,50.132],[9.187,50.133],[9.183,50.138],[9.195,50.139],[9.21,50.143],[9.211,50.147],[9.219,50.147],[9.222,50.149],[9.236,50.146],[9.253,50.139],[9.266,50.139],[9.274,50.143],[9.286,50.142],[9.308,50.133],[9.315,50.136],[9.323,50.141],[9.327,50.141],[9.336,50.137],[9.342,50.131],[9.369,50.131],[9.376,50.13],[9.376,50.126],[9.383,50.119],[9.395,50.097],[9.405,50.088],[9.413,50.084],[9.424,50.086],[9.436,50.085],[9.445,50.09],[9.46,50.09],[9.478,50.095],[9.495,50.095],[9.5,50.097],[9.512,50.094],[9.514,50.097],[9.513,50.099],[9.519,50.106],[9.518,50.109],[9.519,50.114],[9.51,50.132],[9.508,50.146],[9.51,50.148],[9.522,50.15],[9.531,50.161],[9.528,50.168],[9.505,50.169],[9.498,50.175],[9.501,50.182],[9.501,50.188],[9.503,50.188],[9.503,50.19],[9.501,50.19],[9.501,50.193],[9.508,50.195],[9.513,50.194],[9.516,50.195],[9.516,50.2],[9.511,50.202],[9.507,50.207],[9.504,50.209],[9.502,50.212],[9.505,50.215],[9.503,50.22],[9.495,50.227],[9.498,50.234],[9.502,50.238],[9.499,50.24],[9.501,50.243],[9.514,50.234],[9.534,50.234],[9.537,50.232],[9.538,50.226],[9.542,50.224],[9.55,50.228],[9.576,50.232],[9.58,50.227],[9.58,50.224],[9.583,50.221],[9.594,50.225],[9.596,50.223],[9.604,50.222],[9.614,50.225],[9.615,50.225],[9.615,50.223],[9.622,50.223],[9.623,50.226],[9.62,50.227],[9.636,50.235],[9.647,50.235],[9.654,50.232],[9.664,50.234],[9.668,50.239],[9.639,50.248],[9.637,50.252],[9.643,50.255],[9.642,50.257],[9.646,50.259],[9.649,50.262],[9.648,50.265],[9.652,50.27],[9.656,50.272],[9.665,50.271],[9.682,50.279],[9.69,50.278],[9.703,50.281],[9.713,50.292],[9.721,50.292],[9.72,50.295],[9.725,50.295],[9.73,50.296],[9.73,50.298],[9.739,50.303],[9.74,50.306],[9.746,50.31],[9.748,50.314],[9.744,50.318],[9.744,50.321],[9.747,50.322],[9.749,50.325],[9.744,50.328],[9.744,50.331],[9.747,50.341],[9.74,50.35],[9.733,50.351],[9.733,50.356],[9.743,50.362],[9.746,50.366],[9.744,50.372],[9.75,50.378],[9.755,50.387],[9.754,50.391],[9.759,50.402],[9.758,50.406],[9.751,50.411],[9.751,50.414],[9.757,50.418],[9.762,50.426],[9.772,50.425],[9.78,50.418],[9.789,50.425],[9.803,50.424],[9.807,50.423],[9.811,50.419],[9.811,50.417],[9.808,50.412],[9.813,50.413],[9.823,50.406],[9.826,50.407],[9.838,50.406],[9.848,50.401],[9.847,50.399],[9.86,50.398],[9.87,50.409],[9.873,50.409],[9.877,50.403],[9.883,50.399],[9.893,50.404],[9.901,50.404],[9.91,50.409],[9.919,50.411],[9.927,50.416],[9.943,50.423],[9.958,50.423],[9.963,50.426],[9.962,50.429],[9.967,50.434],[9.973,50.437],[9.979,50.442],[9.986,50.443],[9.99,50.447],[9.994,50.451],[9.993,50.455],[9.998,50.461],[10.005,50.464],[10.018,50.467],[10.022,50.475],[10.034,50.481],[10.032,50.486],[10.036,50.487],[10.034,50.49],[10.041,50.495],[10.037,50.5],[10.042,50.509],[10.04,50.516],[10.052,50.519],[10.066,50.529],[10.072,50.528],[10.073,50.529],[10.069,50.53],[10.071,50.533],[10.07,50.535],[10.073,50.537],[10.076,50.541],[10.09,50.545],[10.094,50.548],[10.094,50.554],[10.098,50.552],[10.1,50.558],[10.107,50.564],[10.119,50.564],[10.126,50.561],[10.127,50.558],[10.123,50.558],[10.121,50.556],[10.127,50.553],[10.131,50.549],[10.14,50.543],[10.147,50.543],[10.148,50.544],[10.147,50.546],[10.149,50.549],[10.148,50.55],[10.151,50.552],[10.153,50.549],[10.16,50.55],[10.175,50.543],[10.175,50.546],[10.178,50.552],[10.193,50.555],[10.196,50.555],[10.199,50.554],[10.204,50.555],[10.204,50.546],[10.208,50.541],[10.222,50.539],[10.225,50.533],[10.225,50.53],[10.232,50.531],[10.226,50.519],[10.232,50.513],[10.231,50.512],[10.241,50.513],[10.244,50.515],[10.244,50.513],[10.251,50.511],[10.256,50.513],[10.268,50.504],[10.275,50.506],[10.292,50.496],[10.307,50.492],[10.309,50.494],[10.318,50.492],[10.331,50.494],[10.331,50.492],[10.333,50.491],[10.334,50.488],[10.333,50.487],[10.341,50.483],[10.339,50.475],[10.337,50.473],[10.336,50.466],[10.348,50.463],[10.352,50.456],[10.357,50.455],[10.36,50.449],[10.363,50.448],[10.361,50.446],[10.368,50.442],[10.366,50.441],[10.367,50.439],[10.376,50.441],[10.381,50.439],[10.373,50.437],[10.373,50.435],[10.37,50.435],[10.371,50.432],[10.379,50.432],[10.379,50.43],[10.393,50.43],[10.393,50.427],[10.403,50.426],[10.404,50.425],[10.405,50.423],[10.4,50.422],[10.401,50.419],[10.395,50.418],[10.394,50.414],[10.389,50.411],[10.39,50.41],[10.384,50.409],[10.384,50.403],[10.386,50.403],[10.388,50.398],[10.391,50.398],[10.395,50.394],[10.396,50.395],[10.395,50.397],[10.396,50.397],[10.406,50.395],[10.406,50.394],[10.414,50.395],[10.415,50.394],[10.42,50.394],[10.424,50.392],[10.438,50.395],[10.438,50.401],[10.45,50.403],[10.453,50.401],[10.456,50.396],[10.453,50.395],[10.453,50.393],[10.457,50.388],[10.46,50.388],[10.459,50.383],[10.464,50.376],[10.467,50.378],[10.473,50.373],[10.487,50.375],[10.491,50.369],[10.494,50.369],[10.496,50.367],[10.494,50.366],[10.495,50.365],[10.492,50.364],[10.493,50.362],[10.49,50.364],[10.486,50.363],[10.489,50.361],[10.492,50.355],[10.499,50.358],[10.5,50.355],[10.501,50.356],[10.503,50.353],[10.506,50.354],[10.507,50.358],[10.512,50.36],[10.513,50.354],[10.514,50.354],[10.515,50.35],[10.518,50.354],[10.524,50.355],[10.527,50.358],[10.527,50.361],[10.53,50.361],[10.529,50.363],[10.531,50.365],[10.535,50.366],[10.537,50.363],[10.544,50.364],[10.553,50.358],[10.555,50.355],[10.55,50.349],[10.552,50.344],[10.562,50.337],[10.575,50.337],[10.583,50.332],[10.589,50.334],[10.596,50.333],[10.601,50.334],[10.595,50.319],[10.592,50.317],[10.595,50.313],[10.592,50.311],[10.592,50.308],[10.593,50.307],[10.596,50.307],[10.605,50.294],[10.602,50.29],[10.598,50.289],[10.598,50.284],[10.601,50.284],[10.602,50.283],[10.593,50.278],[10.591,50.272],[10.594,50.27],[10.606,50.272],[10.607,50.271],[10.603,50.27],[10.598,50.263],[10.605,50.26],[10.606,50.253],[10.608,50.251],[10.611,50.251],[10.611,50.249],[10.604,50.246],[10.597,50.246],[10.604,50.24],[10.612,50.224],[10.638,50.223],[10.643,50.226],[10.659,50.231],[10.662,50.227],[10.658,50.224],[10.664,50.221],[10.672,50.221],[10.687,50.226],[10.686,50.222],[10.688,50.219],[10.696,50.212],[10.7,50.212],[10.703,50.211],[10.709,50.21],[10.717,50.205],[10.724,50.206],[10.731,50.213],[10.729,50.222],[10.729,50.23],[10.727,50.231],[10.728,50.237],[10.726,50.241],[10.729,50.243],[10.73,50.245],[10.726,50.248],[10.732,50.252],[10.748,50.248],[10.746,50.244],[10.75,50.242],[10.77,50.241],[10.784,50.248],[10.782,50.251],[10.793,50.25],[10.801,50.251],[10.807,50.244],[10.806,50.244],[10.808,50.242],[10.807,50.24],[10.824,50.237],[10.834,50.239],[10.836,50.239],[10.836,50.242],[10.845,50.243],[10.848,50.245],[10.852,50.252],[10.85,50.26],[10.851,50.265],[10.845,50.27],[10.846,50.275],[10.842,50.276],[10.836,50.273],[10.832,50.274],[10.826,50.278],[10.82,50.277],[10.815,50.279],[10.812,50.278],[10.811,50.28],[10.804,50.28],[10.802,50.283],[10.804,50.289],[10.803,50.292],[10.797,50.293],[10.794,50.295],[10.787,50.294],[10.775,50.295],[10.771,50.293],[10.762,50.298],[10.759,50.304],[10.752,50.307],[10.751,50.309],[10.742,50.316],[10.737,50.314],[10.727,50.319],[10.722,50.318],[10.715,50.321],[10.714,50.325],[10.716,50.328],[10.715,50.333],[10.72,50.333],[10.728,50.338],[10.727,50.341],[10.729,50.345],[10.727,50.347],[10.729,50.348],[10.72,50.35],[10.714,50.346],[10.713,50.355],[10.718,50.355],[10.715,50.364],[10.739,50.363],[10.749,50.358],[10.755,50.358],[10.761,50.362],[10.762,50.368],[10.765,50.369],[10.763,50.37],[10.766,50.372],[10.767,50.37],[10.774,50.372],[10.786,50.385],[10.79,50.382],[10.804,50.379],[10.81,50.382],[10.811,50.384],[10.817,50.386],[10.82,50.385],[10.83,50.393],[10.85,50.39],[10.851,50.388],[10.862,50.388],[10.866,50.389],[10.868,50.394],[10.873,50.397],[10.876,50.397],[10.878,50.393],[10.887,50.393],[10.885,50.389],[10.893,50.38],[10.899,50.385],[10.909,50.387],[10.912,50.385],[10.916,50.388],[10.93,50.392],[10.938,50.392],[10.95,50.383],[10.948,50.382],[10.96,50.375],[10.962,50.378],[10.963,50.376],[10.963,50.373],[10.957,50.368],[10.962,50.368],[10.982,50.352],[10.986,50.347],[10.993,50.349],[10.996,50.347],[10.999,50.352],[10.998,50.354],[10.994,50.353],[10.992,50.36],[10.993,50.365],[11.008,50.365],[11.018,50.361],[11.022,50.362],[11.024,50.361],[11.033,50.36],[11.033,50.361],[11.036,50.359],[11.032,50.355],[11.043,50.353],[11.043,50.352],[11.032,50.352],[11.037,50.345],[11.041,50.347],[11.043,50.345],[11.059,50.349],[11.064,50.349],[11.074,50.354],[11.081,50.352],[11.086,50.352],[11.082,50.354],[11.087,50.359],[11.086,50.362],[11.088,50.363],[11.088,50.365],[11.09,50.366],[11.097,50.366],[11.1,50.367],[11.115,50.367],[11.119,50.359],[11.117,50.354],[11.114,50.352],[11.117,50.349],[11.122,50.349],[11.127,50.356],[11.139,50.353],[11.136,50.35],[11.159,50.33],[11.157,50.327],[11.159,50.326],[11.158,50.324],[11.156,50.324],[11.152,50.321],[11.139,50.316],[11.135,50.314],[11.132,50.308],[11.133,50.3],[11.138,50.3],[11.14,50.295],[11.14,50.293],[11.143,50.293],[11.142,50.289],[11.146,50.285],[11.152,50.286],[11.154,50.283],[11.159,50.289],[11.165,50.282],[11.172,50.283],[11.177,50.281],[11.184,50.281],[11.179,50.275],[11.177,50.276],[11.174,50.271],[11.175,50.27],[11.187,50.27],[11.191,50.274],[11.189,50.275],[11.191,50.277],[11.19,50.278],[11.19,50.281],[11.198,50.292],[11.212,50.285],[11.216,50.284],[11.214,50.281],[11.219,50.281],[11.224,50.277],[11.236,50.275],[11.238,50.272],[11.248,50.268],[11.252,50.269],[11.254,50.272],[11.26,50.275],[11.257,50.284],[11.26,50.287],[11.258,50.288],[11.259,50.29],[11.252,50.294],[11.254,50.298],[11.252,50.299],[11.261,50.3],[11.27,50.307],[11.267,50.31],[11.267,50.312],[11.264,50.313],[11.261,50.319],[11.256,50.323],[11.262,50.325],[11.261,50.329],[11.262,50.336],[11.261,50.338],[11.277,50.336],[11.266,50.352],[11.263,50.351],[11.262,50.352],[11.277,50.355],[11.284,50.36],[11.279,50.368],[11.281,50.371],[11.278,50.373],[11.276,50.381],[11.272,50.385],[11.264,50.387],[11.265,50.391],[11.271,50.394],[11.258,50.4],[11.261,50.403],[11.261,50.406],[11.269,50.419],[11.267,50.423],[11.268,50.432],[11.263,50.443],[11.247,50.449],[11.247,50.451],[11.255,50.456],[11.252,50.463],[11.245,50.471],[11.247,50.477],[11.252,50.481],[11.257,50.482],[11.266,50.479],[11.272,50.483],[11.279,50.481],[11.278,50.483],[11.289,50.486],[11.291,50.48],[11.289,50.476],[11.291,50.475],[11.293,50.479],[11.297,50.481],[11.296,50.482],[11.302,50.485],[11.303,50.487],[11.3,50.487],[11.301,50.488],[11.319,50.489],[11.323,50.491],[11.325,50.498],[11.323,50.5],[11.321,50.509],[11.325,50.51],[11.336,50.51],[11.347,50.512],[11.346,50.516],[11.343,50.519],[11.344,50.521],[11.347,50.522],[11.348,50.52],[11.358,50.52],[11.37,50.523],[11.379,50.521],[11.388,50.516],[11.393,50.521],[11.396,50.518],[11.405,50.516],[11.424,50.516],[11.429,50.512],[11.435,50.504],[11.441,50.5],[11.436,50.492],[11.428,50.492],[11.419,50.495],[11.419,50.493],[11.421,50.489],[11.422,50.489],[11.421,50.486],[11.427,50.484],[11.418,50.482],[11.421,50.474],[11.415,50.468],[11.424,50.462],[11.419,50.454],[11.419,50.448],[11.421,50.443],[11.429,50.44],[11.441,50.439],[11.451,50.431],[11.445,50.425],[11.443,50.421],[11.446,50.424],[11.46,50.429],[11.463,50.432],[11.475,50.432],[11.475,50.434],[11.482,50.432],[11.483,50.43],[11.481,50.425],[11.488,50.416],[11.486,50.411],[11.479,50.407],[11.479,50.401],[11.49,50.397],[11.496,50.4],[11.503,50.4],[11.506,50.397],[11.519,50.396],[11.519,50.389],[11.521,50.381],[11.52,50.374],[11.527,50.376],[11.534,50.381],[11.546,50.384],[11.553,50.383],[11.56,50.384],[11.565,50.387],[11.568,50.396],[11.573,50.4],[11.581,50.399],[11.594,50.403],[11.606,50.398],[11.619,50.388],[11.625,50.387],[11.627,50.389],[11.632,50.388],[11.649,50.392],[11.674,50.394],[11.684,50.393],[11.694,50.396],[11.698,50.4],[11.708,50.404],[11.711,50.402],[11.713,50.397],[11.715,50.397],[11.718,50.4],[11.727,50.4],[11.739,50.409],[11.744,50.41],[11.746,50.408],[11.762,50.405],[11.763,50.407],[11.751,50.414],[11.756,50.416],[11.773,50.411],[11.774,50.415],[11.78,50.419],[11.787,50.415],[11.793,50.418],[11.797,50.417],[11.817,50.401],[11.825,50.404],[11.828,50.4],[11.821,50.397],[11.818,50.394],[11.819,50.391],[11.824,50.39],[11.832,50.395],[11.835,50.393],[11.836,50.395],[11.852,50.402],[11.857,50.399],[11.867,50.401],[11.868,50.405],[11.874,50.407],[11.881,50.414],[11.885,50.416],[11.906,50.417],[11.906,50.42],[11.919,50.425],[11.93,50.421],[11.935,50.424],[11.939,50.418],[11.946,50.416],[11.944,50.412],[11.954,50.407],[11.952,50.406],[11.954,50.406],[11.948,50.4],[11.949,50.395],[11.957,50.397],[11.96,50.395],[11.965,50.4],[11.969,50.397],[11.97,50.394],[11.975,50.391],[11.978,50.391],[11.981,50.388],[11.984,50.389],[11.981,50.384],[11.981,50.382],[11.979,50.38],[11.985,50.375],[11.979,50.37],[11.979,50.368],[11.984,50.367],[11.982,50.366],[11.985,50.365],[11.98,50.365],[11.98,50.364],[11.976,50.362],[11.981,50.362],[11.983,50.357],[11.976,50.352],[11.977,50.352],[11.982,50.35],[11.988,50.351],[11.997,50.354],[11.998,50.352],[11.996,50.349],[11.997,50.347],[12.008,50.346],[12.015,50.348],[12.015,50.344],[12.019,50.34],[12.022,50.339],[12.028,50.341],[12.031,50.339],[12.03,50.337],[12.032,50.33],[12.042,50.331],[12.037,50.336],[12.039,50.337],[12.046,50.33],[12.047,50.325],[12.049,50.326],[12.049,50.329],[12.046,50.331],[12.052,50.331],[12.058,50.326],[12.059,50.327],[12.056,50.332],[12.062,50.329],[12.063,50.329],[12.061,50.331],[12.064,50.333],[12.069,50.331],[12.071,50.329],[12.075,50.33],[12.076,50.328],[12.08,50.327],[12.083,50.328],[12.082,50.33],[12.085,50.331],[12.088,50.33],[12.086,50.332],[12.091,50.333],[12.092,50.332],[12.09,50.331],[12.092,50.329],[12.09,50.324],[12.094,50.325],[12.095,50.323],[12.098,50.323],[12.099,50.319],[12.105,50.315],[12.115,50.313],[12.126,50.308],[12.126,50.306],[12.12,50.299],[12.123,50.295],[12.122,50.292],[12.136,50.284],[12.136,50.281],[12.14,50.278],[12.138,50.275],[12.127,50.27],[12.121,50.269],[12.12,50.267],[12.114,50.268],[12.106,50.264],[12.098,50.262],[12.102,50.259],[12.102,50.256],[12.091,50.252],[12.092,50.25],[12.098,50.246],[12.106,50.247],[12.109,50.238],[12.127,50.233],[12.141,50.23],[12.142,50.234],[12.151,50.236],[12.151,50.233],[12.146,50.23],[12.158,50.227],[12.159,50.226],[12.156,50.224],[12.162,50.224],[12.16,50.222],[12.161,50.22],[12.163,50.22],[12.164,50.218],[12.158,50.214],[12.159,50.211],[12.165,50.214],[12.167,50.212],[12.176,50.213],[12.178,50.205],[12.186,50.204],[12.182,50.201],[12.183,50.199],[12.19,50.201],[12.192,50.199],[12.197,50.199],[12.197,50.198],[12.192,50.198],[12.189,50.196],[12.201,50.189],[12.204,50.181],[12.208,50.174],[12.207,50.169],[12.216,50.168],[12.211,50.159],[12.2,50.153],[12.2,50.151],[12.203,50.151],[12.201,50.148],[12.204,50.146],[12.2,50.146],[12.195,50.143],[12.194,50.138],[12.197,50.136],[12.197,50.123],[12.199,50.117],[12.202,50.115],[12.2,50.111],[12.201,50.108],[12.207,50.106],[12.21,50.102],[12.221,50.104],[12.229,50.102],[12.227,50.097],[12.23,50.096],[12.232,50.094],[12.247,50.097],[12.248,50.096],[12.244,50.095],[12.246,50.092],[12.248,50.093],[12.249,50.091],[12.252,50.092],[12.254,50.087],[12.259,50.083],[12.267,50.078],[12.275,50.077],[12.261,50.065],[12.26,50.061],[12.261,50.058],[12.273,50.061],[12.278,50.058],[12.279,50.055],[12.299,50.059],[12.311,50.056],[12.314,50.053],[12.317,50.053],[12.319,50.049],[12.316,50.046],[12.325,50.039],[12.325,50.033],[12.329,50.032],[12.334,50.035],[12.336,50.038],[12.339,50.04],[12.348,50.036],[12.35,50.031],[12.359,50.025],[12.36,50.025],[12.366,50.023],[12.367,50.017],[12.379,50.019],[12.378,50.017],[12.38,50.014],[12.387,50.013],[12.401,50.015],[12.403,50.013],[12.398,50.009],[12.403,50.008],[12.402,50.005],[12.414,50.005],[12.425,50.0],[12.431,50.003],[12.432,50.0],[12.435,49.999],[12.435,49.994],[12.426,49.991],[12.431,49.989],[12.431,49.984],[12.441,49.986],[12.459,49.995],[12.467,49.993],[12.47,49.991],[12.469,49.989],[12.476,49.983],[12.476,49.981],[12.49,49.982],[12.499,49.972],[12.494,49.97],[12.494,49.966],[12.491,49.962],[12.491,49.959],[12.481,49.958],[12.47,49.949],[12.47,49.945],[12.476,49.938],[12.478,49.936],[12.494,49.937],[12.493,49.933],[12.504,49.929],[12.539,49.925],[12.548,49.92],[12.551,49.909],[12.55,49.901],[12.54,49.891],[12.536,49.891],[12.522,49.882],[12.519,49.877],[12.519,49.868],[12.512,49.859],[12.498,49.857],[12.497,49.852],[12.499,49.847],[12.498,49.838],[12.483,49.842],[12.476,49.837],[12.473,49.834],[12.476,49.825],[12.475,49.819],[12.473,49.815],[12.467,49.813],[12.464,49.81],[12.47,49.803],[12.471,49.8],[12.465,49.795],[12.47,49.792],[12.474,49.792],[12.473,49.786],[12.468,49.787],[12.405,49.763],[12.402,49.759],[12.401,49.754],[12.406,49.748],[12.404,49.746],[12.406,49.739],[12.413,49.736],[12.413,49.733],[12.426,49.73],[12.429,49.721],[12.433,49.718],[12.433,49.716],[12.443,49.704],[12.453,49.701],[12.457,49.702],[12.481,49.695],[12.485,49.691],[12.485,49.688],[12.492,49.686],[12.505,49.685],[12.514,49.688],[12.522,49.687],[12.523,49.677],[12.53,49.666],[12.522,49.66],[12.523,49.656],[12.526,49.654],[12.521,49.651],[12.518,49.645],[12.52,49.642],[12.525,49.642],[12.529,49.639],[12.523,49.634],[12.524,49.628],[12.534,49.626],[12.533,49.624],[12.527,49.622],[12.528,49.618],[12.536,49.618],[12.546,49.621],[12.561,49.62],[12.557,49.614],[12.563,49.609],[12.564,49.596],[12.577,49.586],[12.571,49.57],[12.574,49.565],[12.574,49.559],[12.58,49.556],[12.582,49.552],[12.588,49.545],[12.595,49.541],[12.588,49.538],[12.615,49.528],[12.619,49.529],[12.621,49.527],[12.629,49.527],[12.631,49.531],[12.636,49.532],[12.639,49.53],[12.644,49.523],[12.642,49.516],[12.644,49.511],[12.64,49.501],[12.644,49.495],[12.644,49.485],[12.639,49.483],[12.634,49.476],[12.637,49.476],[12.642,49.47],[12.649,49.467],[12.658,49.45],[12.656,49.449],[12.658,49.44],[12.656,49.434],[12.679,49.426],[12.709,49.425],[12.714,49.42],[12.715,49.414],[12.733,49.41],[12.758,49.395],[12.761,49.383],[12.758,49.375],[12.768,49.365],[12.777,49.364],[12.781,49.36],[12.782,49.359],[12.779,49.355],[12.779,49.348],[12.786,49.345],[12.803,49.342],[12.837,49.341],[12.843,49.342],[12.843,49.345],[12.848,49.344],[12.854,49.338],[12.859,49.339],[12.877,49.332],[12.889,49.333],[12.885,49.34],[12.881,49.344],[12.88,49.35],[12.902,49.35],[12.92,49.343],[12.929,49.345],[12.939,49.342],[12.943,49.344],[12.95,49.343],[12.958,49.337],[12.964,49.337],[12.973,49.334],[12.976,49.33],[12.988,49.324],[12.991,49.32],[13.004,49.312],[13.005,49.307],[13.008,49.306],[13.029,49.304],[13.031,49.288],[13.026,49.279],[13.034,49.264],[13.043,49.265],[13.055,49.264],[13.058,49.26],[13.057,49.257],[13.06,49.251],[13.068,49.25],[13.069,49.247],[13.073,49.246],[13.081,49.247],[13.088,49.237],[13.089,49.232],[13.086,49.229],[13.094,49.225],[13.114,49.218],[13.114,49.213],[13.11,49.203],[13.117,49.199],[13.129,49.197],[13.137,49.191],[13.141,49.19],[13.149,49.182],[13.162,49.175],[13.171,49.174],[13.177,49.164],[13.17,49.144],[13.183,49.135],[13.206,49.122],[13.236,49.114],[13.276,49.12],[13.289,49.119],[13.313,49.105],[13.317,49.104],[13.324,49.1],[13.327,49.097],[13.336,49.094],[13.339,49.09],[13.345,49.089],[13.347,49.082],[13.354,49.079],[13.364,49.069],[13.37,49.068],[13.375,49.062],[13.376,49.058],[13.379,49.057],[13.384,49.057],[13.386,49.053],[13.392,49.054],[13.397,49.051],[13.397,49.045],[13.392,49.042],[13.4,49.037],[13.403,49.026],[13.406,49.024],[13.406,49.022],[13.402,49.021],[13.4,49.016],[13.402,49.011],[13.408,49.007],[13.409,49.003],[13.402,48.994],[13.403,48.987],[13.425,48.977],[13.426,48.972],[13.434,48.972],[13.443,48.966],[13.46,48.963],[13.469,48.954],[13.484,48.951],[13.484,48.948],[13.496,48.941],[13.508,48.942],[13.508,48.951],[13.506,48.961],[13.508,48.965],[13.507,48.969],[13.516,48.969],[13.529,48.974],[13.537,48.974],[13.543,48.968],[13.548,48.967],[13.557,48.967],[13.563,48.971],[13.573,48.966],[13.576,48.97],[13.58,48.971],[13.585,48.968],[13.593,48.962],[13.59,48.957],[13.591,48.953],[13.598,48.946],[13.608,48.941],[13.609,48.944],[13.614,48.945],[13.621,48.949],[13.629,48.949],[13.631,48.947],[13.624,48.942],[13.622,48.939],[13.638,48.926],[13.638,48.919],[13.64,48.916],[13.642,48.917],[13.645,48.911],[13.655,48.894],[13.66,48.895],[13.67,48.89],[13.668,48.888],[13.669,48.884],[13.672,48.88],[13.676,48.879],[13.684,48.88],[13.689,48.878],[13.703,48.882],[13.717,48.878],[13.725,48.882],[13.73,48.887],[13.738,48.886],[13.737,48.88],[13.744,48.876],[13.744,48.874],[13.751,48.867],[13.75,48.858],[13.755,48.855],[13.758,48.847],[13.766,48.837],[13.765,48.834],[13.774,48.831],[13.779,48.832],[13.793,48.83],[13.788,48.825],[13.792,48.824],[13.797,48.819],[13.798,48.817],[13.796,48.815],[13.815,48.797],[13.812,48.793],[13.81,48.785],[13.804,48.781],[13.813,48.774],[13.831,48.771],[13.84,48.771],[13.841,48.767],[13.837,48.763],[13.824,48.757],[13.822,48.755],[13.822,48.745],[13.821,48.74],[13.819,48.736],[13.82,48.733],[13.811,48.73],[13.809,48.725],[13.803,48.721],[13.803,48.718],[13.796,48.716],[13.804,48.709],[13.812,48.709],[13.814,48.706],[13.812,48.705],[13.812,48.703],[13.815,48.702],[13.818,48.702],[13.821,48.7],[13.826,48.701],[13.838,48.701],[13.834,48.693],[13.818,48.696],[13.814,48.693],[13.815,48.686],[13.814,48.684],[13.818,48.682],[13.821,48.671],[13.818,48.667],[13.819,48.66],[13.815,48.65],[13.82,48.645],[13.825,48.643],[13.822,48.639],[13.827,48.636],[13.826,48.631],[13.828,48.629],[13.824,48.626],[13.827,48.619],[13.824,48.618],[13.823,48.615],[13.82,48.614],[13.817,48.615],[13.815,48.613],[13.816,48.61],[13.811,48.609],[13.812,48.608],[13.811,48.607],[13.808,48.606],[13.81,48.602],[13.81,48.601],[13.802,48.598],[13.802,48.593],[13.808,48.591],[13.806,48.59],[13.808,48.585],[13.806,48.582],[13.807,48.581],[13.802,48.574],[13.791,48.572],[13.789,48.569],[13.782,48.566],[13.782,48.564],[13.774,48.559],[13.773,48.557],[13.774,48.556],[13.771,48.554],[13.769,48.554],[13.767,48.559],[13.761,48.566],[13.755,48.564],[13.751,48.558],[13.749,48.557],[13.75,48.555],[13.748,48.555],[13.748,48.553],[13.752,48.553],[13.756,48.552],[13.745,48.545],[13.746,48.541],[13.749,48.54],[13.75,48.539],[13.749,48.53],[13.734,48.526],[13.734,48.523],[13.732,48.522],[13.732,48.518],[13.733,48.517],[13.731,48.515],[13.728,48.514],[13.707,48.518],[13.699,48.524],[13.686,48.529],[13.665,48.535],[13.662,48.538],[13.654,48.55],[13.643,48.553],[13.626,48.555],[13.601,48.57],[13.591,48.569],[13.582,48.56],[13.57,48.562],[13.544,48.575],[13.528,48.588],[13.518,48.591],[13.51,48.591],[13.506,48.589],[13.502,48.581],[13.508,48.578],[13.505,48.573],[13.497,48.57],[13.493,48.57],[13.494,48.568],[13.49,48.563],[13.487,48.564],[13.486,48.562],[13.48,48.565],[13.475,48.563],[13.477,48.56],[13.476,48.557],[13.464,48.555],[13.457,48.559],[13.457,48.561],[13.451,48.565],[13.438,48.558],[13.438,48.555],[13.44,48.549],[13.451,48.538],[13.451,48.534],[13.446,48.53],[13.447,48.525],[13.459,48.513],[13.449,48.497],[13.447,48.492],[13.428,48.458],[13.429,48.452],[13.44,48.439],[13.44,48.431],[13.423,48.406],[13.42,48.398],[13.419,48.385],[13.413,48.376],[13.407,48.372],[13.368,48.353],[13.351,48.338],[13.33,48.324],[13.257,48.294],[13.192,48.296],[13.18,48.295],[13.128,48.279],[13.082,48.278],[13.057,48.266],[13.023,48.259],[13.013,48.253],[13.0,48.238],[12.966,48.215],[12.957,48.21],[12.947,48.207],[12.918,48.207],[12.871,48.202],[12.866,48.198],[12.861,48.186],[12.853,48.178],[12.848,48.168],[12.837,48.166],[12.835,48.159],[12.829,48.154],[12.812,48.152],[12.8,48.147],[12.798,48.145],[12.798,48.139],[12.787,48.124],[12.783,48.124],[12.775,48.128],[12.769,48.129],[12.764,48.129],[12.759,48.127],[12.76,48.12],[12.751,48.112],[12.75,48.109],[12.754,48.087],[12.76,48.076],[12.771,48.067],[12.835,48.029],[12.851,48.017],[12.858,48.008],[12.869,47.972],[12.875,47.965],[12.885,47.96],[12.911,47.958],[12.918,47.956],[12.921,47.952],[12.92,47.943],[12.923,47.94],[12.933,47.941],[12.937,47.944],[12.939,47.944],[12.941,47.933],[12.947,47.923],[12.965,47.904],[12.982,47.877],[13.002,47.855],[13.004,47.85],[13.005,47.846],[13.004,47.842],[12.985,47.829],[12.978,47.816],[12.965,47.8],[12.948,47.787],[12.94,47.785],[12.939,47.784],[12.94,47.779],[12.93,47.773],[12.928,47.77],[12.935,47.773],[12.935,47.771],[12.943,47.772],[12.945,47.765],[12.941,47.76],[12.936,47.758],[12.939,47.758],[12.936,47.748],[12.934,47.748],[12.932,47.745],[12.922,47.745],[12.919,47.743],[12.917,47.74],[12.913,47.738],[12.911,47.732],[12.905,47.728],[12.906,47.724],[12.912,47.721],[12.914,47.718],[12.924,47.714],[12.926,47.711],[12.934,47.71],[12.947,47.713],[12.956,47.708],[12.963,47.71],[12.975,47.708],[12.992,47.709],[12.996,47.714],[13.003,47.714],[13.005,47.716],[13.007,47.718],[13.005,47.719],[13.009,47.723],[13.019,47.723],[13.03,47.716],[13.034,47.717],[13.047,47.713],[13.05,47.711],[13.049,47.71],[13.056,47.704],[13.062,47.698],[13.07,47.693],[13.075,47.692],[13.082,47.688],[13.079,47.675],[13.077,47.673],[13.078,47.674],[13.079,47.668],[13.081,47.663],[13.085,47.661],[13.09,47.655],[13.089,47.65],[13.098,47.641],[13.1,47.636],[13.097,47.629],[13.081,47.62],[13.079,47.615],[13.072,47.611],[13.07,47.605],[13.063,47.602],[13.066,47.596],[13.069,47.593],[13.072,47.592],[13.073,47.589],[13.071,47.587],[13.044,47.584],[13.046,47.58],[13.042,47.577],[13.043,47.574],[13.051,47.564],[13.058,47.563],[13.056,47.56],[13.056,47.558],[13.045,47.551],[13.044,47.547],[13.038,47.543],[13.039,47.542],[13.032,47.536],[13.032,47.533],[13.038,47.528],[13.047,47.524],[13.048,47.522],[13.044,47.52],[13.044,47.517],[13.047,47.515],[13.047,47.504],[13.049,47.499],[13.047,47.495],[13.048,47.493],[13.043,47.489],[13.037,47.49],[13.033,47.487],[13.028,47.487],[13.027,47.484],[13.023,47.478],[13.02,47.478],[13.017,47.472],[13.011,47.469],[13.007,47.465],[13.002,47.465],[12.998,47.47],[12.994,47.472],[12.995,47.479],[12.99,47.478],[12.986,47.482],[12.979,47.483],[12.979,47.485],[12.976,47.486],[12.974,47.484],[12.975,47.481],[12.973,47.479],[12.973,47.475],[12.966,47.475],[12.909,47.498],[12.885,47.513],[12.886,47.519],[12.883,47.521],[12.868,47.525],[12.864,47.529],[12.858,47.528],[12.852,47.531],[12.85,47.537],[12.851,47.541],[12.848,47.547],[12.843,47.547],[12.836,47.545],[12.818,47.545],[12.808,47.549],[12.795,47.558],[12.793,47.566],[12.785,47.569],[12.781,47.575],[12.78,47.58],[12.788,47.589],[12.796,47.594],[12.792,47.598],[12.794,47.601],[12.797,47.602],[12.8,47.606],[12.803,47.606],[12.804,47.608],[12.808,47.611],[12.814,47.612],[12.824,47.61],[12.825,47.613],[12.812,47.622],[12.8,47.627],[12.8,47.628],[12.79,47.634],[12.781,47.633],[12.767,47.645],[12.766,47.648],[12.759,47.652],[12.761,47.656],[12.768,47.656],[12.779,47.661],[12.779,47.663],[12.785,47.672],[12.782,47.674],[12.773,47.666],[12.764,47.668],[12.758,47.664],[12.755,47.669],[12.747,47.675],[12.74,47.677],[12.733,47.68],[12.716,47.677],[12.706,47.682],[12.701,47.68],[12.697,47.683],[12.69,47.682],[12.679,47.683],[12.667,47.682],[12.658,47.677],[12.655,47.673],[12.649,47.671],[12.646,47.674],[12.639,47.672],[12.631,47.677],[12.617,47.673],[12.608,47.674],[12.604,47.673],[12.603,47.669],[12.598,47.667],[12.584,47.648],[12.579,47.635],[12.576,47.633],[12.537,47.637],[12.513,47.626],[12.5,47.626],[12.491,47.636],[12.492,47.638],[12.466,47.65],[12.454,47.664],[12.453,47.669],[12.446,47.671],[12.445,47.674],[12.441,47.675],[12.44,47.677],[12.441,47.678],[12.44,47.68],[12.444,47.692],[12.441,47.696],[12.433,47.695],[12.43,47.697],[12.402,47.693],[12.381,47.687],[12.364,47.684],[12.358,47.691],[12.353,47.691],[12.352,47.693],[12.339,47.691],[12.336,47.693],[12.339,47.698],[12.285,47.691],[12.278,47.688],[12.264,47.679],[12.256,47.68],[12.254,47.684],[12.246,47.688],[12.242,47.695],[12.248,47.712],[12.251,47.713],[12.266,47.733],[12.264,47.737],[12.258,47.744],[12.25,47.742],[12.227,47.719],[12.213,47.712],[12.207,47.711],[12.204,47.708],[12.197,47.709],[12.187,47.704],[12.184,47.701],[12.163,47.702],[12.169,47.681],[12.183,47.669],[12.185,47.66],[12.2,47.641],[12.204,47.623],[12.209,47.614],[12.207,47.609],[12.204,47.607],[12.186,47.605],[12.179,47.602],[12.182,47.611],[12.18,47.615],[12.164,47.614],[12.14,47.606],[12.13,47.606],[12.116,47.612],[12.083,47.61],[12.079,47.614],[12.071,47.615],[12.065,47.619],[12.061,47.619],[12.052,47.615],[12.038,47.618],[12.032,47.615],[12.029,47.612],[12.023,47.612],[12.02,47.612],[12.017,47.619],[12.013,47.622],[12.013,47.624],[12.009,47.626],[12.0,47.622],[11.982,47.619],[11.977,47.614],[11.975,47.616],[11.969,47.618],[11.934,47.613],[11.914,47.614],[11.903,47.609],[11.896,47.61],[11.864,47.602],[11.855,47.603],[11.848,47.583],[11.845,47.582],[11.83,47.583],[11.828,47.586],[11.818,47.585],[11.79,47.588],[11.782,47.592],[11.746,47.588],[11.701,47.59],[11.682,47.584],[11.673,47.586],[11.661,47.584],[11.65,47.591],[11.644,47.59],[11.642,47.594],[11.637,47.595],[11.633,47.593],[11.632,47.587],[11.632,47.585],[11.635,47.583],[11.634,47.581],[11.631,47.581],[11.624,47.585],[11.62,47.585],[11.614,47.58],[11.606,47.582],[11.6,47.567],[11.591,47.56],[11.587,47.555],[11.59,47.552],[11.586,47.546],[11.589,47.532],[11.589,47.526],[11.578,47.521],[11.573,47.515],[11.553,47.513],[11.552,47.514],[11.534,47.509],[11.519,47.512],[11.513,47.507],[11.506,47.505],[11.499,47.508],[11.49,47.508],[11.488,47.51],[11.456,47.51],[11.45,47.508],[11.448,47.511],[11.444,47.515],[11.443,47.519],[11.422,47.507],[11.421,47.504],[11.417,47.503],[11.41,47.495]],[[10.455,47.556],[10.468,47.568],[10.473,47.571],[10.471,47.58],[10.479,47.581],[10.482,47.585],[10.473,47.585],[10.473,47.587],[10.47,47.588],[10.456,47.583],[10.437,47.585],[10.433,47.582],[10.436,47.58],[10.429,47.578],[10.434,47.573],[10.432,47.573],[10.434,47.57],[10.437,47.568],[10.446,47.568],[10.451,47.556],[10.455,47.556]]]]}},{"type":"Feature","properties":{"name":"Berlin"},"geometry":{"type":"MultiPolygon","coordinates":[[[[13.5,52.614],[13.497,52.605],[13.499,52.605],[13.508,52.592],[13.522,52.593],[13.547,52.588],[13.56,52.582],[13.568,52.574],[13.576,52.574],[13.578,52.571],[13.582,52.571],[13.584,52.56],[13.588,52.555],[13.585,52.548],[13.635,52.542],[13.632,52.538],[13.627,52.538],[13.626,52.53],[13.657,52.53],[13.659,52.526],[13.644,52.519],[13.633,52.512],[13.625,52.495],[13.631,52.494],[13.615,52.481],[13.614,52.476],[13.616,52.475],[13.611,52.471],[13.615,52.47],[13.617,52.471],[13.621,52.47],[13.621,52.469],[13.626,52.468],[13.626,52.474],[13.635,52.476],[13.641,52.48],[13.648,52.479],[13.66,52.474],[13.671,52.473],[13.683,52.466],[13.697,52.464],[13.698,52.455],[13.704,52.454],[13.705,52.456],[13.704,52.464],[13.699,52.468],[13.701,52.468],[13.713,52.462],[13.716,52.462],[13.721,52.457],[13.729,52.451],[13.755,52.447],[13.754,52.443],[13.759,52.443],[13.758,52.439],[13.761,52.438],[13.76,52.436],[13.752,52.437],[13.754,52.442],[13.751,52.441],[13.744,52.438],[13.743,52.434],[13.738,52.434],[13.738,52.432],[13.74,52.432],[13.739,52.43],[13.742,52.43],[13.741,52.427],[13.738,52.427],[13.729,52.417],[13.733,52.411],[13.737,52.41],[13.738,52.408],[13.735,52.406],[13.735,52.402],[13.723,52.399],[13.716,52.4],[13.706,52.395],[13.699,52.39],[13.698,52.392],[13.697,52.39],[13.691,52.386],[13.688,52.386],[13.687,52.384],[13.688,52.383],[13.695,52.381],[13.699,52.382],[13.697,52.378],[13.7,52.378],[13.7,52.375],[13.691,52.367],[13.68,52.369],[13.671,52.366],[13.667,52.362],[13.666,52.358],[13.657,52.352],[13.656,52.348],[13.651,52.343],[13.652,52.34],[13.648,52.338],[13.643,52.34],[13.636,52.347],[13.638,52.348],[13.639,52.36],[13.647,52.367],[13.647,52.37],[13.642,52.371],[13.643,52.377],[13.633,52.376],[13.628,52.382],[13.607,52.375],[13.606,52.38],[13.601,52.385],[13.595,52.387],[13.593,52.394],[13.565,52.388],[13.536,52.389],[13.535,52.394],[13.538,52.401],[13.528,52.398],[13.521,52.401],[13.515,52.401],[13.48,52.396],[13.478,52.403],[13.468,52.419],[13.462,52.421],[13.419,52.41],[13.418,52.407],[13.428,52.387],[13.421,52.376],[13.389,52.378],[13.387,52.389],[13.37,52.389],[13.372,52.394],[13.359,52.398],[13.343,52.408],[13.343,52.412],[13.312,52.399],[13.299,52.412],[13.296,52.416],[13.275,52.405],[13.267,52.404],[13.257,52.407],[13.25,52.405],[13.246,52.421],[13.222,52.42],[13.205,52.416],[13.196,52.415],[13.159,52.403],[13.158,52.396],[13.171,52.398],[13.171,52.396],[13.159,52.394],[13.143,52.397],[13.132,52.389],[13.134,52.389],[13.134,52.387],[13.127,52.389],[13.127,52.392],[13.132,52.391],[13.138,52.395],[13.135,52.397],[13.136,52.399],[13.133,52.399],[13.125,52.397],[13.112,52.404],[13.108,52.41],[13.113,52.41],[13.112,52.413],[13.106,52.413],[13.103,52.41],[13.101,52.411],[13.101,52.413],[13.097,52.413],[13.098,52.41],[13.097,52.409],[13.09,52.412],[13.088,52.42],[13.095,52.422],[13.1,52.425],[13.105,52.424],[13.113,52.429],[13.112,52.432],[13.123,52.439],[13.109,52.451],[13.112,52.454],[13.113,52.459],[13.111,52.461],[13.111,52.466],[13.117,52.472],[13.118,52.479],[13.125,52.48],[13.148,52.498],[13.166,52.51],[13.145,52.518],[13.143,52.52],[13.117,52.517],[13.12,52.531],[13.131,52.556],[13.136,52.553],[13.146,52.553],[13.147,52.555],[13.146,52.56],[13.153,52.573],[13.153,52.578],[13.15,52.583],[13.132,52.58],[13.13,52.583],[13.128,52.583],[13.129,52.587],[13.137,52.588],[13.147,52.591],[13.157,52.598],[13.164,52.599],[13.207,52.587],[13.207,52.589],[13.217,52.587],[13.219,52.591],[13.218,52.593],[13.209,52.599],[13.202,52.606],[13.207,52.609],[13.217,52.62],[13.221,52.628],[13.264,52.627],[13.265,52.634],[13.262,52.641],[13.268,52.64],[13.282,52.641],[13.283,52.653],[13.281,52.653],[13.283,52.661],[13.308,52.659],[13.31,52.657],[13.3,52.654],[13.309,52.643],[13.307,52.64],[13.308,52.638],[13.303,52.637],[13.307,52.633],[13.308,52.63],[13.302,52.629],[13.302,52.628],[13.313,52.628],[13.336,52.623],[13.344,52.623],[13.345,52.625],[13.358,52.623],[13.374,52.628],[13.376,52.633],[13.389,52.638],[13.39,52.642],[13.397,52.648],[13.407,52.642],[13.413,52.644],[13.424,52.636],[13.428,52.638],[13.434,52.638],[13.434,52.644],[13.44,52.645],[13.441,52.649],[13.454,52.65],[13.454,52.649],[13.46,52.648],[13.47,52.652],[13.473,52.654],[13.474,52.657],[13.462,52.657],[13.451,52.663],[13.46,52.669],[13.466,52.667],[13.475,52.675],[13.479,52.673],[13.476,52.67],[13.476,52.666],[13.488,52.671],[13.485,52.659],[13.491,52.655],[13.513,52.646],[13.519,52.648],[13.521,52.645],[13.523,52.645],[13.522,52.639],[13.518,52.63],[13.506,52.626],[13.505,52.62],[13.503,52.619],[13.5,52.614]]]]}},{"type":"Feature","properties":{"name":"Brandenburg"},"geometry":{"type":"MultiPolygon","coordinates":[[[[13.322,51.437],[13.326,51.434],[13.326,51.429],[13.328,51.427],[13.314,51.423],[13.311,51.422],[13.309,51.418],[13.287,51.411],[13.286,51.41],[13.286,51.399],[13.26,51.4],[13.259,51.395],[13.264,51.395],[13.264,51.391],[13.27,51.391],[13.268,51.385],[13.264,51.385],[13.263,51.388],[13.256,51.392],[13.251,51.393],[13.251,51.394],[13.243,51.393],[13.238,51.395],[13.217,51.395],[13.214,51.397],[13.202,51.416],[13.204,51.428],[13.2,51.433],[13.193,51.436],[13.189,51.434],[13.187,51.431],[13.188,51.426],[13.185,51.424],[13.174,51.428],[13.175,51.433],[13.185,51.438],[13.192,51.437],[13.193,51.442],[13.203,51.451],[13.204,51.457],[13.203,51.459],[13.19,51.465],[13.183,51.471],[13.183,51.476],[13.187,51.486],[13.186,51.489],[13.182,51.492],[13.189,51.491],[13.192,51.488],[13.197,51.488],[13.201,51.492],[13.197,51.495],[13.203,51.496],[13.201,51.498],[13.204,51.499],[13.202,51.504],[13.207,51.505],[13.208,51.51],[13.206,51.518],[13.208,51.524],[13.2,51.526],[13.19,51.54],[13.186,51.558],[13.161,51.559],[13.159,51.564],[13.147,51.563],[13.147,51.564],[13.143,51.568],[13.142,51.571],[13.141,51.571],[13.153,51.582],[13.155,51.589],[13.162,51.592],[13.155,51.6],[13.144,51.598],[13.144,51.6],[13.134,51.606],[13.121,51.619],[13.115,51.618],[13.115,51.616],[13.11,51.615],[13.112,51.613],[13.107,51.612],[13.104,51.617],[13.097,51.616],[13.1,51.611],[13.103,51.612],[13.105,51.61],[13.097,51.609],[13.098,51.608],[13.094,51.606],[13.086,51.608],[13.081,51.618],[13.076,51.62],[13.077,51.621],[13.051,51.648],[13.141,51.681],[13.155,51.687],[13.155,51.689],[13.162,51.691],[13.162,51.692],[13.156,51.695],[13.161,51.695],[13.161,51.699],[13.154,51.711],[13.162,51.713],[13.17,51.708],[13.171,51.712],[13.165,51.718],[13.175,51.718],[13.179,51.716],[13.187,51.716],[13.184,51.72],[13.184,51.722],[13.187,51.722],[13.183,51.723],[13.178,51.732],[13.167,51.735],[13.167,51.738],[13.168,51.739],[13.164,51.742],[13.161,51.74],[13.155,51.742],[13.157,51.744],[13.154,51.745],[13.158,51.751],[13.163,51.751],[13.164,51.752],[13.163,51.755],[13.15,51.759],[13.156,51.765],[13.148,51.767],[13.16,51.775],[13.161,51.779],[13.161,51.781],[13.16,51.781],[13.16,51.784],[13.169,51.783],[13.17,51.787],[13.158,51.788],[13.163,51.793],[13.159,51.798],[13.161,51.797],[13.16,51.8],[13.163,51.802],[13.154,51.815],[13.148,51.818],[13.15,51.819],[13.149,51.821],[13.142,51.821],[13.139,51.825],[13.143,51.826],[13.142,51.829],[13.139,51.829],[13.139,51.831],[13.136,51.833],[13.125,51.851],[13.123,51.858],[13.151,51.86],[13.15,51.872],[13.142,51.873],[13.139,51.88],[13.132,51.88],[13.132,51.883],[13.119,51.883],[13.119,51.877],[13.114,51.877],[13.114,51.875],[13.107,51.875],[13.096,51.873],[13.085,51.874],[13.081,51.867],[13.039,51.871],[13.03,51.879],[13.029,51.881],[13.037,51.88],[13.039,51.883],[13.038,51.891],[13.049,51.892],[13.045,51.901],[13.023,51.903],[13.022,51.897],[13.016,51.901],[13.01,51.903],[12.985,51.904],[12.973,51.901],[12.976,51.92],[12.956,51.923],[12.961,51.935],[12.936,51.937],[12.936,51.936],[12.918,51.939],[12.918,51.933],[12.89,51.928],[12.888,51.935],[12.853,51.935],[12.852,51.95],[12.85,51.959],[12.845,51.963],[12.844,51.968],[12.811,51.963],[12.794,51.962],[12.778,51.965],[12.776,51.965],[12.777,51.977],[12.774,51.978],[12.759,51.982],[12.755,51.986],[12.743,51.989],[12.73,51.989],[12.712,51.997],[12.712,52.0],[12.698,52.003],[12.682,52.003],[12.676,52.007],[12.673,52.012],[12.669,52.013],[12.656,52.013],[12.649,52.008],[12.645,51.994],[12.614,51.992],[12.615,51.982],[12.603,51.981],[12.539,51.985],[12.539,51.986],[12.541,51.988],[12.535,52.001],[12.536,52.003],[12.499,52.009],[12.485,52.017],[12.481,52.029],[12.481,52.033],[12.461,52.035],[12.458,52.03],[12.453,52.026],[12.45,52.016],[12.43,52.018],[12.424,52.022],[12.42,52.026],[12.409,52.029],[12.398,52.036],[12.39,52.044],[12.36,52.047],[12.348,52.059],[12.333,52.066],[12.329,52.07],[12.32,52.083],[12.32,52.089],[12.316,52.092],[12.3,52.096],[12.292,52.101],[12.277,52.104],[12.272,52.11],[12.269,52.124],[12.265,52.128],[12.265,52.131],[12.263,52.133],[12.245,52.139],[12.237,52.15],[12.231,52.155],[12.234,52.163],[12.221,52.166],[12.217,52.17],[12.229,52.186],[12.242,52.182],[12.248,52.184],[12.245,52.187],[12.245,52.191],[12.242,52.191],[12.242,52.194],[12.243,52.195],[12.242,52.196],[12.251,52.201],[12.254,52.206],[12.245,52.207],[12.248,52.211],[12.26,52.217],[12.268,52.214],[12.279,52.217],[12.289,52.225],[12.293,52.224],[12.297,52.227],[12.296,52.229],[12.287,52.23],[12.287,52.233],[12.284,52.234],[12.264,52.233],[12.262,52.236],[12.275,52.237],[12.27,52.241],[12.271,52.242],[12.258,52.243],[12.261,52.246],[12.245,52.248],[12.248,52.255],[12.255,52.262],[12.251,52.264],[12.251,52.273],[12.263,52.294],[12.263,52.295],[12.273,52.305],[12.281,52.318],[12.284,52.321],[12.29,52.323],[12.303,52.34],[12.308,52.345],[12.298,52.351],[12.298,52.353],[12.284,52.364],[12.286,52.369],[12.301,52.371],[12.306,52.377],[12.294,52.381],[12.292,52.386],[12.295,52.392],[12.303,52.398],[12.301,52.401],[12.302,52.405],[12.299,52.409],[12.292,52.407],[12.275,52.412],[12.274,52.416],[12.297,52.424],[12.289,52.431],[12.303,52.434],[12.302,52.439],[12.308,52.444],[12.303,52.446],[12.305,52.447],[12.304,52.45],[12.317,52.452],[12.317,52.456],[12.315,52.461],[12.325,52.464],[12.325,52.472],[12.331,52.479],[12.328,52.479],[12.324,52.476],[12.316,52.475],[12.308,52.48],[12.31,52.483],[12.309,52.486],[12.313,52.49],[12.324,52.492],[12.328,52.491],[12.33,52.497],[12.321,52.495],[12.31,52.491],[12.297,52.496],[12.294,52.492],[12.286,52.493],[12.278,52.487],[12.271,52.487],[12.27,52.494],[12.262,52.495],[12.27,52.501],[12.26,52.504],[12.259,52.509],[12.258,52.511],[12.258,52.518],[12.254,52.519],[12.247,52.519],[12.245,52.522],[12.236,52.524],[12.231,52.522],[12.233,52.519],[12.232,52.517],[12.224,52.511],[12.224,52.51],[12.228,52.506],[12.222,52.501],[12.217,52.5],[12.211,52.503],[12.208,52.5],[12.203,52.498],[12.191,52.499],[12.185,52.496],[12.18,52.501],[12.17,52.507],[12.167,52.515],[12.174,52.519],[12.178,52.524],[12.186,52.527],[12.189,52.532],[12.18,52.534],[12.174,52.539],[12.158,52.534],[12.155,52.53],[12.142,52.528],[12.145,52.533],[12.143,52.537],[12.149,52.54],[12.152,52.544],[12.159,52.561],[12.181,52.575],[12.177,52.577],[12.173,52.582],[12.173,52.6],[12.177,52.606],[12.17,52.608],[12.171,52.612],[12.176,52.617],[12.169,52.617],[12.169,52.621],[12.172,52.626],[12.187,52.621],[12.204,52.619],[12.208,52.623],[12.213,52.625],[12.237,52.629],[12.237,52.63],[12.231,52.63],[12.231,52.64],[12.237,52.641],[12.238,52.646],[12.232,52.654],[12.236,52.654],[12.234,52.66],[12.238,52.663],[12.235,52.664],[12.236,52.666],[12.239,52.666],[12.239,52.672],[12.236,52.676],[12.235,52.68],[12.229,52.682],[12.227,52.684],[12.233,52.687],[12.233,52.689],[12.223,52.688],[12.221,52.69],[12.217,52.7],[12.224,52.703],[12.218,52.706],[12.216,52.709],[12.21,52.709],[12.204,52.713],[12.21,52.715],[12.21,52.718],[12.205,52.72],[12.2,52.717],[12.197,52.718],[12.198,52.721],[12.205,52.725],[12.203,52.726],[12.206,52.727],[12.201,52.729],[12.209,52.732],[12.209,52.735],[12.221,52.736],[12.22,52.738],[12.223,52.74],[12.218,52.743],[12.221,52.745],[12.219,52.747],[12.219,52.751],[12.218,52.753],[12.209,52.753],[12.206,52.761],[12.208,52.764],[12.215,52.764],[12.212,52.766],[12.213,52.768],[12.213,52.774],[12.216,52.775],[12.221,52.774],[12.223,52.776],[12.223,52.779],[12.224,52.787],[12.22,52.79],[12.23,52.79],[12.236,52.788],[12.245,52.787],[12.249,52.792],[12.248,52.797],[12.256,52.799],[12.252,52.804],[12.258,52.805],[12.244,52.821],[12.238,52.839],[12.24,52.844],[12.232,52.851],[12.234,52.859],[12.224,52.865],[12.217,52.866],[12.215,52.866],[12.214,52.862],[12.21,52.862],[12.208,52.867],[12.202,52.868],[12.2,52.871],[12.197,52.878],[12.193,52.877],[12.185,52.871],[12.172,52.865],[12.126,52.853],[12.124,52.854],[12.133,52.866],[12.12,52.876],[12.123,52.889],[12.127,52.89],[12.129,52.893],[12.125,52.894],[12.115,52.882],[12.113,52.876],[12.098,52.878],[12.081,52.877],[12.081,52.883],[12.076,52.886],[12.066,52.884],[12.068,52.886],[12.061,52.888],[12.056,52.889],[12.048,52.886],[12.043,52.889],[12.029,52.888],[12.023,52.89],[12.019,52.888],[12.006,52.888],[12.005,52.882],[11.991,52.881],[11.987,52.877],[11.982,52.876],[11.962,52.881],[11.959,52.88],[11.949,52.888],[11.932,52.892],[11.897,52.893],[11.887,52.898],[11.878,52.906],[11.871,52.909],[11.834,52.91],[11.825,52.916],[11.823,52.919],[11.823,52.923],[11.829,52.931],[11.848,52.941],[11.849,52.947],[11.846,52.952],[11.829,52.957],[11.811,52.957],[11.786,52.961],[11.78,52.965],[11.771,52.976],[11.764,52.981],[11.755,52.986],[11.743,52.989],[11.731,52.988],[11.703,52.978],[11.69,52.979],[11.683,52.986],[11.684,53.0],[11.678,53.008],[11.668,53.01],[11.645,53.005],[11.633,53.008],[11.626,53.013],[11.625,53.017],[11.627,53.022],[11.642,53.033],[11.641,53.037],[11.638,53.039],[11.63,53.042],[11.621,53.042],[11.598,53.036],[11.589,53.035],[11.566,53.041],[11.552,53.051],[11.548,53.052],[11.54,53.052],[11.526,53.047],[11.51,53.047],[11.497,53.052],[11.464,53.074],[11.448,53.078],[11.439,53.078],[11.425,53.074],[11.403,53.072],[11.383,53.064],[11.353,53.055],[11.34,53.055],[11.329,53.061],[11.312,53.076],[11.287,53.087],[11.273,53.097],[11.268,53.104],[11.268,53.117],[11.266,53.122],[11.275,53.121],[11.283,53.121],[11.29,53.119],[11.29,53.117],[11.3,53.116],[11.31,53.116],[11.317,53.12],[11.32,53.119],[11.325,53.119],[11.332,53.117],[11.33,53.115],[11.337,53.114],[11.359,53.116],[11.369,53.114],[11.371,53.112],[11.373,53.113],[11.383,53.111],[11.387,53.113],[11.394,53.11],[11.394,53.112],[11.401,53.116],[11.399,53.117],[11.392,53.13],[11.396,53.14],[11.405,53.137],[11.414,53.137],[11.419,53.138],[11.421,53.139],[11.42,53.14],[11.422,53.141],[11.439,53.137],[11.444,53.137],[11.448,53.139],[11.461,53.14],[11.474,53.135],[11.473,53.127],[11.484,53.129],[11.501,53.126],[11.502,53.121],[11.508,53.123],[11.51,53.126],[11.535,53.125],[11.536,53.129],[11.549,53.131],[11.547,53.135],[11.556,53.139],[11.554,53.141],[11.55,53.151],[11.552,53.152],[11.553,53.15],[11.556,53.15],[11.556,53.154],[11.565,53.164],[11.569,53.167],[11.569,53.17],[11.562,53.175],[11.567,53.182],[11.558,53.185],[11.56,53.187],[11.557,53.194],[11.558,53.201],[11.561,53.203],[11.551,53.209],[11.562,53.213],[11.571,53.214],[11.576,53.212],[11.587,53.215],[11.596,53.223],[11.604,53.227],[11.617,53.23],[11.62,53.238],[11.629,53.242],[11.64,53.239],[11.655,53.24],[11.661,53.241],[11.663,53.244],[11.667,53.244],[11.673,53.244],[11.677,53.242],[11.691,53.242],[11.696,53.245],[11.7,53.244],[11.703,53.24],[11.708,53.238],[11.707,53.234],[11.714,53.233],[11.715,53.23],[11.727,53.232],[11.728,53.219],[11.729,53.217],[11.748,53.22],[11.769,53.227],[11.784,53.227],[11.788,53.229],[11.794,53.226],[11.804,53.227],[11.809,53.226],[11.816,53.227],[11.818,53.229],[11.829,53.229],[11.829,53.231],[11.833,53.232],[11.832,53.235],[11.825,53.239],[11.822,53.242],[11.817,53.245],[11.804,53.247],[11.802,53.25],[11.796,53.253],[11.8,53.255],[11.809,53.253],[11.817,53.254],[11.834,53.252],[11.847,53.252],[11.849,53.25],[11.862,53.248],[11.867,53.257],[11.872,53.26],[11.885,53.264],[11.887,53.268],[11.89,53.269],[11.893,53.273],[11.893,53.279],[11.899,53.278],[11.905,53.275],[11.918,53.273],[11.945,53.274],[11.947,53.272],[11.95,53.272],[11.954,53.274],[11.956,53.279],[11.962,53.284],[11.966,53.285],[11.973,53.295],[11.974,53.299],[11.986,53.3],[11.988,53.296],[11.997,53.294],[12.003,53.3],[12.018,53.3],[12.024,53.304],[12.018,53.315],[12.022,53.321],[12.015,53.334],[12.023,53.337],[12.023,53.338],[12.039,53.344],[12.039,53.345],[12.057,53.349],[12.053,53.353],[12.055,53.354],[12.052,53.36],[12.047,53.361],[12.048,53.365],[12.051,53.367],[12.045,53.371],[12.062,53.371],[12.066,53.37],[12.078,53.369],[12.078,53.367],[12.08,53.367],[12.079,53.358],[12.082,53.346],[12.092,53.345],[12.109,53.344],[12.109,53.35],[12.134,53.348],[12.135,53.352],[12.139,53.355],[12.139,53.361],[12.141,53.359],[12.152,53.361],[12.156,53.356],[12.156,53.35],[12.169,53.339],[12.187,53.343],[12.187,53.346],[12.185,53.347],[12.186,53.35],[12.191,53.354],[12.212,53.353],[12.222,53.357],[12.229,53.358],[12.23,53.353],[12.236,53.342],[12.242,53.338],[12.245,53.333],[12.26,53.328],[12.258,53.325],[12.26,53.324],[12.265,53.325],[12.272,53.324],[12.28,53.328],[12.291,53.329],[12.311,53.327],[12.311,53.323],[12.325,53.321],[12.332,53.318],[12.343,53.316],[12.352,53.313],[12.363,53.307],[12.373,53.306],[12.383,53.302],[12.394,53.302],[12.398,53.295],[12.392,53.285],[12.4,53.279],[12.41,53.28],[12.428,53.275],[12.432,53.271],[12.432,53.263],[12.435,53.257],[12.44,53.256],[12.445,53.25],[12.467,53.256],[12.498,53.255],[12.503,53.258],[12.502,53.262],[12.53,53.265],[12.55,53.262],[12.566,53.256],[12.598,53.248],[12.601,53.245],[12.606,53.244],[12.616,53.249],[12.617,53.252],[12.624,53.252],[12.628,53.255],[12.655,53.255],[12.666,53.253],[12.667,53.249],[12.674,53.249],[12.676,53.248],[12.676,53.246],[12.672,53.246],[12.67,53.243],[12.666,53.242],[12.665,53.239],[12.669,53.237],[12.664,53.235],[12.666,53.231],[12.671,53.23],[12.683,53.227],[12.696,53.227],[12.716,53.224],[12.723,53.222],[12.742,53.223],[12.745,53.224],[12.747,53.226],[12.758,53.224],[12.758,53.222],[12.749,53.206],[12.739,53.2],[12.759,53.195],[12.764,53.189],[12.778,53.189],[12.78,53.188],[12.785,53.188],[12.79,53.191],[12.794,53.191],[12.795,53.19],[12.799,53.191],[12.801,53.194],[12.806,53.194],[12.806,53.197],[12.809,53.198],[12.813,53.197],[12.81,53.195],[12.813,53.192],[12.815,53.192],[12.817,53.196],[12.821,53.193],[12.825,53.197],[12.831,53.196],[12.838,53.197],[12.841,53.2],[12.846,53.201],[12.85,53.2],[12.85,53.197],[12.859,53.188],[12.868,53.187],[12.871,53.183],[12.88,53.18],[12.884,53.181],[12.889,53.18],[12.891,53.187],[12.902,53.19],[12.903,53.193],[12.905,53.194],[12.925,53.196],[12.93,53.194],[12.93,53.193],[12.928,53.19],[12.919,53.188],[12.92,53.186],[12.934,53.188],[12.941,53.186],[12.944,53.187],[12.944,53.191],[12.937,53.194],[12.943,53.196],[12.947,53.199],[12.964,53.2],[12.975,53.198],[12.979,53.191],[12.973,53.19],[12.962,53.185],[12.96,53.184],[12.961,53.181],[12.947,53.178],[12.942,53.174],[12.947,53.172],[12.961,53.178],[12.965,53.176],[12.966,53.169],[12.969,53.166],[12.973,53.166],[12.976,53.165],[12.976,53.163],[12.98,53.163],[12.984,53.164],[12.984,53.167],[12.992,53.169],[13.002,53.169],[13.002,53.167],[13.006,53.167],[13.007,53.169],[13.005,53.17],[13.009,53.173],[13.013,53.172],[13.02,53.176],[13.019,53.185],[13.028,53.186],[13.031,53.19],[13.039,53.192],[13.038,53.193],[13.042,53.197],[13.056,53.201],[13.064,53.201],[13.069,53.204],[13.073,53.2],[13.079,53.2],[13.081,53.202],[13.078,53.205],[13.082,53.21],[13.086,53.21],[13.084,53.213],[13.088,53.214],[13.087,53.215],[13.094,53.217],[13.097,53.213],[13.107,53.215],[13.105,53.22],[13.108,53.225],[13.103,53.236],[13.11,53.24],[13.115,53.24],[13.118,53.241],[13.128,53.239],[13.129,53.237],[13.133,53.237],[13.137,53.245],[13.152,53.251],[13.152,53.246],[13.158,53.248],[13.159,53.249],[13.164,53.25],[13.171,53.25],[13.175,53.247],[13.182,53.251],[13.185,53.248],[13.19,53.241],[13.191,53.235],[13.199,53.227],[13.203,53.222],[13.205,53.221],[13.213,53.221],[13.229,53.217],[13.239,53.225],[13.237,53.227],[13.241,53.232],[13.24,53.235],[13.242,53.237],[13.24,53.237],[13.24,53.239],[13.242,53.24],[13.244,53.239],[13.247,53.243],[13.246,53.244],[13.251,53.247],[13.247,53.249],[13.248,53.247],[13.246,53.247],[13.244,53.249],[13.246,53.25],[13.245,53.252],[13.248,53.257],[13.254,53.26],[13.253,53.262],[13.257,53.261],[13.264,53.264],[13.275,53.265],[13.279,53.271],[13.284,53.273],[13.284,53.276],[13.288,53.275],[13.298,53.281],[13.337,53.273],[13.341,53.274],[13.34,53.276],[13.349,53.278],[13.361,53.278],[13.369,53.271],[13.371,53.262],[13.382,53.25],[13.386,53.251],[13.385,53.248],[13.386,53.244],[13.389,53.243],[13.397,53.246],[13.405,53.246],[13.406,53.248],[13.403,53.249],[13.409,53.258],[13.408,53.263],[13.413,53.263],[13.415,53.267],[13.421,53.27],[13.431,53.285],[13.435,53.283],[13.442,53.286],[13.438,53.287],[13.434,53.29],[13.439,53.292],[13.436,53.292],[13.435,53.295],[13.438,53.3],[13.442,53.298],[13.456,53.298],[13.457,53.293],[13.461,53.289],[13.483,53.291],[13.497,53.302],[13.496,53.307],[13.507,53.316],[13.507,53.318],[13.505,53.319],[13.506,53.32],[13.502,53.325],[13.503,53.327],[13.509,53.322],[13.51,53.317],[13.524,53.32],[13.521,53.333],[13.523,53.335],[13.52,53.338],[13.521,53.341],[13.525,53.343],[13.525,53.351],[13.517,53.352],[13.526,53.366],[13.543,53.364],[13.547,53.372],[13.556,53.376],[13.557,53.38],[13.55,53.381],[13.554,53.383],[13.554,53.385],[13.556,53.387],[13.555,53.389],[13.557,53.392],[13.546,53.394],[13.55,53.396],[13.55,53.399],[13.558,53.401],[13.561,53.4],[13.564,53.401],[13.57,53.403],[13.569,53.405],[13.574,53.408],[13.589,53.41],[13.594,53.408],[13.597,53.41],[13.607,53.411],[13.611,53.414],[13.618,53.413],[13.619,53.409],[13.625,53.409],[13.636,53.423],[13.629,53.432],[13.637,53.433],[13.636,53.434],[13.639,53.438],[13.634,53.44],[13.64,53.447],[13.649,53.446],[13.651,53.444],[13.653,53.447],[13.655,53.448],[13.654,53.451],[13.663,53.458],[13.672,53.459],[13.68,53.465],[13.703,53.474],[13.715,53.482],[13.726,53.483],[13.736,53.481],[13.741,53.486],[13.747,53.484],[13.747,53.481],[13.753,53.478],[13.775,53.476],[13.779,53.474],[13.802,53.478],[13.812,53.484],[13.827,53.499],[13.81,53.502],[13.801,53.498],[13.795,53.507],[13.792,53.508],[13.793,53.511],[13.778,53.514],[13.78,53.522],[13.78,53.524],[13.777,53.527],[13.776,53.531],[13.784,53.552],[13.791,53.559],[13.794,53.557],[13.801,53.558],[13.802,53.556],[13.799,53.555],[13.799,53.546],[13.805,53.541],[13.823,53.522],[13.824,53.52],[13.822,53.518],[13.848,53.514],[13.879,53.504],[13.876,53.5],[13.877,53.496],[13.874,53.494],[13.874,53.491],[13.876,53.487],[13.885,53.485],[13.876,53.474],[13.918,53.456],[13.917,53.454],[13.918,53.452],[13.918,53.447],[13.909,53.446],[13.906,53.444],[13.912,53.438],[13.911,53.437],[13.903,53.432],[13.908,53.426],[13.916,53.422],[13.918,53.422],[13.925,53.426],[13.947,53.431],[13.962,53.43],[14.001,53.435],[14.007,53.43],[14.046,53.429],[14.051,53.413],[14.055,53.412],[14.07,53.415],[14.082,53.411],[14.084,53.412],[14.082,53.416],[14.094,53.422],[14.105,53.422],[14.109,53.429],[14.122,53.442],[14.134,53.439],[14.137,53.441],[14.177,53.423],[14.206,53.423],[14.215,53.43],[14.225,53.434],[14.233,53.428],[14.238,53.427],[14.242,53.422],[14.237,53.415],[14.241,53.407],[14.243,53.392],[14.231,53.368],[14.223,53.359],[14.205,53.342],[14.182,53.326],[14.142,53.304],[14.11,53.283],[14.104,53.275],[14.099,53.262],[14.114,53.26],[14.114,53.262],[14.117,53.262],[14.117,53.26],[14.125,53.26],[14.143,53.265],[14.16,53.268],[14.172,53.265],[14.176,53.262],[14.186,53.261],[14.2,53.262],[14.211,53.255],[14.225,53.257],[14.252,53.257],[14.266,53.26],[14.266,53.266],[14.262,53.277],[14.302,53.286],[14.302,53.289],[14.313,53.302],[14.317,53.312],[14.349,53.31],[14.35,53.314],[14.362,53.315],[14.362,53.318],[14.377,53.316],[14.381,53.32],[14.382,53.324],[14.395,53.329],[14.412,53.33],[14.415,53.324],[14.407,53.309],[14.415,53.302],[14.421,53.276],[14.445,53.274],[14.444,53.272],[14.449,53.267],[14.45,53.261],[14.436,53.25],[14.434,53.242],[14.431,53.239],[14.421,53.234],[14.409,53.223],[14.406,53.211],[14.399,53.207],[14.386,53.205],[14.377,53.202],[14.375,53.188],[14.37,53.182],[14.366,53.172],[14.371,53.157],[14.383,53.146],[14.388,53.143],[14.383,53.137],[14.379,53.113],[14.37,53.105],[14.371,53.095],[14.366,53.079],[14.359,53.072],[14.354,53.061],[14.349,53.057],[14.345,53.052],[14.338,53.047],[14.323,53.042],[14.312,53.035],[14.307,53.03],[14.292,53.02],[14.269,53.01],[14.259,53.003],[14.251,53.001],[14.236,52.993],[14.228,52.992],[14.218,52.989],[14.207,52.987],[14.19,52.98],[14.171,52.975],[14.162,52.965],[14.149,52.964],[14.144,52.961],[14.143,52.958],[14.139,52.952],[14.144,52.945],[14.142,52.939],[14.143,52.933],[14.145,52.929],[14.147,52.921],[14.15,52.916],[14.152,52.901],[14.162,52.888],[14.158,52.881],[14.158,52.875],[14.149,52.866],[14.13,52.853],[14.123,52.844],[14.123,52.838],[14.125,52.834],[14.13,52.828],[14.143,52.824],[14.206,52.819],[14.217,52.817],[14.226,52.81],[14.23,52.805],[14.241,52.8],[14.254,52.789],[14.279,52.775],[14.305,52.766],[14.322,52.763],[14.339,52.755],[14.351,52.752],[14.361,52.741],[14.373,52.737],[14.384,52.726],[14.405,52.711],[14.414,52.701],[14.424,52.696],[14.429,52.691],[14.429,52.686],[14.433,52.681],[14.45,52.678],[14.458,52.674],[14.461,52.665],[14.465,52.661],[14.51,52.642],[14.527,52.637],[14.555,52.626],[14.565,52.624],[14.582,52.616],[14.596,52.611],[14.608,52.599],[14.614,52.587],[14.623,52.581],[14.636,52.576],[14.639,52.573],[14.639,52.569],[14.637,52.566],[14.621,52.559],[14.616,52.554],[14.613,52.544],[14.607,52.537],[14.604,52.531],[14.61,52.52],[14.613,52.51],[14.632,52.502],[14.635,52.496],[14.634,52.492],[14.627,52.484],[14.613,52.477],[14.611,52.467],[14.609,52.464],[14.6,52.459],[14.594,52.453],[14.586,52.449],[14.579,52.442],[14.559,52.439],[14.55,52.434],[14.544,52.426],[14.547,52.413],[14.536,52.401],[14.534,52.395],[14.552,52.374],[14.553,52.361],[14.552,52.354],[14.554,52.349],[14.562,52.34],[14.563,52.336],[14.561,52.331],[14.562,52.328],[14.576,52.322],[14.578,52.318],[14.578,52.313],[14.585,52.306],[14.584,52.302],[14.575,52.296],[14.574,52.292],[14.576,52.288],[14.588,52.283],[14.592,52.276],[14.597,52.273],[14.617,52.272],[14.641,52.264],[14.662,52.262],[14.693,52.256],[14.701,52.25],[14.706,52.242],[14.716,52.236],[14.708,52.212],[14.703,52.206],[14.688,52.199],[14.685,52.194],[14.688,52.189],[14.701,52.18],[14.705,52.173],[14.705,52.17],[14.703,52.164],[14.68,52.145],[14.68,52.14],[14.684,52.124],[14.682,52.117],[14.688,52.107],[14.7,52.098],[14.724,52.093],[14.741,52.085],[14.746,52.081],[14.752,52.072],[14.758,52.067],[14.759,52.065],[14.756,52.06],[14.745,52.054],[14.747,52.05],[14.746,52.047],[14.75,52.043],[14.748,52.037],[14.748,52.032],[14.74,52.029],[14.741,52.023],[14.727,52.014],[14.725,52.008],[14.714,52.004],[14.72,51.999],[14.721,51.994],[14.717,51.989],[14.716,51.982],[14.712,51.98],[14.707,51.98],[14.705,51.976],[14.707,51.974],[14.708,51.965],[14.714,51.957],[14.719,51.955],[14.721,51.952],[14.719,51.946],[14.719,51.942],[14.714,51.937],[14.707,51.936],[14.703,51.931],[14.706,51.924],[14.702,51.921],[14.7,51.914],[14.691,51.908],[14.694,51.902],[14.681,51.895],[14.675,51.894],[14.674,51.89],[14.663,51.891],[14.662,51.887],[14.655,51.883],[14.652,51.879],[14.653,51.874],[14.647,51.872],[14.643,51.867],[14.635,51.865],[14.624,51.858],[14.611,51.857],[14.607,51.852],[14.612,51.847],[14.612,51.845],[14.61,51.845],[14.607,51.848],[14.604,51.848],[14.603,51.846],[14.606,51.842],[14.605,51.84],[14.601,51.84],[14.596,51.842],[14.59,51.838],[14.593,51.831],[14.59,51.827],[14.59,51.821],[14.597,51.817],[14.601,51.813],[14.601,51.809],[14.607,51.804],[14.614,51.804],[14.616,51.802],[14.623,51.8],[14.633,51.801],[14.636,51.798],[14.646,51.795],[14.649,51.787],[14.654,51.784],[14.653,51.78],[14.655,51.775],[14.655,51.768],[14.65,51.762],[14.652,51.76],[14.662,51.759],[14.664,51.757],[14.658,51.754],[14.657,51.752],[14.66,51.749],[14.656,51.741],[14.662,51.737],[14.668,51.726],[14.678,51.723],[14.68,51.718],[14.691,51.708],[14.701,51.705],[14.729,51.689],[14.735,51.689],[14.738,51.687],[14.739,51.683],[14.737,51.679],[14.74,51.677],[14.747,51.676],[14.749,51.671],[14.753,51.669],[14.753,51.664],[14.758,51.661],[14.755,51.656],[14.751,51.652],[14.756,51.646],[14.754,51.641],[14.756,51.633],[14.753,51.628],[14.763,51.619],[14.766,51.612],[14.765,51.607],[14.761,51.602],[14.753,51.599],[14.751,51.595],[14.742,51.593],[14.73,51.584],[14.73,51.582],[14.721,51.586],[14.721,51.589],[14.711,51.596],[14.708,51.597],[14.697,51.597],[14.698,51.59],[14.704,51.583],[14.707,51.577],[14.693,51.576],[14.696,51.575],[14.691,51.563],[14.681,51.554],[14.674,51.551],[14.67,51.553],[14.664,51.553],[14.664,51.554],[14.64,51.554],[14.632,51.551],[14.61,51.55],[14.607,51.553],[14.604,51.555],[14.606,51.557],[14.602,51.561],[14.598,51.572],[14.593,51.574],[14.583,51.575],[14.582,51.579],[14.581,51.58],[14.57,51.581],[14.566,51.58],[14.561,51.574],[14.554,51.572],[14.544,51.574],[14.547,51.564],[14.545,51.562],[14.541,51.56],[14.525,51.559],[14.515,51.554],[14.509,51.558],[14.507,51.557],[14.5,51.559],[14.454,51.556],[14.447,51.553],[14.448,51.542],[14.441,51.545],[14.415,51.54],[14.409,51.537],[14.399,51.542],[14.387,51.542],[14.386,51.54],[14.387,51.538],[14.387,51.534],[14.376,51.533],[14.365,51.527],[14.363,51.525],[14.354,51.521],[14.34,51.521],[14.339,51.518],[14.344,51.517],[14.341,51.513],[14.342,51.511],[14.338,51.506],[14.332,51.505],[14.33,51.507],[14.325,51.507],[14.326,51.516],[14.323,51.519],[14.306,51.524],[14.293,51.525],[14.289,51.528],[14.274,51.532],[14.257,51.532],[14.254,51.532],[14.253,51.529],[14.247,51.528],[14.242,51.529],[14.242,51.53],[14.245,51.53],[14.244,51.533],[14.229,51.533],[14.226,51.534],[14.228,51.535],[14.221,51.538],[14.213,51.54],[14.199,51.539],[14.188,51.541],[14.175,51.539],[14.166,51.541],[14.158,51.54],[14.147,51.541],[14.144,51.544],[14.137,51.543],[14.131,51.538],[14.13,51.534],[14.133,51.528],[14.142,51.523],[14.138,51.523],[14.135,51.521],[14.117,51.523],[14.108,51.522],[14.101,51.514],[14.1,51.508],[14.095,51.502],[14.096,51.498],[14.093,51.498],[14.088,51.494],[14.074,51.493],[14.076,51.489],[14.089,51.479],[14.087,51.477],[14.073,51.472],[14.039,51.48],[14.033,51.475],[14.036,51.472],[14.055,51.461],[14.053,51.453],[14.055,51.449],[14.063,51.446],[14.04,51.437],[14.037,51.435],[14.043,51.433],[14.046,51.429],[14.038,51.428],[14.044,51.425],[14.045,51.419],[14.037,51.417],[14.027,51.408],[14.021,51.408],[14.016,51.405],[14.017,51.401],[14.026,51.401],[14.028,51.396],[14.013,51.398],[14.004,51.396],[14.004,51.393],[14.008,51.392],[14.006,51.388],[13.997,51.385],[13.996,51.383],[13.999,51.381],[14.001,51.373],[13.97,51.376],[13.972,51.384],[13.972,51.394],[13.961,51.397],[13.951,51.396],[13.939,51.389],[13.935,51.389],[13.92,51.385],[13.908,51.383],[13.91,51.379],[13.909,51.379],[13.894,51.378],[13.883,51.375],[13.868,51.377],[13.863,51.382],[13.833,51.384],[13.833,51.383],[13.836,51.381],[13.835,51.377],[13.829,51.376],[13.819,51.37],[13.808,51.373],[13.788,51.371],[13.781,51.369],[13.777,51.362],[13.768,51.363],[13.767,51.361],[13.765,51.361],[13.763,51.359],[13.763,51.365],[13.765,51.365],[13.765,51.368],[13.768,51.368],[13.769,51.369],[13.767,51.371],[13.758,51.371],[13.753,51.366],[13.739,51.361],[13.727,51.365],[13.713,51.364],[13.706,51.365],[13.691,51.374],[13.683,51.368],[13.668,51.376],[13.662,51.369],[13.648,51.37],[13.632,51.368],[13.617,51.371],[13.617,51.37],[13.594,51.369],[13.596,51.374],[13.591,51.375],[13.592,51.378],[13.588,51.382],[13.59,51.384],[13.57,51.386],[13.556,51.379],[13.551,51.379],[13.546,51.369],[13.543,51.369],[13.538,51.377],[13.538,51.381],[13.523,51.381],[13.525,51.384],[13.522,51.393],[13.521,51.402],[13.513,51.402],[13.503,51.405],[13.494,51.403],[13.491,51.408],[13.463,51.412],[13.466,51.422],[13.474,51.418],[13.463,51.426],[13.463,51.423],[13.461,51.422],[13.45,51.423],[13.446,51.431],[13.444,51.429],[13.446,51.426],[13.44,51.428],[13.434,51.426],[13.435,51.428],[13.433,51.428],[13.428,51.422],[13.421,51.422],[13.422,51.425],[13.428,51.429],[13.427,51.43],[13.428,51.431],[13.426,51.434],[13.422,51.435],[13.42,51.439],[13.412,51.439],[13.411,51.443],[13.406,51.446],[13.409,51.45],[13.402,51.454],[13.388,51.448],[13.389,51.444],[13.388,51.441],[13.382,51.436],[13.373,51.438],[13.375,51.435],[13.378,51.435],[13.377,51.433],[13.383,51.428],[13.383,51.426],[13.377,51.425],[13.37,51.43],[13.358,51.434],[13.357,51.432],[13.349,51.433],[13.338,51.429],[13.334,51.433],[13.333,51.437],[13.32,51.438],[13.322,51.437]],[[13.396,52.648],[13.39,52.642],[13.389,52.638],[13.376,52.633],[13.373,52.628],[13.358,52.623],[13.345,52.625],[13.344,52.623],[13.336,52.623],[13.313,52.628],[13.302,52.628],[13.302,52.629],[13.308,52.63],[13.307,52.633],[13.303,52.637],[13.308,52.638],[13.307,52.64],[13.309,52.643],[13.3,52.654],[13.31,52.657],[13.308,52.659],[13.283,52.661],[13.281,52.653],[13.283,52.653],[13.282,52.641],[13.268,52.64],[13.262,52.641],[13.265,52.634],[13.264,52.627],[13.221,52.628],[13.217,52.62],[13.207,52.609],[13.202,52.606],[13.209,52.599],[13.218,52.593],[13.219,52.591],[13.217,52.587],[13.207,52.589],[13.207,52.587],[13.164,52.599],[13.157,52.598],[13.147,52.591],[13.137,52.588],[13.129,52.587],[13.128,52.583],[13.13,52.583],[13.132,52.58],[13.15,52.583],[13.153,52.578],[13.153,52.573],[13.146,52.56],[13.147,52.555],[13.146,52.553],[13.136,52.553],[13.131,52.556],[13.12,52.531],[13.117,52.517],[13.143,52.52],[13.145,52.518],[13.166,52.51],[13.148,52.498],[13.125,52.48],[13.118,52.479],[13.117,52.472],[13.111,52.466],[13.111,52.461],[13.113,52.459],[13.112,52.454],[13.109,52.451],[13.123,52.439],[13.112,52.432],[13.113,52.429],[13.105,52.424],[13.1,52.425],[13.095,52.422],[13.088,52.42],[13.09,52.412],[13.097,52.409],[13.098,52.41],[13.097,52.413],[13.101,52.413],[13.101,52.411],[13.103,52.41],[13.106,52.413],[13.112,52.413],[13.113,52.41],[13.108,52.41],[13.112,52.404],[13.125,52.397],[13.133,52.399],[13.136,52.399],[13.135,52.397],[13.138,52.395],[13.132,52.391],[13.127,52.392],[13.127,52.389],[13.134,52.387],[13.134,52.389],[13.132,52.389],[13.143,52.397],[13.159,52.394],[13.171,52.396],[13.171,52.398],[13.158,52.396],[13.159,52.403],[13.196,52.415],[13.205,52.416],[13.222,52.42],[13.246,52.421],[13.25,52.405],[13.257,52.407],[13.267,52.404],[13.275,52.405],[13.296,52.416],[13.299,52.412],[13.312,52.399],[13.343,52.412],[13.343,52.408],[13.359,52.398],[13.372,52.394],[13.37,52.389],[13.387,52.389],[13.389,52.378],[13.421,52.376],[13.428,52.387],[13.418,52.407],[13.419,52.41],[13.462,52.421],[13.468,52.419],[13.478,52.403],[13.48,52.396],[13.515,52.401],[13.521,52.401],[13.528,52.398],[13.538,52.401],[13.535,52.394],[13.536,52.389],[13.565,52.388],[13.593,52.394],[13.595,52.387],[13.601,52.385],[13.606,52.38],[13.607,52.375],[13.628,52.382],[13.633,52.376],[13.643,52.377],[13.642,52.371],[13.647,52.37],[13.647,52.367],[13.639,52.36],[13.638,52.348],[13.636,52.347],[13.643,52.34],[13.648,52.338],[13.652,52.34],[13.651,52.343],[13.656,52.348],[13.657,52.352],[13.666,52.358],[13.667,52.362],[13.671,52.366],[13.68,52.369],[13.691,52.367],[13.7,52.375],[13.7,52.378],[13.697,52.378],[13.699,52.382],[13.695,52.381],[13.688,52.383],[13.687,52.384],[13.688,52.386],[13.691,52.386],[13.697,52.39],[13.698,52.392],[13.699,52.39],[13.706,52.395],[13.716,52.4],[13.723,52.399],[13.735,52.402],[13.735,52.406],[13.738,52.408],[13.737,52.41],[13.733,52.411],[13.729,52.417],[13.738,52.427],[13.741,52.427],[13.742,52.43],[13.739,52.43],[13.74,52.432],[13.738,52.432],[13.738,52.434],[13.743,52.434],[13.744,52.438],[13.751,52.441],[13.754,52.442],[13.752,52.437],[13.76,52.436],[13.761,52.438],[13.758,52.439],[13.759,52.443],[13.754,52.443],[13.755,52.447],[13.753,52.448],[13.729,52.451],[13.721,52.457],[13.716,52.462],[13.713,52.462],[13.701,52.468],[13.699,52.468],[13.704,52.464],[13.706,52.458],[13.704,52.454],[13.698,52.455],[13.697,52.464],[13.683,52.466],[13.671,52.473],[13.66,52.474],[13.648,52.479],[13.641,52.48],[13.635,52.476],[13.626,52.474],[13.626,52.468],[13.621,52.469],[13.621,52.47],[13.617,52.471],[13.615,52.47],[13.611,52.471],[13.616,52.475],[13.614,52.476],[13.615,52.481],[13.631,52.494],[13.625,52.495],[13.633,52.512],[13.644,52.519],[13.659,52.526],[13.657,52.53],[13.626,52.53],[13.627,52.538],[13.632,52.538],[13.635,52.542],[13.585,52.548],[13.588,52.555],[13.584,52.56],[13.582,52.571],[13.578,52.571],[13.576,52.574],[13.568,52.574],[13.56,52.582],[13.547,52.588],[13.522,52.593],[13.508,52.592],[13.499,52.605],[13.497,52.605],[13.5,52.614],[13.503,52.619],[13.505,52.62],[13.506,52.626],[13.518,52.63],[13.522,52.639],[13.523,52.645],[13.521,52.645],[13.519,52.648],[13.513,52.646],[13.491,52.655],[13.485,52.659],[13.488,52.671],[13.476,52.666],[13.476,52.67],[13.479,52.673],[13.475,52.675],[13.466,52.667],[13.46,52.669],[13.451,52.663],[13.462,52.657],[13.474,52.657],[13.473,52.654],[13.46,52.648],[13.454,52.649],[13.454,52.65],[13.441,52.649],[13.44,52.645],[13.434,52.644],[13.433,52.638],[13.428,52.638],[13.424,52.636],[13.413,52.644],[13.407,52.642],[13.399,52.648],[13.396,52.648]]],[[[12.28,52.229],[12.286,52.228],[12.286,52.227],[12.277,52.228],[12.28,52.229]]],[[[12.272,52.229],[12.266,52.23],[12.264,52.232],[12.275,52.231],[12.274,52.229],[12.272,52.229]]],[[[12.218,52.86],[12.217,52.862],[12.221,52.864],[12.222,52.862],[12.218,52.86]]]]}},{"type":"Feature","properties":{"name":"Bremen"},"geometry":{"type":"MultiPolygon","coordinates":[[[[8.675,53.178],[8.676,53.175],[8.679,53.176],[8.678,53.178],[8.688,53.179],[8.697,53.183],[8.699,53.185],[8.702,53.181],[8.701,53.178],[8.706,53.175],[8.71,53.177],[8.714,53.183],[8.729,53.18],[8.732,53.174],[8.737,53.173],[8.739,53.171],[8.743,53.172],[8.741,53.167],[8.742,53.164],[8.747,53.166],[8.755,53.164],[8.762,53.165],[8.77,53.16],[8.776,53.159],[8.777,53.16],[8.776,53.162],[8.783,53.164],[8.787,53.163],[8.789,53.161],[8.791,53.164],[8.795,53.162],[8.797,53.164],[8.799,53.161],[8.804,53.162],[8.807,53.161],[8.809,53.163],[8.813,53.162],[8.815,53.164],[8.819,53.162],[8.829,53.164],[8.83,53.164],[8.827,53.161],[8.835,53.157],[8.84,53.157],[8.842,53.148],[8.853,53.143],[8.858,53.14],[8.858,53.138],[8.862,53.138],[8.861,53.134],[8.864,53.132],[8.874,53.134],[8.899,53.134],[8.904,53.138],[8.906,53.137],[8.909,53.133],[8.912,53.133],[8.918,53.139],[8.921,53.14],[8.923,53.144],[8.921,53.145],[8.931,53.148],[8.937,53.151],[8.94,53.151],[8.94,53.152],[8.945,53.152],[8.947,53.15],[8.957,53.147],[8.96,53.142],[8.971,53.134],[8.98,53.132],[8.984,53.126],[8.947,53.116],[8.959,53.11],[8.963,53.1],[8.97,53.102],[8.979,53.099],[8.982,53.096],[8.988,53.099],[8.991,53.097],[8.984,53.093],[8.966,53.09],[8.961,53.085],[8.966,53.083],[8.964,53.081],[8.964,53.072],[8.967,53.068],[8.961,53.066],[8.965,53.056],[8.97,53.057],[8.973,53.051],[8.977,53.051],[8.98,53.047],[8.967,53.037],[8.963,53.037],[8.946,53.031],[8.946,53.025],[8.938,53.025],[8.936,53.014],[8.929,53.014],[8.929,53.013],[8.922,53.015],[8.921,53.012],[8.918,53.013],[8.916,53.011],[8.893,53.014],[8.885,53.023],[8.867,53.033],[8.866,53.036],[8.867,53.041],[8.863,53.041],[8.862,53.036],[8.865,53.027],[8.869,53.025],[8.867,53.022],[8.854,53.021],[8.851,53.017],[8.848,53.017],[8.848,53.019],[8.85,53.023],[8.841,53.021],[8.838,53.018],[8.831,53.021],[8.822,53.021],[8.819,53.023],[8.809,53.031],[8.789,53.038],[8.778,53.04],[8.777,53.043],[8.773,53.045],[8.771,53.053],[8.762,53.051],[8.763,53.046],[8.755,53.043],[8.757,53.041],[8.756,53.039],[8.751,53.038],[8.743,53.041],[8.74,53.04],[8.738,53.037],[8.734,53.037],[8.733,53.036],[8.735,53.035],[8.732,53.035],[8.722,53.041],[8.718,53.04],[8.71,53.046],[8.707,53.052],[8.71,53.067],[8.709,53.076],[8.706,53.077],[8.701,53.082],[8.689,53.086],[8.674,53.087],[8.666,53.092],[8.665,53.095],[8.67,53.103],[8.655,53.109],[8.654,53.111],[8.658,53.118],[8.652,53.116],[8.65,53.118],[8.652,53.122],[8.636,53.133],[8.631,53.138],[8.628,53.143],[8.623,53.163],[8.621,53.167],[8.612,53.17],[8.582,53.174],[8.533,53.187],[8.515,53.198],[8.512,53.197],[8.505,53.201],[8.492,53.216],[8.483,53.224],[8.482,53.226],[8.49,53.228],[8.492,53.227],[8.505,53.229],[8.513,53.228],[8.517,53.228],[8.519,53.226],[8.521,53.227],[8.521,53.223],[8.523,53.223],[8.524,53.221],[8.526,53.221],[8.53,53.216],[8.541,53.215],[8.554,53.208],[8.566,53.214],[8.572,53.211],[8.579,53.217],[8.596,53.213],[8.599,53.212],[8.597,53.208],[8.582,53.2],[8.581,53.199],[8.585,53.196],[8.58,53.193],[8.581,53.193],[8.58,53.19],[8.589,53.19],[8.593,53.187],[8.591,53.187],[8.592,53.185],[8.598,53.185],[8.599,53.187],[8.609,53.189],[8.609,53.192],[8.622,53.195],[8.622,53.197],[8.628,53.198],[8.632,53.196],[8.637,53.195],[8.639,53.193],[8.638,53.192],[8.644,53.189],[8.652,53.188],[8.655,53.186],[8.653,53.185],[8.658,53.182],[8.659,53.177],[8.664,53.176],[8.67,53.177],[8.671,53.179],[8.675,53.178]]],[[[8.526,53.593],[8.528,53.595],[8.525,53.597],[8.524,53.602],[8.521,53.603],[8.521,53.606],[8.524,53.607],[8.526,53.604],[8.527,53.606],[8.533,53.605],[8.534,53.608],[8.555,53.603],[8.559,53.604],[8.563,53.602],[8.586,53.597],[8.586,53.596],[8.592,53.593],[8.601,53.596],[8.613,53.603],[8.623,53.605],[8.64,53.605],[8.646,53.602],[8.647,53.603],[8.65,53.603],[8.651,53.603],[8.649,53.601],[8.638,53.595],[8.643,53.593],[8.628,53.583],[8.629,53.582],[8.624,53.577],[8.618,53.578],[8.617,53.574],[8.623,53.57],[8.631,53.556],[8.636,53.554],[8.646,53.556],[8.644,53.549],[8.645,53.541],[8.642,53.542],[8.642,53.536],[8.639,53.535],[8.64,53.525],[8.644,53.522],[8.646,53.519],[8.649,53.52],[8.652,53.516],[8.648,53.514],[8.651,53.511],[8.637,53.505],[8.638,53.503],[8.632,53.502],[8.631,53.494],[8.623,53.493],[8.62,53.489],[8.606,53.486],[8.606,53.484],[8.597,53.486],[8.591,53.485],[8.583,53.487],[8.577,53.486],[8.575,53.486],[8.574,53.489],[8.572,53.487],[8.571,53.488],[8.538,53.48],[8.53,53.48],[8.519,53.474],[8.515,53.477],[8.512,53.477],[8.506,53.471],[8.493,53.472],[8.493,53.475],[8.502,53.491],[8.51,53.498],[8.518,53.503],[8.521,53.501],[8.554,53.507],[8.561,53.51],[8.562,53.514],[8.571,53.518],[8.57,53.52],[8.575,53.53],[8.574,53.535],[8.577,53.539],[8.573,53.542],[8.569,53.543],[8.565,53.55],[8.563,53.549],[8.559,53.554],[8.556,53.555],[8.552,53.56],[8.548,53.563],[8.549,53.564],[8.546,53.565],[8.541,53.572],[8.538,53.573],[8.536,53.578],[8.531,53.58],[8.531,53.582],[8.525,53.588],[8.523,53.592],[8.526,53.593]]],[[[8.658,53.604],[8.654,53.603],[8.652,53.605],[8.644,53.605],[8.645,53.608],[8.643,53.609],[8.653,53.61],[8.654,53.608],[8.661,53.607],[8.658,53.604]]]]}},{"type":"Feature","properties":{"name":"Hamburg"},"geometry":{"type":"MultiPolygon","coordinates":[[[[10.176,53.711],[10.174,53.713],[10.166,53.711],[10.169,53.709],[10.158,53.705],[10.157,53.703],[10.161,53.7],[10.159,53.691],[10.152,53.687],[10.153,53.684],[10.151,53.682],[10.14,53.68],[10.141,53.678],[10.143,53.676],[10.153,53.675],[10.154,53.676],[10.156,53.673],[10.16,53.672],[10.155,53.671],[10.156,53.669],[10.162,53.671],[10.166,53.668],[10.172,53.669],[10.174,53.664],[10.178,53.663],[10.183,53.664],[10.188,53.658],[10.187,53.657],[10.196,53.655],[10.195,53.652],[10.199,53.646],[10.19,53.638],[10.199,53.636],[10.21,53.636],[10.222,53.634],[10.217,53.63],[10.217,53.626],[10.211,53.623],[10.206,53.623],[10.206,53.622],[10.189,53.613],[10.195,53.608],[10.197,53.6],[10.196,53.598],[10.192,53.596],[10.194,53.59],[10.201,53.584],[10.198,53.582],[10.196,53.585],[10.166,53.583],[10.163,53.584],[10.164,53.586],[10.162,53.586],[10.159,53.581],[10.152,53.577],[10.152,53.572],[10.147,53.566],[10.149,53.562],[10.157,53.56],[10.161,53.558],[10.159,53.555],[10.153,53.55],[10.151,53.545],[10.154,53.544],[10.152,53.543],[10.153,53.54],[10.154,53.54],[10.155,53.536],[10.16,53.538],[10.167,53.537],[10.162,53.526],[10.163,53.521],[10.19,53.513],[10.2,53.514],[10.211,53.52],[10.215,53.513],[10.219,53.511],[10.219,53.508],[10.224,53.506],[10.219,53.502],[10.219,53.499],[10.226,53.495],[10.237,53.496],[10.235,53.491],[10.237,53.489],[10.238,53.483],[10.248,53.48],[10.252,53.477],[10.258,53.478],[10.26,53.477],[10.259,53.476],[10.26,53.474],[10.264,53.475],[10.266,53.473],[10.265,53.47],[10.273,53.468],[10.269,53.464],[10.298,53.452],[10.299,53.45],[10.296,53.449],[10.301,53.444],[10.308,53.443],[10.312,53.452],[10.326,53.45],[10.316,53.441],[10.315,53.44],[10.319,53.438],[10.318,53.435],[10.308,53.435],[10.308,53.433],[10.285,53.425],[10.261,53.419],[10.255,53.415],[10.244,53.399],[10.239,53.396],[10.225,53.395],[10.198,53.399],[10.178,53.396],[10.169,53.398],[10.153,53.407],[10.146,53.415],[10.138,53.421],[10.132,53.423],[10.119,53.424],[10.109,53.427],[10.104,53.431],[10.097,53.441],[10.085,53.45],[10.078,53.454],[10.066,53.456],[10.052,53.464],[10.043,53.459],[10.042,53.456],[10.045,53.455],[10.042,53.452],[10.049,53.45],[10.046,53.447],[10.036,53.447],[10.032,53.444],[10.021,53.447],[10.015,53.442],[10.026,53.438],[10.029,53.435],[10.022,53.431],[10.018,53.43],[10.019,53.429],[10.01,53.429],[10.002,53.425],[9.996,53.426],[9.993,53.42],[9.989,53.421],[9.987,53.417],[9.984,53.417],[9.984,53.415],[9.975,53.415],[9.978,53.419],[9.976,53.422],[9.971,53.424],[9.964,53.422],[9.961,53.424],[9.963,53.427],[9.949,53.431],[9.942,53.421],[9.925,53.42],[9.916,53.414],[9.907,53.416],[9.908,53.419],[9.916,53.425],[9.915,53.43],[9.921,53.437],[9.917,53.443],[9.915,53.443],[9.914,53.448],[9.904,53.457],[9.902,53.457],[9.899,53.458],[9.899,53.455],[9.896,53.457],[9.889,53.451],[9.873,53.442],[9.869,53.445],[9.867,53.44],[9.861,53.44],[9.86,53.437],[9.865,53.432],[9.862,53.43],[9.859,53.434],[9.836,53.452],[9.814,53.462],[9.807,53.463],[9.806,53.467],[9.803,53.467],[9.803,53.469],[9.8,53.47],[9.8,53.475],[9.799,53.475],[9.802,53.493],[9.793,53.494],[9.783,53.492],[9.784,53.5],[9.764,53.508],[9.772,53.523],[9.775,53.521],[9.774,53.519],[9.777,53.518],[9.778,53.52],[9.776,53.525],[9.774,53.525],[9.774,53.528],[9.77,53.529],[9.771,53.531],[9.765,53.541],[9.772,53.543],[9.792,53.535],[9.816,53.529],[9.825,53.533],[9.811,53.539],[9.81,53.541],[9.823,53.548],[9.878,53.54],[9.934,53.54],[9.936,53.544],[9.916,53.544],[9.863,53.547],[9.771,53.563],[9.734,53.565],[9.737,53.577],[9.742,53.578],[9.741,53.58],[9.738,53.58],[9.736,53.582],[9.74,53.583],[9.741,53.586],[9.746,53.589],[9.747,53.592],[9.743,53.598],[9.748,53.604],[9.756,53.602],[9.759,53.611],[9.754,53.613],[9.758,53.618],[9.76,53.624],[9.764,53.625],[9.764,53.627],[9.77,53.627],[9.769,53.623],[9.771,53.616],[9.789,53.611],[9.791,53.609],[9.795,53.61],[9.798,53.608],[9.797,53.606],[9.79,53.604],[9.798,53.596],[9.805,53.594],[9.816,53.586],[9.825,53.584],[9.829,53.585],[9.837,53.587],[9.837,53.592],[9.84,53.593],[9.84,53.595],[9.845,53.595],[9.845,53.596],[9.858,53.6],[9.858,53.602],[9.862,53.607],[9.868,53.609],[9.87,53.614],[9.879,53.62],[9.89,53.622],[9.885,53.623],[9.888,53.627],[9.895,53.63],[9.892,53.631],[9.896,53.632],[9.897,53.635],[9.901,53.637],[9.9,53.64],[9.905,53.642],[9.905,53.652],[9.914,53.654],[9.915,53.655],[9.918,53.654],[9.921,53.656],[9.925,53.653],[9.945,53.653],[9.95,53.651],[9.954,53.652],[9.966,53.649],[9.969,53.651],[9.974,53.648],[9.975,53.65],[9.982,53.649],[9.985,53.647],[9.99,53.65],[9.988,53.656],[9.991,53.658],[9.991,53.671],[9.993,53.677],[9.999,53.681],[10.041,53.682],[10.05,53.677],[10.069,53.679],[10.066,53.685],[10.067,53.686],[10.062,53.686],[10.061,53.688],[10.066,53.689],[10.069,53.696],[10.071,53.696],[10.074,53.699],[10.078,53.7],[10.076,53.701],[10.079,53.704],[10.07,53.706],[10.074,53.709],[10.069,53.711],[10.071,53.712],[10.075,53.711],[10.08,53.714],[10.076,53.715],[10.082,53.72],[10.102,53.718],[10.104,53.715],[10.113,53.715],[10.115,53.716],[10.118,53.714],[10.121,53.713],[10.126,53.72],[10.14,53.726],[10.145,53.725],[10.151,53.73],[10.162,53.733],[10.163,53.738],[10.171,53.737],[10.189,53.73],[10.194,53.731],[10.191,53.722],[10.182,53.709],[10.176,53.711]]],[[[8.5,53.931],[8.515,53.925],[8.518,53.921],[8.515,53.917],[8.509,53.916],[8.506,53.913],[8.493,53.913],[8.488,53.914],[8.488,53.916],[8.492,53.915],[8.487,53.919],[8.491,53.922],[8.488,53.925],[8.495,53.928],[8.492,53.93],[8.5,53.931]]],[[[8.435,53.949],[8.435,53.947],[8.428,53.946],[8.424,53.948],[8.424,53.95],[8.435,53.951],[8.435,53.949]]],[[[8.444,53.963],[8.445,53.962],[8.44,53.96],[8.435,53.961],[8.436,53.962],[8.444,53.963]]]]}},{"type":"Feature","properties":{"name":"Hessen"},"geometry":{"type":"MultiPolygon","coordinates":[[[[8.886,49.417],[8.873,49.413],[8.862,49.402],[8.851,49.395],[8.845,49.397],[8.839,49.405],[8.832,49.408],[8.828,49.407],[8.828,49.402],[8.822,49.395],[8.815,49.397],[8.808,49.402],[8.803,49.404],[8.808,49.406],[8.804,49.407],[8.801,49.411],[8.808,49.412],[8.806,49.415],[8.807,49.419],[8.817,49.423],[8.825,49.422],[8.831,49.423],[8.836,49.43],[8.837,49.434],[8.833,49.437],[8.833,49.447],[8.835,49.45],[8.829,49.461],[8.823,49.463],[8.827,49.469],[8.837,49.475],[8.841,49.476],[8.852,49.484],[8.86,49.481],[8.866,49.475],[8.863,49.467],[8.868,49.465],[8.877,49.467],[8.89,49.475],[8.89,49.479],[8.893,49.482],[8.899,49.485],[8.899,49.49],[8.9,49.494],[8.897,49.498],[8.9,49.504],[8.892,49.503],[8.883,49.506],[8.857,49.501],[8.848,49.502],[8.845,49.501],[8.845,49.498],[8.839,49.499],[8.839,49.494],[8.837,49.493],[8.831,49.492],[8.817,49.506],[8.819,49.512],[8.821,49.514],[8.819,49.521],[8.823,49.524],[8.822,49.525],[8.816,49.526],[8.815,49.524],[8.811,49.527],[8.809,49.526],[8.798,49.519],[8.797,49.515],[8.799,49.512],[8.792,49.514],[8.782,49.515],[8.777,49.518],[8.772,49.518],[8.768,49.515],[8.764,49.515],[8.749,49.522],[8.74,49.523],[8.737,49.519],[8.728,49.518],[8.727,49.521],[8.724,49.521],[8.725,49.523],[8.736,49.521],[8.736,49.525],[8.725,49.526],[8.721,49.529],[8.723,49.531],[8.719,49.533],[8.715,49.534],[8.712,49.532],[8.71,49.532],[8.707,49.536],[8.703,49.535],[8.705,49.539],[8.704,49.545],[8.706,49.548],[8.704,49.55],[8.699,49.549],[8.692,49.556],[8.694,49.56],[8.684,49.57],[8.686,49.571],[8.684,49.572],[8.685,49.576],[8.681,49.575],[8.681,49.577],[8.684,49.577],[8.684,49.59],[8.696,49.592],[8.698,49.6],[8.695,49.604],[8.692,49.603],[8.693,49.605],[8.691,49.607],[8.682,49.603],[8.68,49.607],[8.675,49.608],[8.672,49.611],[8.673,49.613],[8.677,49.614],[8.678,49.609],[8.686,49.608],[8.688,49.61],[8.687,49.613],[8.685,49.613],[8.684,49.61],[8.679,49.612],[8.679,49.614],[8.683,49.616],[8.685,49.614],[8.688,49.615],[8.687,49.616],[8.69,49.619],[8.694,49.619],[8.692,49.62],[8.694,49.622],[8.692,49.624],[8.687,49.623],[8.678,49.626],[8.654,49.618],[8.65,49.621],[8.594,49.611],[8.595,49.605],[8.589,49.605],[8.591,49.596],[8.594,49.593],[8.603,49.593],[8.609,49.576],[8.608,49.57],[8.621,49.545],[8.611,49.539],[8.607,49.533],[8.607,49.532],[8.608,49.531],[8.607,49.529],[8.598,49.532],[8.591,49.521],[8.584,49.522],[8.581,49.52],[8.573,49.522],[8.56,49.517],[8.553,49.52],[8.551,49.525],[8.542,49.529],[8.532,49.536],[8.526,49.548],[8.495,49.573],[8.48,49.575],[8.48,49.579],[8.474,49.581],[8.476,49.584],[8.464,49.59],[8.446,49.59],[8.441,49.589],[8.438,49.584],[8.43,49.585],[8.422,49.583],[8.409,49.605],[8.393,49.615],[8.382,49.627],[8.37,49.659],[8.363,49.666],[8.357,49.678],[8.357,49.692],[8.363,49.699],[8.382,49.707],[8.421,49.716],[8.438,49.722],[8.454,49.741],[8.479,49.758],[8.479,49.764],[8.475,49.768],[8.47,49.769],[8.449,49.766],[8.433,49.766],[8.424,49.768],[8.418,49.773],[8.414,49.777],[8.412,49.787],[8.406,49.797],[8.395,49.809],[8.383,49.819],[8.378,49.825],[8.378,49.833],[8.385,49.848],[8.384,49.856],[8.375,49.862],[8.357,49.865],[8.347,49.875],[8.344,49.88],[8.342,49.887],[8.344,49.893],[8.354,49.908],[8.355,49.916],[8.343,49.941],[8.342,49.949],[8.338,49.956],[8.322,49.974],[8.308,49.984],[8.29,49.993],[8.272,50.01],[8.245,50.028],[8.229,50.031],[8.2,50.035],[8.181,50.035],[8.145,50.026],[8.13,50.024],[8.08,50.007],[8.05,50.005],[8.036,50.002],[8.007,49.99],[7.967,49.978],[7.939,49.974],[7.926,49.975],[7.887,49.972],[7.878,49.973],[7.871,49.976],[7.865,49.981],[7.859,50.001],[7.858,50.006],[7.854,50.011],[7.848,50.015],[7.83,50.022],[7.806,50.039],[7.792,50.044],[7.78,50.051],[7.773,50.059],[7.774,50.066],[7.782,50.067],[7.788,50.069],[7.787,50.072],[7.796,50.077],[7.803,50.085],[7.815,50.083],[7.817,50.081],[7.821,50.081],[7.822,50.084],[7.827,50.082],[7.837,50.084],[7.839,50.087],[7.833,50.092],[7.837,50.094],[7.835,50.095],[7.83,50.093],[7.832,50.096],[7.832,50.098],[7.83,50.098],[7.831,50.099],[7.837,50.1],[7.838,50.102],[7.835,50.104],[7.835,50.106],[7.838,50.107],[7.838,50.108],[7.835,50.11],[7.843,50.112],[7.845,50.123],[7.854,50.128],[7.86,50.128],[7.865,50.123],[7.865,50.121],[7.875,50.119],[7.879,50.116],[7.881,50.117],[7.885,50.114],[7.897,50.121],[7.903,50.122],[7.913,50.115],[7.92,50.108],[7.92,50.104],[7.923,50.102],[7.924,50.103],[7.93,50.104],[7.926,50.105],[7.925,50.109],[7.926,50.111],[7.925,50.115],[7.928,50.119],[7.925,50.121],[7.923,50.126],[7.923,50.135],[7.928,50.141],[7.933,50.144],[7.92,50.148],[7.917,50.151],[7.912,50.152],[7.908,50.156],[7.891,50.163],[7.884,50.17],[7.889,50.174],[7.887,50.176],[7.885,50.176],[7.883,50.181],[7.891,50.184],[7.897,50.189],[7.91,50.194],[7.912,50.196],[7.908,50.201],[7.915,50.206],[7.921,50.208],[7.947,50.21],[7.947,50.212],[7.952,50.214],[7.948,50.218],[7.953,50.22],[7.965,50.221],[7.971,50.222],[7.974,50.225],[7.985,50.227],[7.989,50.231],[7.987,50.235],[7.99,50.239],[7.991,50.236],[7.997,50.236],[7.992,50.232],[8.001,50.229],[8.006,50.229],[8.003,50.224],[8.011,50.222],[8.013,50.22],[8.012,50.218],[8.035,50.216],[8.037,50.219],[8.033,50.221],[8.041,50.226],[8.041,50.226],[8.038,50.227],[8.04,50.229],[8.043,50.23],[8.044,50.227],[8.047,50.228],[8.059,50.234],[8.048,50.241],[8.049,50.244],[8.044,50.242],[8.039,50.246],[8.035,50.246],[8.038,50.249],[8.031,50.256],[8.025,50.254],[8.022,50.258],[8.025,50.26],[8.026,50.262],[8.036,50.265],[8.036,50.271],[8.053,50.274],[8.067,50.272],[8.072,50.273],[8.075,50.267],[8.083,50.266],[8.079,50.261],[8.084,50.261],[8.092,50.265],[8.103,50.26],[8.107,50.261],[8.113,50.271],[8.122,50.277],[8.12,50.283],[8.122,50.286],[8.12,50.289],[8.123,50.291],[8.12,50.293],[8.121,50.296],[8.119,50.3],[8.117,50.299],[8.116,50.303],[8.111,50.303],[8.104,50.307],[8.104,50.309],[8.102,50.31],[8.107,50.322],[8.102,50.324],[8.103,50.327],[8.098,50.327],[8.094,50.328],[8.094,50.33],[8.074,50.329],[8.074,50.332],[8.072,50.332],[8.073,50.334],[8.077,50.336],[8.077,50.343],[8.076,50.343],[8.077,50.348],[8.073,50.354],[8.072,50.354],[8.07,50.358],[8.067,50.358],[8.066,50.367],[8.06,50.375],[8.058,50.373],[8.051,50.376],[8.053,50.379],[8.051,50.38],[8.049,50.376],[8.046,50.375],[8.045,50.376],[8.049,50.378],[8.046,50.379],[8.043,50.386],[8.04,50.386],[8.04,50.385],[8.038,50.385],[8.038,50.383],[8.034,50.382],[8.018,50.383],[8.014,50.385],[8.02,50.386],[8.021,50.399],[8.024,50.401],[8.009,50.401],[8.008,50.399],[8.005,50.4],[8.005,50.399],[7.991,50.4],[7.987,50.398],[7.984,50.399],[7.99,50.401],[7.982,50.408],[7.978,50.406],[7.972,50.406],[7.969,50.41],[7.964,50.41],[7.964,50.412],[7.966,50.415],[7.975,50.414],[7.981,50.418],[7.984,50.426],[7.988,50.428],[7.984,50.432],[7.989,50.434],[7.988,50.435],[7.983,50.436],[7.978,50.434],[7.975,50.436],[7.975,50.438],[7.989,50.44],[7.991,50.444],[8.001,50.445],[8.0,50.447],[8.008,50.449],[8.008,50.451],[8.011,50.453],[8.009,50.458],[8.011,50.461],[8.0,50.463],[7.999,50.466],[7.995,50.468],[7.995,50.471],[7.988,50.473],[7.989,50.475],[7.987,50.475],[7.986,50.477],[7.987,50.48],[7.986,50.48],[7.986,50.483],[7.982,50.483],[7.979,50.485],[7.98,50.486],[7.979,50.488],[7.981,50.494],[7.979,50.495],[7.99,50.499],[7.986,50.503],[7.983,50.511],[7.99,50.513],[7.997,50.517],[7.993,50.522],[8.005,50.531],[8.009,50.529],[8.011,50.531],[8.014,50.535],[8.028,50.544],[8.029,50.55],[8.028,50.551],[8.041,50.553],[8.043,50.554],[8.042,50.557],[8.046,50.557],[8.049,50.553],[8.066,50.549],[8.069,50.546],[8.07,50.538],[8.087,50.538],[8.091,50.535],[8.093,50.537],[8.101,50.535],[8.103,50.533],[8.115,50.536],[8.118,50.535],[8.121,50.54],[8.116,50.539],[8.111,50.542],[8.111,50.544],[8.117,50.545],[8.119,50.548],[8.138,50.551],[8.132,50.558],[8.133,50.562],[8.135,50.562],[8.135,50.564],[8.14,50.566],[8.14,50.572],[8.147,50.582],[8.148,50.586],[8.152,50.594],[8.152,50.599],[8.149,50.599],[8.148,50.602],[8.128,50.608],[8.126,50.61],[8.138,50.618],[8.135,50.618],[8.136,50.62],[8.139,50.62],[8.138,50.623],[8.14,50.624],[8.14,50.626],[8.141,50.627],[8.139,50.63],[8.141,50.63],[8.129,50.639],[8.127,50.642],[8.127,50.645],[8.124,50.645],[8.118,50.651],[8.114,50.653],[8.11,50.657],[8.11,50.671],[8.113,50.676],[8.12,50.677],[8.126,50.683],[8.127,50.693],[8.131,50.697],[8.137,50.694],[8.143,50.695],[8.15,50.706],[8.151,50.713],[8.161,50.725],[8.159,50.726],[8.166,50.733],[8.167,50.736],[8.164,50.741],[8.165,50.742],[8.16,50.743],[8.164,50.745],[8.158,50.749],[8.155,50.748],[8.153,50.751],[8.154,50.752],[8.153,50.755],[8.149,50.756],[8.152,50.76],[8.147,50.763],[8.147,50.764],[8.143,50.763],[8.136,50.767],[8.142,50.772],[8.132,50.777],[8.132,50.778],[8.13,50.779],[8.131,50.781],[8.128,50.786],[8.129,50.788],[8.126,50.788],[8.138,50.79],[8.143,50.795],[8.166,50.803],[8.171,50.808],[8.175,50.816],[8.174,50.817],[8.181,50.82],[8.181,50.822],[8.183,50.825],[8.196,50.833],[8.209,50.837],[8.214,50.842],[8.231,50.851],[8.233,50.855],[8.243,50.863],[8.26,50.871],[8.261,50.876],[8.27,50.881],[8.292,50.882],[8.292,50.877],[8.302,50.866],[8.305,50.864],[8.306,50.861],[8.32,50.861],[8.337,50.866],[8.345,50.864],[8.353,50.865],[8.359,50.861],[8.369,50.865],[8.367,50.868],[8.372,50.874],[8.386,50.876],[8.388,50.88],[8.389,50.886],[8.388,50.89],[8.389,50.892],[8.397,50.894],[8.405,50.9],[8.406,50.902],[8.427,50.913],[8.433,50.918],[8.44,50.916],[8.456,50.916],[8.459,50.921],[8.454,50.928],[8.456,50.929],[8.455,50.931],[8.45,50.933],[8.451,50.938],[8.449,50.941],[8.462,50.95],[8.46,50.952],[8.461,50.959],[8.46,50.962],[8.46,50.964],[8.459,50.965],[8.46,50.967],[8.469,50.969],[8.478,50.969],[8.474,50.973],[8.473,50.975],[8.487,50.986],[8.496,50.988],[8.498,50.992],[8.497,50.993],[8.501,50.998],[8.511,51.002],[8.517,51.006],[8.514,51.009],[8.525,51.01],[8.531,51.014],[8.531,51.018],[8.539,51.019],[8.535,51.021],[8.536,51.022],[8.531,51.029],[8.527,51.03],[8.524,51.032],[8.526,51.034],[8.523,51.036],[8.525,51.039],[8.521,51.041],[8.521,51.043],[8.517,51.043],[8.517,51.042],[8.514,51.041],[8.514,51.039],[8.51,51.038],[8.505,51.041],[8.516,51.051],[8.52,51.05],[8.52,51.054],[8.523,51.054],[8.528,51.063],[8.522,51.069],[8.515,51.072],[8.506,51.072],[8.503,51.075],[8.502,51.08],[8.508,51.085],[8.514,51.087],[8.518,51.091],[8.523,51.09],[8.528,51.097],[8.54,51.096],[8.545,51.097],[8.551,51.103],[8.558,51.103],[8.565,51.102],[8.601,51.102],[8.657,51.095],[8.691,51.109],[8.707,51.108],[8.72,51.11],[8.719,51.112],[8.72,51.114],[8.719,51.116],[8.713,51.117],[8.702,51.117],[8.703,51.119],[8.701,51.123],[8.696,51.123],[8.697,51.126],[8.692,51.129],[8.692,51.133],[8.703,51.142],[8.709,51.145],[8.708,51.147],[8.714,51.152],[8.718,51.151],[8.736,51.161],[8.737,51.164],[8.748,51.169],[8.747,51.17],[8.749,51.172],[8.758,51.177],[8.75,51.181],[8.749,51.198],[8.757,51.203],[8.765,51.204],[8.768,51.209],[8.75,51.214],[8.742,51.218],[8.737,51.228],[8.738,51.232],[8.731,51.24],[8.731,51.244],[8.728,51.25],[8.732,51.254],[8.732,51.257],[8.737,51.262],[8.722,51.268],[8.724,51.269],[8.722,51.274],[8.696,51.274],[8.692,51.277],[8.69,51.275],[8.685,51.274],[8.685,51.271],[8.68,51.268],[8.668,51.268],[8.653,51.264],[8.641,51.263],[8.628,51.261],[8.629,51.258],[8.625,51.253],[8.611,51.247],[8.594,51.248],[8.589,51.25],[8.585,51.255],[8.585,51.257],[8.578,51.267],[8.568,51.27],[8.556,51.278],[8.566,51.288],[8.581,51.297],[8.586,51.298],[8.588,51.303],[8.592,51.303],[8.598,51.309],[8.598,51.311],[8.603,51.315],[8.603,51.32],[8.605,51.324],[8.613,51.327],[8.617,51.327],[8.62,51.331],[8.62,51.334],[8.621,51.337],[8.638,51.344],[8.644,51.341],[8.654,51.34],[8.656,51.35],[8.66,51.348],[8.662,51.352],[8.667,51.353],[8.667,51.356],[8.672,51.356],[8.676,51.36],[8.681,51.359],[8.684,51.362],[8.677,51.37],[8.677,51.372],[8.694,51.377],[8.7,51.377],[8.71,51.374],[8.716,51.375],[8.733,51.372],[8.74,51.375],[8.76,51.378],[8.773,51.385],[8.782,51.386],[8.804,51.391],[8.819,51.389],[8.823,51.39],[8.827,51.385],[8.837,51.389],[8.838,51.383],[8.854,51.377],[8.865,51.381],[8.89,51.393],[8.916,51.393],[8.94,51.389],[8.939,51.394],[8.943,51.397],[8.94,51.403],[8.942,51.406],[8.941,51.41],[8.951,51.413],[8.946,51.419],[8.948,51.428],[8.934,51.431],[8.919,51.43],[8.918,51.433],[8.92,51.434],[8.918,51.437],[8.919,51.439],[8.921,51.44],[8.922,51.442],[8.92,51.443],[8.922,51.444],[8.922,51.446],[8.92,51.446],[8.919,51.449],[8.917,51.449],[8.914,51.453],[8.915,51.456],[8.911,51.462],[8.907,51.465],[8.902,51.466],[8.894,51.471],[8.891,51.478],[8.89,51.482],[8.897,51.486],[8.913,51.492],[8.928,51.493],[8.946,51.501],[8.981,51.509],[9.005,51.512],[9.021,51.519],[9.023,51.517],[9.024,51.511],[9.039,51.502],[9.057,51.502],[9.061,51.499],[9.067,51.499],[9.076,51.504],[9.092,51.494],[9.092,51.487],[9.077,51.465],[9.087,51.461],[9.085,51.456],[9.086,51.449],[9.089,51.447],[9.103,51.443],[9.132,51.446],[9.136,51.45],[9.149,51.442],[9.158,51.443],[9.162,51.444],[9.163,51.45],[9.175,51.461],[9.174,51.463],[9.181,51.465],[9.185,51.466],[9.216,51.46],[9.219,51.474],[9.217,51.481],[9.223,51.485],[9.225,51.489],[9.229,51.491],[9.24,51.491],[9.237,51.492],[9.241,51.497],[9.257,51.499],[9.264,51.498],[9.269,51.507],[9.273,51.508],[9.276,51.511],[9.287,51.516],[9.302,51.514],[9.303,51.512],[9.308,51.513],[9.307,51.514],[9.31,51.519],[9.316,51.523],[9.315,51.525],[9.315,51.527],[9.31,51.531],[9.312,51.533],[9.311,51.537],[9.314,51.538],[9.314,51.539],[9.317,51.541],[9.316,51.544],[9.319,51.544],[9.319,51.546],[9.32,51.547],[9.317,51.552],[9.325,51.553],[9.331,51.557],[9.336,51.56],[9.338,51.566],[9.346,51.57],[9.348,51.576],[9.352,51.58],[9.365,51.585],[9.368,51.589],[9.367,51.59],[9.369,51.591],[9.373,51.591],[9.371,51.594],[9.356,51.598],[9.35,51.604],[9.337,51.612],[9.337,51.615],[9.358,51.62],[9.371,51.619],[9.372,51.626],[9.378,51.627],[9.39,51.627],[9.399,51.625],[9.399,51.626],[9.427,51.631],[9.445,51.644],[9.438,51.648],[9.441,51.65],[9.45,51.648],[9.453,51.646],[9.468,51.654],[9.493,51.657],[9.497,51.656],[9.499,51.652],[9.492,51.64],[9.492,51.635],[9.496,51.631],[9.508,51.627],[9.525,51.627],[9.534,51.631],[9.541,51.639],[9.545,51.64],[9.555,51.636],[9.557,51.633],[9.561,51.631],[9.559,51.629],[9.561,51.629],[9.565,51.626],[9.571,51.625],[9.581,51.627],[9.586,51.626],[9.592,51.629],[9.61,51.63],[9.614,51.632],[9.616,51.635],[9.617,51.634],[9.626,51.637],[9.632,51.634],[9.627,51.631],[9.627,51.629],[9.632,51.626],[9.63,51.625],[9.637,51.623],[9.636,51.616],[9.638,51.609],[9.649,51.606],[9.661,51.593],[9.669,51.592],[9.672,51.587],[9.68,51.588],[9.691,51.576],[9.688,51.575],[9.684,51.566],[9.672,51.568],[9.66,51.573],[9.649,51.58],[9.645,51.58],[9.645,51.582],[9.634,51.584],[9.627,51.582],[9.625,51.574],[9.628,51.567],[9.636,51.559],[9.645,51.559],[9.648,51.553],[9.644,51.551],[9.634,51.551],[9.622,51.549],[9.618,51.555],[9.614,51.555],[9.613,51.558],[9.609,51.557],[9.614,51.548],[9.622,51.542],[9.62,51.532],[9.615,51.526],[9.609,51.522],[9.601,51.521],[9.592,51.523],[9.589,51.522],[9.586,51.519],[9.586,51.517],[9.597,51.509],[9.61,51.491],[9.62,51.481],[9.628,51.476],[9.64,51.473],[9.644,51.469],[9.643,51.466],[9.63,51.458],[9.629,51.455],[9.631,51.453],[9.629,51.451],[9.628,51.444],[9.633,51.436],[9.632,51.433],[9.634,51.426],[9.644,51.418],[9.641,51.415],[9.633,51.411],[9.631,51.412],[9.629,51.409],[9.631,51.406],[9.612,51.407],[9.594,51.398],[9.591,51.398],[9.588,51.403],[9.579,51.402],[9.574,51.392],[9.564,51.387],[9.56,51.381],[9.56,51.376],[9.575,51.373],[9.577,51.371],[9.577,51.37],[9.568,51.362],[9.559,51.36],[9.55,51.362],[9.548,51.359],[9.556,51.355],[9.559,51.348],[9.568,51.34],[9.582,51.342],[9.584,51.338],[9.595,51.335],[9.602,51.328],[9.606,51.328],[9.604,51.326],[9.617,51.328],[9.633,51.326],[9.639,51.322],[9.637,51.322],[9.633,51.324],[9.63,51.321],[9.629,51.312],[9.634,51.312],[9.636,51.317],[9.639,51.315],[9.643,51.315],[9.646,51.317],[9.662,51.312],[9.664,51.317],[9.668,51.316],[9.669,51.318],[9.675,51.316],[9.679,51.311],[9.687,51.31],[9.688,51.308],[9.695,51.307],[9.7,51.304],[9.709,51.304],[9.72,51.299],[9.73,51.297],[9.732,51.295],[9.761,51.306],[9.768,51.307],[9.771,51.318],[9.772,51.318],[9.775,51.325],[9.773,51.327],[9.77,51.325],[9.774,51.329],[9.772,51.329],[9.766,51.324],[9.764,51.325],[9.771,51.331],[9.773,51.336],[9.763,51.336],[9.764,51.334],[9.768,51.333],[9.757,51.329],[9.745,51.319],[9.738,51.319],[9.736,51.322],[9.737,51.329],[9.727,51.336],[9.727,51.341],[9.722,51.345],[9.721,51.349],[9.714,51.352],[9.713,51.355],[9.704,51.358],[9.702,51.361],[9.702,51.365],[9.723,51.37],[9.732,51.368],[9.739,51.369],[9.745,51.373],[9.752,51.375],[9.757,51.382],[9.766,51.386],[9.784,51.389],[9.794,51.388],[9.797,51.386],[9.801,51.387],[9.802,51.389],[9.8,51.394],[9.801,51.396],[9.8,51.399],[9.796,51.398],[9.793,51.402],[9.794,51.407],[9.803,51.41],[9.822,51.41],[9.83,51.404],[9.834,51.404],[9.832,51.403],[9.834,51.403],[9.841,51.403],[9.841,51.395],[9.839,51.391],[9.842,51.388],[9.84,51.384],[9.853,51.372],[9.865,51.372],[9.868,51.373],[9.868,51.375],[9.859,51.379],[9.86,51.381],[9.856,51.385],[9.861,51.394],[9.858,51.395],[9.851,51.401],[9.854,51.41],[9.851,51.414],[9.856,51.415],[9.856,51.413],[9.865,51.415],[9.866,51.413],[9.868,51.414],[9.873,51.411],[9.878,51.404],[9.881,51.405],[9.881,51.407],[9.885,51.41],[9.883,51.415],[9.899,51.416],[9.906,51.421],[9.909,51.414],[9.913,51.411],[9.906,51.41],[9.907,51.408],[9.927,51.395],[9.928,51.393],[9.931,51.393],[9.93,51.386],[9.933,51.38],[9.927,51.376],[9.928,51.375],[9.928,51.372],[9.925,51.372],[9.923,51.368],[9.926,51.359],[9.925,51.354],[9.93,51.351],[9.93,51.348],[9.933,51.346],[9.93,51.34],[9.943,51.334],[9.944,51.329],[9.948,51.326],[9.947,51.321],[9.949,51.318],[9.941,51.309],[9.941,51.306],[9.947,51.303],[9.96,51.305],[9.97,51.3],[9.971,51.294],[9.976,51.291],[9.972,51.285],[9.973,51.284],[9.983,51.283],[9.991,51.287],[9.997,51.285],[10.004,51.287],[10.01,51.283],[10.024,51.282],[10.03,51.278],[10.041,51.28],[10.049,51.278],[10.054,51.279],[10.06,51.276],[10.057,51.268],[10.055,51.266],[10.053,51.268],[10.05,51.265],[10.047,51.264],[10.047,51.26],[10.05,51.259],[10.05,51.255],[10.047,51.253],[10.048,51.252],[10.051,51.255],[10.054,51.255],[10.062,51.253],[10.068,51.249],[10.069,51.247],[10.066,51.246],[10.069,51.244],[10.079,51.243],[10.073,51.24],[10.068,51.231],[10.067,51.228],[10.072,51.225],[10.081,51.224],[10.09,51.227],[10.094,51.221],[10.106,51.222],[10.111,51.219],[10.113,51.215],[10.129,51.219],[10.135,51.218],[10.138,51.22],[10.145,51.218],[10.143,51.217],[10.144,51.213],[10.15,51.206],[10.161,51.208],[10.164,51.212],[10.168,51.212],[10.178,51.21],[10.188,51.204],[10.197,51.197],[10.195,51.194],[10.197,51.192],[10.211,51.19],[10.214,51.187],[10.22,51.186],[10.23,51.188],[10.236,51.187],[10.233,51.179],[10.23,51.175],[10.207,51.165],[10.208,51.155],[10.201,51.152],[10.2,51.15],[10.211,51.142],[10.21,51.141],[10.204,51.136],[10.206,51.127],[10.211,51.126],[10.211,51.123],[10.206,51.122],[10.209,51.118],[10.207,51.118],[10.207,51.117],[10.2,51.113],[10.19,51.117],[10.188,51.12],[10.19,51.122],[10.179,51.128],[10.18,51.128],[10.178,51.131],[10.185,51.133],[10.183,51.138],[10.186,51.138],[10.185,51.141],[10.178,51.142],[10.176,51.147],[10.169,51.153],[10.158,51.148],[10.153,51.149],[10.147,51.145],[10.126,51.146],[10.128,51.144],[10.118,51.14],[10.121,51.137],[10.131,51.135],[10.135,51.13],[10.14,51.128],[10.14,51.125],[10.146,51.126],[10.149,51.12],[10.154,51.118],[10.17,51.119],[10.175,51.117],[10.173,51.111],[10.176,51.109],[10.175,51.107],[10.172,51.105],[10.167,51.108],[10.16,51.108],[10.159,51.105],[10.164,51.103],[10.166,51.099],[10.157,51.096],[10.156,51.093],[10.147,51.087],[10.145,51.085],[10.148,51.084],[10.147,51.082],[10.151,51.078],[10.15,51.075],[10.152,51.074],[10.151,51.073],[10.155,51.07],[10.144,51.066],[10.147,51.063],[10.147,51.061],[10.141,51.06],[10.141,51.059],[10.146,51.057],[10.146,51.055],[10.16,51.053],[10.171,51.049],[10.182,51.048],[10.185,51.049],[10.185,51.046],[10.199,51.04],[10.198,51.039],[10.205,51.035],[10.203,51.032],[10.215,51.026],[10.209,51.019],[10.204,51.02],[10.203,51.019],[10.195,51.021],[10.193,51.019],[10.194,51.016],[10.201,51.014],[10.203,51.008],[10.197,51.007],[10.196,51.002],[10.192,51.002],[10.191,50.999],[10.181,50.998],[10.178,50.996],[10.174,50.999],[10.172,50.996],[10.17,50.998],[10.173,51.0],[10.168,51.001],[10.166,50.998],[10.147,50.994],[10.137,50.995],[10.136,50.997],[10.133,50.997],[10.132,50.999],[10.129,51.0],[10.128,51.003],[10.133,51.005],[10.128,51.009],[10.121,51.012],[10.109,51.01],[10.104,51.003],[10.094,51.007],[10.073,51.011],[10.066,51.009],[10.054,51.013],[10.036,51.012],[10.032,51.011],[10.028,51.007],[10.028,51.003],[10.025,50.997],[10.021,50.994],[10.024,50.985],[10.02,50.981],[10.024,50.976],[10.032,50.974],[10.033,50.971],[10.041,50.968],[10.032,50.96],[10.042,50.957],[10.045,50.95],[10.043,50.95],[10.043,50.949],[10.048,50.947],[10.048,50.946],[10.061,50.948],[10.064,50.945],[10.062,50.944],[10.054,50.94],[10.029,50.938],[10.027,50.943],[10.025,50.944],[10.024,50.941],[10.017,50.94],[10.018,50.937],[10.014,50.935],[10.011,50.935],[10.003,50.941],[9.999,50.937],[9.998,50.939],[9.991,50.944],[9.99,50.943],[9.992,50.941],[9.987,50.942],[9.982,50.939],[9.981,50.941],[9.975,50.942],[9.975,50.943],[9.968,50.941],[9.964,50.943],[9.95,50.942],[9.957,50.934],[9.953,50.928],[9.95,50.926],[9.957,50.923],[9.966,50.929],[9.966,50.93],[9.964,50.931],[9.966,50.934],[9.975,50.932],[9.992,50.934],[9.989,50.933],[9.989,50.931],[9.987,50.93],[9.988,50.928],[9.986,50.928],[9.985,50.925],[9.986,50.925],[9.982,50.92],[9.98,50.921],[9.97,50.913],[9.968,50.911],[9.972,50.907],[9.978,50.905],[9.985,50.907],[9.987,50.911],[10.004,50.922],[10.016,50.921],[10.016,50.917],[10.025,50.914],[10.025,50.912],[10.035,50.91],[10.034,50.909],[10.04,50.904],[10.038,50.903],[10.041,50.901],[10.051,50.9],[10.051,50.898],[10.047,50.898],[10.047,50.895],[10.042,50.893],[10.048,50.889],[10.05,50.891],[10.053,50.89],[10.053,50.893],[10.058,50.89],[10.056,50.887],[10.06,50.885],[10.057,50.885],[10.057,50.883],[10.059,50.883],[10.056,50.88],[10.039,50.874],[10.033,50.869],[10.024,50.867],[10.022,50.864],[10.019,50.856],[10.022,50.848],[10.036,50.854],[10.039,50.853],[10.036,50.847],[10.038,50.845],[10.034,50.845],[10.034,50.843],[10.027,50.841],[10.028,50.84],[10.028,50.836],[10.023,50.832],[10.01,50.835],[10.007,50.838],[10.003,50.834],[10.002,50.829],[9.998,50.828],[9.998,50.827],[9.995,50.826],[9.992,50.83],[9.992,50.828],[9.988,50.828],[9.984,50.83],[9.984,50.832],[9.977,50.833],[9.967,50.827],[9.952,50.821],[9.95,50.815],[9.956,50.816],[9.957,50.812],[9.955,50.811],[9.957,50.81],[9.946,50.801],[9.944,50.798],[9.944,50.794],[9.949,50.788],[9.955,50.785],[9.95,50.78],[9.954,50.779],[9.952,50.778],[9.952,50.773],[9.943,50.771],[9.949,50.779],[9.945,50.779],[9.942,50.775],[9.938,50.776],[9.937,50.774],[9.931,50.777],[9.928,50.777],[9.925,50.775],[9.929,50.77],[9.923,50.765],[9.92,50.76],[9.927,50.757],[9.934,50.758],[9.94,50.756],[9.939,50.753],[9.94,50.748],[9.939,50.744],[9.941,50.743],[9.941,50.742],[9.941,50.739],[9.936,50.734],[9.938,50.733],[9.934,50.726],[9.935,50.724],[9.912,50.709],[9.909,50.705],[9.911,50.701],[9.92,50.698],[9.922,50.696],[9.924,50.695],[9.915,50.694],[9.915,50.691],[9.912,50.691],[9.913,50.688],[9.906,50.684],[9.899,50.682],[9.895,50.684],[9.889,50.677],[9.881,50.673],[9.883,50.672],[9.88,50.67],[9.882,50.669],[9.88,50.666],[9.885,50.655],[9.884,50.651],[9.878,50.644],[9.877,50.639],[9.879,50.639],[9.879,50.635],[9.886,50.634],[9.9,50.637],[9.906,50.64],[9.91,50.636],[9.916,50.637],[9.922,50.635],[9.93,50.629],[9.94,50.629],[9.946,50.627],[9.961,50.63],[9.96,50.636],[9.969,50.641],[9.95,50.656],[9.949,50.658],[9.951,50.66],[9.948,50.662],[9.951,50.666],[9.958,50.666],[9.961,50.668],[9.963,50.666],[9.969,50.667],[9.974,50.666],[9.975,50.669],[9.977,50.668],[9.989,50.675],[10.002,50.677],[10.021,50.673],[10.031,50.675],[10.049,50.674],[10.054,50.671],[10.058,50.665],[10.065,50.659],[10.07,50.656],[10.074,50.643],[10.08,50.636],[10.079,50.635],[10.083,50.634],[10.081,50.62],[10.072,50.62],[10.068,50.622],[10.067,50.624],[10.057,50.626],[10.055,50.624],[10.05,50.624],[10.046,50.621],[10.048,50.619],[10.037,50.613],[10.04,50.605],[10.049,50.599],[10.048,50.594],[10.05,50.585],[10.046,50.581],[10.045,50.575],[10.046,50.571],[10.053,50.561],[10.062,50.557],[10.057,50.555],[10.047,50.545],[10.048,50.539],[10.04,50.533],[10.038,50.529],[10.04,50.525],[10.043,50.522],[10.041,50.517],[10.04,50.516],[10.042,50.509],[10.037,50.5],[10.041,50.495],[10.034,50.49],[10.036,50.487],[10.032,50.486],[10.034,50.481],[10.022,50.475],[10.018,50.467],[10.005,50.464],[9.998,50.461],[9.993,50.455],[9.994,50.451],[9.99,50.447],[9.986,50.443],[9.979,50.442],[9.973,50.437],[9.967,50.434],[9.962,50.429],[9.963,50.426],[9.958,50.423],[9.943,50.423],[9.927,50.416],[9.919,50.411],[9.91,50.409],[9.901,50.404],[9.893,50.404],[9.883,50.399],[9.877,50.403],[9.873,50.409],[9.87,50.409],[9.86,50.398],[9.847,50.399],[9.848,50.401],[9.838,50.406],[9.826,50.407],[9.823,50.406],[9.813,50.413],[9.808,50.412],[9.811,50.417],[9.811,50.419],[9.807,50.423],[9.803,50.424],[9.789,50.425],[9.78,50.418],[9.77,50.426],[9.762,50.426],[9.76,50.425],[9.757,50.418],[9.751,50.414],[9.751,50.411],[9.758,50.406],[9.759,50.402],[9.754,50.391],[9.755,50.387],[9.75,50.378],[9.744,50.372],[9.746,50.366],[9.743,50.362],[9.733,50.356],[9.733,50.351],[9.74,50.35],[9.747,50.341],[9.744,50.331],[9.744,50.328],[9.749,50.325],[9.747,50.322],[9.744,50.321],[9.744,50.318],[9.748,50.314],[9.746,50.31],[9.74,50.306],[9.739,50.303],[9.73,50.298],[9.73,50.296],[9.725,50.295],[9.72,50.295],[9.721,50.292],[9.713,50.292],[9.703,50.281],[9.69,50.278],[9.682,50.279],[9.665,50.271],[9.656,50.272],[9.652,50.27],[9.648,50.265],[9.649,50.262],[9.646,50.259],[9.642,50.257],[9.643,50.255],[9.637,50.252],[9.639,50.248],[9.668,50.239],[9.664,50.234],[9.654,50.232],[9.647,50.235],[9.636,50.235],[9.62,50.227],[9.623,50.226],[9.622,50.223],[9.615,50.223],[9.615,50.225],[9.614,50.225],[9.604,50.222],[9.596,50.223],[9.594,50.225],[9.583,50.221],[9.58,50.224],[9.58,50.227],[9.576,50.232],[9.55,50.228],[9.542,50.224],[9.538,50.226],[9.537,50.232],[9.534,50.234],[9.514,50.234],[9.501,50.243],[9.499,50.24],[9.502,50.238],[9.498,50.234],[9.495,50.227],[9.503,50.22],[9.505,50.215],[9.502,50.212],[9.504,50.209],[9.507,50.207],[9.511,50.202],[9.516,50.2],[9.516,50.195],[9.513,50.194],[9.508,50.195],[9.501,50.193],[9.501,50.19],[9.503,50.19],[9.503,50.188],[9.501,50.188],[9.501,50.182],[9.498,50.175],[9.505,50.169],[9.528,50.168],[9.531,50.161],[9.522,50.15],[9.51,50.148],[9.508,50.146],[9.51,50.132],[9.519,50.114],[9.518,50.109],[9.519,50.106],[9.513,50.099],[9.514,50.097],[9.512,50.094],[9.5,50.097],[9.495,50.095],[9.478,50.095],[9.46,50.09],[9.445,50.09],[9.436,50.085],[9.424,50.086],[9.413,50.084],[9.405,50.088],[9.395,50.097],[9.383,50.119],[9.376,50.126],[9.376,50.13],[9.369,50.131],[9.342,50.131],[9.336,50.137],[9.327,50.141],[9.323,50.141],[9.315,50.136],[9.308,50.133],[9.286,50.142],[9.274,50.143],[9.266,50.139],[9.253,50.139],[9.236,50.146],[9.222,50.149],[9.219,50.147],[9.211,50.147],[9.21,50.143],[9.195,50.139],[9.183,50.138],[9.187,50.133],[9.19,50.132],[9.192,50.127],[9.175,50.12],[9.173,50.116],[9.174,50.114],[9.168,50.11],[9.159,50.1],[9.162,50.098],[9.149,50.091],[9.149,50.093],[9.143,50.097],[9.15,50.105],[9.154,50.107],[9.156,50.112],[9.154,50.115],[9.154,50.118],[9.145,50.114],[9.12,50.127],[9.098,50.126],[9.095,50.12],[9.093,50.12],[9.089,50.117],[9.077,50.116],[9.071,50.119],[9.065,50.117],[9.018,50.112],[9.014,50.109],[9.004,50.097],[8.997,50.092],[8.999,50.069],[8.993,50.066],[8.991,50.067],[8.984,50.058],[8.977,50.052],[8.976,50.049],[8.979,50.044],[8.985,50.042],[9.012,50.046],[9.025,50.043],[9.031,50.04],[9.032,50.036],[9.03,50.025],[9.031,50.02],[9.04,50.01],[9.036,50.008],[9.037,50.005],[9.035,50.002],[9.041,50.0],[9.049,49.994],[9.049,49.992],[9.046,49.99],[9.037,49.99],[9.03,49.991],[9.023,49.997],[9.017,49.994],[9.016,49.989],[9.02,49.986],[9.02,49.978],[9.019,49.978],[9.026,49.955],[9.019,49.947],[9.025,49.946],[9.026,49.939],[9.03,49.932],[9.029,49.927],[9.032,49.925],[9.023,49.91],[9.032,49.909],[9.03,49.906],[9.033,49.904],[9.031,49.904],[9.033,49.902],[9.031,49.901],[9.036,49.899],[9.038,49.876],[9.044,49.873],[9.046,49.87],[9.05,49.868],[9.048,49.866],[9.043,49.868],[9.038,49.866],[9.037,49.867],[9.033,49.867],[9.034,49.86],[9.044,49.855],[9.043,49.85],[9.041,49.847],[9.036,49.846],[9.038,49.843],[9.041,49.84],[9.043,49.844],[9.045,49.842],[9.049,49.842],[9.053,49.846],[9.059,49.847],[9.061,49.845],[9.055,49.843],[9.053,49.84],[9.054,49.839],[9.058,49.841],[9.06,49.841],[9.056,49.835],[9.058,49.833],[9.064,49.832],[9.07,49.833],[9.071,49.836],[9.085,49.847],[9.09,49.841],[9.081,49.838],[9.078,49.835],[9.083,49.833],[9.083,49.83],[9.086,49.829],[9.087,49.826],[9.082,49.824],[9.077,49.818],[9.086,49.807],[9.087,49.799],[9.09,49.796],[9.091,49.791],[9.094,49.79],[9.108,49.798],[9.132,49.795],[9.129,49.794],[9.129,49.788],[9.134,49.783],[9.127,49.776],[9.113,49.774],[9.112,49.77],[9.114,49.768],[9.111,49.767],[9.107,49.759],[9.112,49.757],[9.128,49.755],[9.145,49.748],[9.143,49.745],[9.151,49.743],[9.145,49.738],[9.141,49.73],[9.136,49.724],[9.134,49.717],[9.13,49.715],[9.123,49.715],[9.123,49.712],[9.125,49.707],[9.127,49.707],[9.128,49.703],[9.126,49.7],[9.119,49.698],[9.094,49.696],[9.09,49.693],[9.088,49.69],[9.09,49.677],[9.089,49.669],[9.103,49.66],[9.1,49.653],[9.101,49.649],[9.099,49.645],[9.102,49.642],[9.092,49.635],[9.086,49.636],[9.084,49.635],[9.081,49.632],[9.08,49.63],[9.067,49.621],[9.065,49.616],[9.069,49.609],[9.066,49.602],[9.074,49.601],[9.083,49.602],[9.091,49.589],[9.103,49.579],[9.099,49.561],[9.083,49.562],[9.081,49.565],[9.081,49.57],[9.078,49.575],[9.073,49.575],[9.072,49.565],[9.088,49.55],[9.087,49.545],[9.085,49.543],[9.104,49.538],[9.105,49.536],[9.109,49.536],[9.114,49.535],[9.118,49.528],[9.12,49.527],[9.12,49.526],[9.127,49.522],[9.124,49.52],[9.126,49.517],[9.12,49.512],[9.106,49.51],[9.105,49.511],[9.106,49.517],[9.102,49.52],[9.1,49.526],[9.079,49.525],[9.07,49.527],[9.065,49.53],[9.05,49.519],[9.05,49.513],[9.042,49.506],[9.043,49.499],[9.014,49.498],[9.013,49.499],[9.014,49.501],[9.012,49.503],[8.998,49.505],[8.992,49.503],[8.988,49.506],[8.986,49.51],[8.979,49.509],[8.977,49.505],[8.977,49.503],[8.968,49.502],[8.963,49.502],[8.952,49.506],[8.951,49.503],[8.958,49.495],[8.952,49.492],[8.951,49.488],[8.955,49.482],[8.943,49.486],[8.935,49.477],[8.935,49.473],[8.932,49.471],[8.936,49.465],[8.941,49.465],[8.942,49.463],[8.947,49.46],[8.95,49.455],[8.941,49.45],[8.928,49.449],[8.925,49.441],[8.913,49.438],[8.906,49.439],[8.905,49.443],[8.901,49.443],[8.893,49.422],[8.886,49.417]]],[[[8.686,49.622],[8.686,49.618],[8.672,49.616],[8.673,49.62],[8.675,49.621],[8.678,49.62],[8.678,49.622],[8.681,49.623],[8.686,49.622]],[[8.682,49.619],[8.684,49.62],[8.68,49.62],[8.68,49.619],[8.682,49.619]]]]}},{"type":"Feature","properties":{"name":"Mecklenburg-Vorpommern"},"geometry":{"type":"MultiPolygon","coordinates":[[[[11.569,53.168],[11.569,53.166],[11.565,53.164],[11.556,53.154],[11.556,53.15],[11.553,53.15],[11.552,53.152],[11.55,53.151],[11.554,53.141],[11.556,53.139],[11.547,53.135],[11.549,53.131],[11.536,53.129],[11.535,53.125],[11.51,53.126],[11.508,53.123],[11.502,53.121],[11.501,53.126],[11.484,53.129],[11.473,53.127],[11.474,53.135],[11.461,53.14],[11.448,53.139],[11.444,53.137],[11.439,53.137],[11.422,53.141],[11.42,53.14],[11.421,53.139],[11.419,53.138],[11.414,53.137],[11.405,53.137],[11.396,53.14],[11.392,53.13],[11.399,53.117],[11.401,53.116],[11.394,53.112],[11.394,53.11],[11.387,53.113],[11.383,53.111],[11.373,53.113],[11.371,53.112],[11.369,53.114],[11.359,53.116],[11.337,53.114],[11.33,53.115],[11.332,53.117],[11.329,53.118],[11.317,53.12],[11.31,53.116],[11.29,53.117],[11.29,53.119],[11.283,53.121],[11.275,53.121],[11.266,53.122],[11.246,53.136],[11.235,53.141],[11.223,53.144],[11.212,53.144],[11.197,53.136],[11.188,53.135],[11.183,53.138],[11.179,53.149],[11.172,53.157],[11.179,53.159],[11.182,53.162],[11.189,53.166],[11.191,53.172],[11.195,53.177],[11.194,53.181],[11.18,53.187],[11.162,53.186],[11.151,53.19],[11.137,53.192],[11.145,53.198],[11.136,53.199],[11.139,53.203],[11.116,53.205],[11.103,53.211],[11.09,53.214],[11.087,53.218],[11.08,53.221],[11.079,53.224],[11.074,53.225],[11.072,53.23],[11.062,53.236],[11.057,53.246],[11.047,53.255],[11.047,53.258],[11.04,53.263],[11.035,53.271],[11.028,53.279],[11.021,53.281],[11.009,53.282],[11.009,53.292],[11.003,53.293],[11.009,53.301],[11.002,53.305],[11.003,53.311],[10.998,53.316],[10.999,53.321],[10.996,53.321],[10.991,53.326],[10.989,53.325],[10.983,53.328],[10.988,53.333],[10.959,53.339],[10.956,53.334],[10.934,53.339],[10.932,53.341],[10.934,53.343],[10.931,53.344],[10.928,53.348],[10.919,53.348],[10.91,53.338],[10.905,53.337],[10.899,53.334],[10.896,53.334],[10.896,53.336],[10.895,53.337],[10.893,53.334],[10.881,53.334],[10.881,53.33],[10.889,53.327],[10.888,53.324],[10.88,53.321],[10.878,53.323],[10.873,53.324],[10.872,53.326],[10.866,53.327],[10.867,53.325],[10.872,53.322],[10.87,53.318],[10.867,53.316],[10.854,53.316],[10.851,53.314],[10.851,53.31],[10.84,53.308],[10.84,53.307],[10.836,53.307],[10.837,53.305],[10.836,53.305],[10.831,53.308],[10.829,53.307],[10.827,53.31],[10.828,53.312],[10.826,53.312],[10.793,53.316],[10.772,53.325],[10.771,53.329],[10.768,53.331],[10.763,53.329],[10.76,53.33],[10.758,53.333],[10.763,53.336],[10.763,53.339],[10.759,53.34],[10.756,53.339],[10.751,53.341],[10.747,53.34],[10.738,53.342],[10.728,53.357],[10.701,53.37],[10.694,53.371],[10.676,53.368],[10.631,53.371],[10.612,53.369],[10.595,53.364],[10.594,53.368],[10.597,53.37],[10.599,53.378],[10.606,53.379],[10.617,53.385],[10.616,53.387],[10.618,53.388],[10.618,53.394],[10.62,53.395],[10.619,53.397],[10.621,53.399],[10.619,53.399],[10.621,53.404],[10.617,53.405],[10.619,53.407],[10.618,53.416],[10.62,53.42],[10.618,53.425],[10.623,53.426],[10.621,53.428],[10.621,53.431],[10.625,53.434],[10.624,53.435],[10.626,53.438],[10.624,53.439],[10.629,53.441],[10.626,53.442],[10.626,53.443],[10.631,53.449],[10.63,53.451],[10.633,53.452],[10.632,53.455],[10.642,53.456],[10.652,53.462],[10.693,53.455],[10.702,53.478],[10.721,53.476],[10.727,53.481],[10.731,53.48],[10.752,53.484],[10.756,53.483],[10.765,53.491],[10.778,53.495],[10.778,53.497],[10.786,53.511],[10.811,53.516],[10.824,53.514],[10.825,53.518],[10.816,53.52],[10.815,53.522],[10.822,53.524],[10.819,53.528],[10.819,53.535],[10.832,53.543],[10.827,53.554],[10.824,53.556],[10.826,53.559],[10.827,53.567],[10.823,53.575],[10.827,53.576],[10.833,53.575],[10.837,53.576],[10.842,53.575],[10.846,53.572],[10.846,53.569],[10.85,53.565],[10.856,53.566],[10.863,53.565],[10.872,53.569],[10.883,53.569],[10.895,53.572],[10.91,53.572],[10.924,53.584],[10.924,53.589],[10.919,53.594],[10.918,53.599],[10.922,53.602],[10.93,53.629],[10.948,53.642],[10.945,53.647],[10.95,53.645],[10.953,53.648],[10.955,53.659],[10.949,53.658],[10.949,53.661],[10.945,53.659],[10.944,53.662],[10.942,53.662],[10.943,53.664],[10.939,53.666],[10.942,53.669],[10.94,53.673],[10.944,53.674],[10.942,53.684],[10.937,53.687],[10.929,53.687],[10.927,53.69],[10.919,53.689],[10.918,53.691],[10.926,53.692],[10.922,53.7],[10.915,53.699],[10.905,53.703],[10.888,53.706],[10.881,53.704],[10.88,53.702],[10.872,53.702],[10.868,53.704],[10.863,53.704],[10.862,53.702],[10.853,53.702],[10.853,53.7],[10.851,53.7],[10.85,53.702],[10.852,53.706],[10.846,53.704],[10.843,53.708],[10.84,53.707],[10.83,53.711],[10.825,53.711],[10.811,53.72],[10.807,53.727],[10.806,53.73],[10.81,53.731],[10.808,53.733],[10.809,53.737],[10.806,53.739],[10.773,53.749],[10.758,53.748],[10.757,53.758],[10.758,53.764],[10.762,53.769],[10.766,53.77],[10.77,53.776],[10.766,53.78],[10.769,53.784],[10.769,53.789],[10.772,53.789],[10.773,53.792],[10.772,53.797],[10.765,53.803],[10.767,53.806],[10.763,53.811],[10.762,53.823],[10.755,53.83],[10.748,53.833],[10.749,53.845],[10.754,53.849],[10.748,53.85],[10.748,53.852],[10.759,53.858],[10.76,53.861],[10.764,53.864],[10.765,53.867],[10.77,53.871],[10.771,53.873],[10.799,53.876],[10.802,53.877],[10.808,53.883],[10.807,53.886],[10.815,53.888],[10.819,53.894],[10.826,53.893],[10.832,53.894],[10.836,53.897],[10.839,53.895],[10.847,53.897],[10.849,53.899],[10.848,53.905],[10.855,53.905],[10.859,53.909],[10.875,53.914],[10.876,53.919],[10.883,53.925],[10.886,53.925],[10.889,53.921],[10.896,53.918],[10.911,53.915],[10.912,53.914],[10.903,53.909],[10.902,53.906],[10.902,53.903],[10.911,53.898],[10.937,53.901],[10.943,53.904],[10.95,53.904],[10.954,53.909],[10.959,53.91],[10.963,53.91],[10.96,53.909],[10.967,53.907],[10.968,53.909],[10.968,53.911],[10.962,53.914],[10.949,53.913],[10.939,53.919],[10.93,53.918],[10.925,53.922],[10.913,53.924],[10.903,53.924],[10.899,53.922],[10.895,53.925],[10.896,53.936],[10.909,53.946],[10.908,53.951],[10.904,53.954],[10.904,53.956],[10.935,53.965],[10.936,53.966],[10.952,53.972],[10.95,53.974],[10.96,53.977],[10.975,53.985],[11.006,53.994],[11.029,54.004],[11.049,54.008],[11.084,54.011],[11.088,54.014],[11.147,54.01],[11.154,54.012],[11.181,54.015],[11.194,54.007],[11.194,54.0],[11.199,53.995],[11.201,53.992],[11.215,53.985],[11.232,53.982],[11.239,53.982],[11.25,53.987],[11.254,53.987],[11.259,53.985],[11.26,53.981],[11.256,53.978],[11.255,53.974],[11.248,53.974],[11.245,53.971],[11.241,53.952],[11.245,53.942],[11.248,53.94],[11.253,53.942],[11.254,53.941],[11.25,53.939],[11.259,53.934],[11.273,53.93],[11.287,53.93],[11.301,53.938],[11.316,53.943],[11.327,53.957],[11.331,53.959],[11.335,53.959],[11.341,53.955],[11.345,53.949],[11.349,53.948],[11.346,53.947],[11.347,53.945],[11.365,53.935],[11.376,53.935],[11.387,53.939],[11.405,53.935],[11.406,53.934],[11.401,53.926],[11.403,53.922],[11.416,53.915],[11.438,53.911],[11.436,53.909],[11.436,53.903],[11.434,53.901],[11.455,53.9],[11.455,53.902],[11.448,53.904],[11.444,53.906],[11.446,53.908],[11.444,53.91],[11.448,53.914],[11.459,53.917],[11.466,53.925],[11.473,53.928],[11.475,53.929],[11.477,53.926],[11.481,53.927],[11.481,53.931],[11.478,53.933],[11.477,53.935],[11.48,53.939],[11.481,53.945],[11.482,53.947],[11.481,53.953],[11.481,53.958],[11.479,53.961],[11.482,53.963],[11.484,53.967],[11.484,53.968],[11.477,53.97],[11.48,53.965],[11.475,53.965],[11.471,53.964],[11.473,53.967],[11.476,53.97],[11.467,53.971],[11.464,53.97],[11.464,53.967],[11.46,53.965],[11.46,53.963],[11.455,53.961],[11.456,53.958],[11.455,53.957],[11.444,53.96],[11.441,53.965],[11.441,53.97],[11.446,53.974],[11.445,53.988],[11.446,53.997],[11.445,53.997],[11.443,53.995],[11.439,53.994],[11.439,53.993],[11.428,53.986],[11.43,53.985],[11.429,53.983],[11.43,53.978],[11.428,53.976],[11.428,53.973],[11.43,53.971],[11.427,53.967],[11.429,53.965],[11.428,53.961],[11.418,53.963],[11.411,53.969],[11.401,53.968],[11.395,53.975],[11.39,53.974],[11.39,53.971],[11.386,53.97],[11.386,53.968],[11.393,53.967],[11.411,53.968],[11.411,53.966],[11.399,53.964],[11.388,53.965],[11.378,53.975],[11.375,53.981],[11.376,53.99],[11.374,53.993],[11.378,53.997],[11.402,54.008],[11.416,54.011],[11.445,54.021],[11.469,54.024],[11.492,54.023],[11.496,54.02],[11.496,54.011],[11.493,54.004],[11.489,53.999],[11.487,54.0],[11.489,54.002],[11.489,54.003],[11.486,54.003],[11.479,53.999],[11.48,53.99],[11.478,53.985],[11.48,53.981],[11.473,53.98],[11.467,53.974],[11.469,53.971],[11.481,53.97],[11.484,53.971],[11.485,53.974],[11.487,53.975],[11.488,53.974],[11.486,53.97],[11.49,53.968],[11.494,53.971],[11.494,53.974],[11.491,53.976],[11.491,53.978],[11.499,53.982],[11.5,53.985],[11.499,53.988],[11.492,53.99],[11.491,53.993],[11.498,53.996],[11.5,54.001],[11.505,54.005],[11.505,54.007],[11.511,54.013],[11.518,54.016],[11.533,54.019],[11.535,54.021],[11.534,54.025],[11.531,54.027],[11.527,54.025],[11.518,54.025],[11.516,54.028],[11.519,54.032],[11.522,54.034],[11.53,54.034],[11.535,54.027],[11.547,54.025],[11.56,54.028],[11.572,54.033],[11.58,54.038],[11.586,54.047],[11.586,54.051],[11.581,54.063],[11.588,54.064],[11.595,54.068],[11.602,54.067],[11.606,54.07],[11.61,54.069],[11.612,54.07],[11.61,54.071],[11.613,54.073],[11.623,54.076],[11.624,54.077],[11.624,54.081],[11.626,54.09],[11.613,54.103],[11.606,54.104],[11.604,54.103],[11.6,54.1],[11.603,54.096],[11.589,54.094],[11.583,54.09],[11.579,54.087],[11.576,54.08],[11.569,54.078],[11.556,54.068],[11.549,54.066],[11.55,54.064],[11.542,54.058],[11.543,54.054],[11.534,54.051],[11.533,54.049],[11.53,54.05],[11.531,54.053],[11.537,54.057],[11.536,54.064],[11.534,54.066],[11.535,54.074],[11.531,54.074],[11.527,54.072],[11.526,54.069],[11.525,54.07],[11.525,54.072],[11.556,54.095],[11.567,54.099],[11.589,54.1],[11.6,54.103],[11.605,54.105],[11.605,54.106],[11.607,54.106],[11.617,54.111],[11.633,54.124],[11.648,54.132],[11.672,54.149],[11.682,54.153],[11.741,54.153],[11.761,54.155],[11.78,54.149],[11.809,54.145],[11.854,54.145],[11.887,54.151],[11.942,54.164],[11.966,54.167],[12.01,54.178],[12.026,54.176],[12.043,54.176],[12.07,54.178],[12.088,54.183],[12.093,54.178],[12.095,54.174],[12.094,54.172],[12.097,54.17],[12.097,54.165],[12.095,54.164],[12.096,54.161],[12.094,54.159],[12.092,54.152],[12.097,54.152],[12.101,54.154],[12.103,54.148],[12.102,54.156],[12.107,54.156],[12.107,54.154],[12.113,54.146],[12.109,54.155],[12.116,54.156],[12.121,54.155],[12.125,54.15],[12.121,54.158],[12.13,54.158],[12.133,54.156],[12.131,54.159],[12.136,54.157],[12.137,54.16],[12.142,54.16],[12.143,54.161],[12.136,54.161],[12.139,54.167],[12.136,54.169],[12.141,54.169],[12.143,54.172],[12.139,54.174],[12.129,54.173],[12.124,54.176],[12.12,54.174],[12.116,54.176],[12.109,54.176],[12.108,54.171],[12.101,54.169],[12.095,54.181],[12.109,54.178],[12.128,54.186],[12.149,54.201],[12.176,54.23],[12.196,54.243],[12.227,54.256],[12.245,54.26],[12.306,54.281],[12.339,54.298],[12.359,54.32],[12.364,54.324],[12.365,54.327],[12.367,54.327],[12.366,54.329],[12.38,54.343],[12.381,54.347],[12.385,54.351],[12.386,54.355],[12.393,54.358],[12.408,54.378],[12.436,54.391],[12.446,54.401],[12.452,54.404],[12.456,54.41],[12.467,54.421],[12.477,54.441],[12.496,54.47],[12.51,54.483],[12.518,54.484],[12.531,54.482],[12.526,54.471],[12.535,54.463],[12.548,54.456],[12.558,54.454],[12.616,54.449],[12.655,54.443],[12.671,54.441],[12.716,54.442],[12.769,54.442],[12.8,54.44],[12.856,54.44],[12.92,54.445],[12.922,54.443],[12.919,54.444],[12.92,54.442],[12.916,54.439],[12.916,54.437],[12.927,54.428],[12.923,54.424],[12.915,54.421],[12.91,54.42],[12.901,54.421],[12.901,54.419],[12.881,54.416],[12.876,54.413],[12.86,54.42],[12.831,54.423],[12.815,54.418],[12.801,54.408],[12.793,54.415],[12.789,54.417],[12.77,54.417],[12.765,54.415],[12.764,54.413],[12.739,54.415],[12.729,54.425],[12.726,54.43],[12.723,54.43],[12.721,54.432],[12.715,54.429],[12.711,54.428],[12.693,54.432],[12.68,54.425],[12.671,54.423],[12.67,54.421],[12.671,54.421],[12.672,54.416],[12.667,54.418],[12.669,54.411],[12.666,54.408],[12.652,54.411],[12.646,54.42],[12.644,54.42],[12.645,54.416],[12.64,54.417],[12.641,54.418],[12.64,54.419],[12.639,54.419],[12.639,54.416],[12.637,54.416],[12.636,54.42],[12.635,54.422],[12.64,54.424],[12.637,54.425],[12.629,54.419],[12.623,54.42],[12.617,54.418],[12.618,54.414],[12.614,54.414],[12.611,54.412],[12.612,54.41],[12.617,54.407],[12.61,54.409],[12.603,54.409],[12.588,54.408],[12.584,54.405],[12.577,54.404],[12.576,54.399],[12.579,54.397],[12.586,54.393],[12.598,54.391],[12.593,54.383],[12.591,54.384],[12.591,54.388],[12.587,54.389],[12.577,54.388],[12.572,54.39],[12.552,54.39],[12.548,54.389],[12.546,54.386],[12.537,54.384],[12.535,54.381],[12.527,54.381],[12.522,54.377],[12.523,54.372],[12.525,54.371],[12.525,54.37],[12.52,54.37],[12.52,54.372],[12.517,54.372],[12.51,54.378],[12.496,54.382],[12.46,54.382],[12.452,54.381],[12.45,54.379],[12.436,54.379],[12.434,54.375],[12.421,54.372],[12.418,54.367],[12.415,54.365],[12.417,54.364],[12.417,54.356],[12.42,54.356],[12.421,54.353],[12.422,54.341],[12.418,54.336],[12.416,54.335],[12.407,54.336],[12.4,54.343],[12.389,54.343],[12.389,54.341],[12.385,54.339],[12.391,54.338],[12.392,54.336],[12.391,54.335],[12.398,54.333],[12.398,54.331],[12.394,54.327],[12.397,54.325],[12.397,54.324],[12.393,54.322],[12.392,54.318],[12.389,54.316],[12.389,54.315],[12.384,54.313],[12.386,54.312],[12.382,54.309],[12.37,54.309],[12.367,54.31],[12.36,54.306],[12.363,54.304],[12.359,54.303],[12.36,54.301],[12.359,54.3],[12.364,54.297],[12.364,54.295],[12.366,54.294],[12.365,54.291],[12.376,54.282],[12.383,54.279],[12.377,54.271],[12.371,54.27],[12.364,54.267],[12.364,54.266],[12.368,54.266],[12.37,54.263],[12.381,54.26],[12.386,54.257],[12.397,54.254],[12.4,54.251],[12.416,54.247],[12.438,54.245],[12.46,54.248],[12.46,54.25],[12.456,54.25],[12.45,54.254],[12.418,54.258],[12.412,54.265],[12.413,54.266],[12.409,54.269],[12.41,54.271],[12.408,54.276],[12.409,54.28],[12.415,54.284],[12.416,54.288],[12.418,54.29],[12.43,54.294],[12.435,54.297],[12.454,54.299],[12.479,54.304],[12.476,54.307],[12.48,54.309],[12.479,54.312],[12.477,54.313],[12.477,54.316],[12.476,54.318],[12.471,54.322],[12.473,54.33],[12.496,54.331],[12.499,54.332],[12.499,54.334],[12.506,54.334],[12.514,54.336],[12.526,54.334],[12.535,54.339],[12.535,54.341],[12.539,54.343],[12.535,54.345],[12.539,54.352],[12.551,54.356],[12.551,54.358],[12.553,54.359],[12.535,54.362],[12.534,54.365],[12.554,54.372],[12.553,54.38],[12.555,54.379],[12.557,54.375],[12.563,54.372],[12.574,54.371],[12.579,54.374],[12.582,54.374],[12.578,54.367],[12.575,54.367],[12.577,54.364],[12.574,54.358],[12.58,54.356],[12.592,54.357],[12.595,54.359],[12.6,54.364],[12.599,54.371],[12.62,54.372],[12.636,54.379],[12.657,54.384],[12.661,54.386],[12.662,54.39],[12.667,54.389],[12.67,54.391],[12.67,54.395],[12.66,54.398],[12.661,54.402],[12.658,54.404],[12.661,54.406],[12.656,54.406],[12.658,54.408],[12.674,54.408],[12.686,54.407],[12.691,54.41],[12.706,54.412],[12.711,54.411],[12.715,54.404],[12.713,54.402],[12.703,54.403],[12.689,54.4],[12.686,54.393],[12.694,54.386],[12.691,54.385],[12.688,54.382],[12.681,54.379],[12.679,54.373],[12.676,54.372],[12.678,54.37],[12.682,54.371],[12.686,54.371],[12.686,54.372],[12.682,54.375],[12.686,54.377],[12.686,54.379],[12.693,54.382],[12.696,54.385],[12.696,54.392],[12.7,54.399],[12.715,54.399],[12.716,54.394],[12.714,54.393],[12.715,54.389],[12.714,54.386],[12.717,54.383],[12.717,54.38],[12.721,54.378],[12.72,54.373],[12.735,54.371],[12.737,54.371],[12.736,54.371],[12.737,54.373],[12.742,54.375],[12.744,54.384],[12.745,54.383],[12.746,54.38],[12.75,54.377],[12.754,54.375],[12.754,54.371],[12.768,54.371],[12.772,54.377],[12.771,54.382],[12.774,54.385],[12.775,54.389],[12.778,54.392],[12.784,54.392],[12.784,54.396],[12.787,54.396],[12.787,54.392],[12.784,54.386],[12.785,54.38],[12.795,54.378],[12.804,54.372],[12.805,54.364],[12.808,54.362],[12.81,54.358],[12.809,54.357],[12.81,54.35],[12.807,54.349],[12.809,54.348],[12.809,54.345],[12.81,54.345],[12.818,54.351],[12.85,54.352],[12.855,54.354],[12.865,54.363],[12.879,54.365],[12.881,54.368],[12.884,54.369],[12.883,54.372],[12.885,54.377],[12.884,54.379],[12.885,54.385],[12.888,54.389],[12.896,54.394],[12.896,54.399],[12.898,54.402],[12.912,54.407],[12.925,54.414],[12.954,54.417],[12.957,54.423],[12.966,54.422],[12.97,54.424],[12.99,54.426],[12.996,54.428],[12.998,54.43],[12.999,54.436],[13.004,54.438],[13.02,54.439],[13.033,54.435],[13.035,54.431],[13.035,54.424],[13.025,54.422],[13.023,54.417],[13.021,54.41],[13.025,54.397],[13.034,54.392],[13.039,54.39],[13.04,54.387],[13.044,54.385],[13.044,54.383],[13.05,54.38],[13.073,54.383],[13.08,54.381],[13.086,54.377],[13.094,54.367],[13.094,54.364],[13.085,54.36],[13.085,54.356],[13.077,54.35],[13.076,54.345],[13.078,54.339],[13.081,54.338],[13.08,54.335],[13.082,54.334],[13.083,54.33],[13.087,54.327],[13.088,54.32],[13.099,54.318],[13.098,54.316],[13.101,54.313],[13.109,54.309],[13.112,54.305],[13.111,54.303],[13.112,54.298],[13.106,54.293],[13.106,54.29],[13.104,54.289],[13.106,54.282],[13.122,54.273],[13.133,54.269],[13.153,54.269],[13.165,54.278],[13.179,54.27],[13.178,54.266],[13.168,54.268],[13.158,54.267],[13.152,54.262],[13.145,54.26],[13.142,54.257],[13.143,54.254],[13.146,54.254],[13.154,54.258],[13.162,54.26],[13.162,54.264],[13.164,54.265],[13.169,54.266],[13.171,54.264],[13.174,54.263],[13.185,54.267],[13.19,54.264],[13.191,54.259],[13.204,54.257],[13.21,54.251],[13.216,54.25],[13.216,54.247],[13.211,54.245],[13.216,54.241],[13.23,54.24],[13.259,54.241],[13.264,54.239],[13.273,54.239],[13.286,54.235],[13.294,54.229],[13.294,54.227],[13.297,54.225],[13.297,54.224],[13.3,54.22],[13.3,54.217],[13.303,54.214],[13.303,54.212],[13.304,54.211],[13.306,54.205],[13.319,54.195],[13.328,54.184],[13.335,54.182],[13.342,54.183],[13.346,54.18],[13.345,54.178],[13.336,54.176],[13.34,54.174],[13.335,54.174],[13.334,54.172],[13.331,54.171],[13.334,54.169],[13.323,54.165],[13.322,54.163],[13.319,54.163],[13.318,54.16],[13.322,54.16],[13.326,54.163],[13.333,54.164],[13.337,54.167],[13.348,54.165],[13.35,54.168],[13.363,54.17],[13.377,54.177],[13.39,54.175],[13.394,54.171],[13.401,54.17],[13.399,54.172],[13.4,54.179],[13.394,54.18],[13.395,54.181],[13.407,54.18],[13.416,54.175],[13.422,54.171],[13.422,54.166],[13.416,54.164],[13.414,54.16],[13.41,54.16],[13.413,54.163],[13.41,54.165],[13.408,54.162],[13.394,54.159],[13.39,54.155],[13.381,54.151],[13.383,54.151],[13.381,54.149],[13.383,54.145],[13.383,54.142],[13.401,54.147],[13.402,54.147],[13.401,54.149],[13.406,54.151],[13.404,54.154],[13.411,54.157],[13.409,54.153],[13.411,54.15],[13.406,54.147],[13.41,54.147],[13.418,54.142],[13.421,54.142],[13.421,54.141],[13.426,54.14],[13.432,54.133],[13.432,54.132],[13.436,54.129],[13.438,54.124],[13.441,54.123],[13.44,54.117],[13.441,54.116],[13.441,54.115],[13.438,54.114],[13.438,54.111],[13.447,54.106],[13.45,54.1],[13.454,54.098],[13.457,54.098],[13.454,54.093],[13.457,54.091],[13.467,54.087],[13.479,54.087],[13.489,54.084],[13.501,54.085],[13.501,54.087],[13.499,54.09],[13.486,54.1],[13.483,54.111],[13.479,54.112],[13.476,54.116],[13.477,54.119],[13.489,54.124],[13.529,54.13],[13.55,54.13],[13.578,54.132],[13.628,54.14],[13.637,54.144],[13.649,54.151],[13.649,54.152],[13.674,54.161],[13.696,54.172],[13.707,54.171],[13.707,54.17],[13.713,54.169],[13.719,54.163],[13.713,54.161],[13.712,54.16],[13.695,54.158],[13.697,54.154],[13.696,54.149],[13.717,54.145],[13.734,54.136],[13.75,54.139],[13.752,54.135],[13.748,54.134],[13.762,54.128],[13.755,54.124],[13.758,54.123],[13.756,54.123],[13.758,54.122],[13.758,54.119],[13.761,54.119],[13.762,54.117],[13.764,54.117],[13.767,54.118],[13.765,54.12],[13.768,54.12],[13.768,54.116],[13.777,54.109],[13.783,54.107],[13.796,54.108],[13.807,54.103],[13.809,54.1],[13.807,54.096],[13.805,54.095],[13.803,54.096],[13.802,54.093],[13.795,54.089],[13.795,54.086],[13.794,54.086],[13.796,54.08],[13.794,54.074],[13.79,54.072],[13.79,54.064],[13.786,54.063],[13.786,54.065],[13.784,54.065],[13.783,54.064],[13.784,54.063],[13.775,54.06],[13.774,54.058],[13.778,54.056],[13.781,54.058],[13.781,54.06],[13.784,54.059],[13.783,54.056],[13.785,54.054],[13.784,54.053],[13.785,54.049],[13.778,54.044],[13.77,54.042],[13.765,54.036],[13.749,54.034],[13.744,54.032],[13.744,54.029],[13.75,54.026],[13.754,54.026],[13.755,54.029],[13.759,54.028],[13.757,54.026],[13.76,54.022],[13.759,54.02],[13.761,54.019],[13.76,54.015],[13.774,54.01],[13.78,54.004],[13.79,54.0],[13.796,53.995],[13.811,53.996],[13.821,53.989],[13.835,53.984],[13.84,53.976],[13.855,53.964],[13.854,53.963],[13.856,53.96],[13.855,53.958],[13.852,53.957],[13.852,53.953],[13.856,53.952],[13.857,53.951],[13.868,53.951],[13.868,53.953],[13.88,53.951],[13.885,53.947],[13.883,53.946],[13.884,53.945],[13.895,53.943],[13.896,53.939],[13.898,53.938],[13.898,53.936],[13.905,53.932],[13.914,53.922],[13.912,53.917],[13.901,53.91],[13.886,53.91],[13.876,53.905],[13.872,53.902],[13.865,53.901],[13.864,53.898],[13.854,53.892],[13.854,53.89],[13.85,53.887],[13.851,53.885],[13.849,53.88],[13.846,53.877],[13.837,53.879],[13.824,53.877],[13.822,53.871],[13.825,53.866],[13.832,53.866],[13.835,53.869],[13.835,53.871],[13.839,53.872],[13.847,53.87],[13.856,53.871],[13.875,53.878],[13.879,53.877],[13.893,53.877],[13.902,53.882],[13.902,53.885],[13.922,53.888],[13.921,53.89],[13.925,53.89],[13.923,53.892],[13.924,53.894],[13.93,53.897],[13.933,53.908],[13.938,53.908],[13.938,53.914],[13.932,53.919],[13.934,53.925],[13.932,53.926],[13.932,53.936],[13.925,53.941],[13.923,53.95],[13.898,53.962],[13.895,53.967],[13.895,53.97],[13.9,53.978],[13.899,53.981],[13.906,53.99],[13.915,53.992],[13.935,53.992],[13.936,53.993],[13.943,53.995],[13.953,53.994],[13.965,53.99],[13.966,53.983],[13.964,53.983],[13.966,53.978],[13.964,53.973],[13.969,53.973],[13.974,53.97],[13.97,53.968],[13.964,53.967],[13.961,53.963],[13.95,53.959],[13.95,53.958],[13.959,53.953],[13.957,53.951],[13.953,53.95],[13.951,53.944],[13.953,53.943],[13.954,53.937],[13.953,53.935],[13.96,53.934],[13.959,53.937],[13.96,53.94],[13.965,53.945],[13.967,53.95],[13.971,53.95],[13.963,53.957],[13.984,53.963],[13.986,53.962],[13.984,53.96],[13.99,53.96],[13.99,53.962],[13.995,53.963],[14.003,53.96],[14.014,53.961],[14.017,53.962],[14.025,53.962],[14.025,53.959],[14.022,53.961],[14.016,53.96],[14.018,53.959],[14.023,53.96],[14.024,53.958],[14.013,53.956],[14.011,53.954],[14.012,53.949],[14.025,53.944],[14.028,53.946],[14.029,53.943],[14.03,53.942],[14.033,53.943],[14.034,53.941],[14.04,53.941],[14.043,53.942],[14.043,53.947],[14.04,53.948],[14.039,53.947],[14.036,53.947],[14.035,53.95],[14.037,53.956],[14.043,53.963],[14.043,53.968],[14.046,53.974],[14.047,53.996],[14.041,54.0],[14.043,54.001],[14.04,54.007],[14.041,54.009],[14.038,54.01],[14.037,54.013],[14.03,54.018],[14.021,54.018],[14.019,54.015],[14.011,54.01],[14.007,54.009],[14.004,54.011],[14.002,54.025],[14.001,54.03],[13.999,54.03],[13.997,54.041],[13.992,54.046],[13.982,54.049],[13.98,54.051],[13.98,54.053],[13.977,54.053],[13.976,54.056],[13.969,54.059],[13.971,54.062],[13.976,54.062],[13.974,54.064],[13.968,54.062],[13.968,54.06],[13.965,54.059],[13.949,54.059],[13.947,54.061],[13.942,54.062],[13.932,54.061],[13.925,54.063],[13.917,54.062],[13.915,54.064],[13.911,54.064],[13.911,54.062],[13.918,54.061],[13.918,54.06],[13.914,54.056],[13.912,54.05],[13.911,54.049],[13.911,54.046],[13.909,54.046],[13.909,54.043],[13.912,54.044],[13.912,54.047],[13.915,54.047],[13.919,54.042],[13.924,54.039],[13.924,54.035],[13.917,54.033],[13.915,54.029],[13.908,54.025],[13.908,54.019],[13.9,54.012],[13.894,54.011],[13.889,54.011],[13.887,54.009],[13.881,54.01],[13.874,54.007],[13.867,54.007],[13.863,54.002],[13.863,53.999],[13.853,54.004],[13.853,54.014],[13.864,54.023],[13.866,54.026],[13.865,54.032],[13.868,54.036],[13.87,54.036],[13.87,54.035],[13.875,54.033],[13.878,54.035],[13.879,54.04],[13.877,54.043],[13.875,54.043],[13.876,54.04],[13.873,54.038],[13.87,54.044],[13.867,54.044],[13.865,54.046],[13.858,54.048],[13.855,54.048],[13.856,54.047],[13.85,54.047],[13.846,54.045],[13.845,54.044],[13.849,54.044],[13.848,54.043],[13.834,54.039],[13.82,54.037],[13.817,54.033],[13.809,54.03],[13.801,54.019],[13.786,54.017],[13.769,54.019],[13.768,54.023],[13.763,54.026],[13.764,54.031],[13.768,54.033],[13.769,54.036],[13.77,54.036],[13.773,54.041],[13.777,54.041],[13.779,54.039],[13.782,54.039],[13.783,54.041],[13.781,54.044],[13.79,54.049],[13.79,54.053],[13.787,54.056],[13.797,54.062],[13.797,54.069],[13.801,54.073],[13.8,54.075],[13.805,54.078],[13.801,54.081],[13.802,54.084],[13.806,54.085],[13.806,54.084],[13.804,54.083],[13.805,54.08],[13.808,54.081],[13.807,54.083],[13.809,54.084],[13.809,54.087],[13.805,54.089],[13.812,54.093],[13.812,54.099],[13.809,54.102],[13.806,54.11],[13.793,54.11],[13.786,54.115],[13.786,54.117],[13.782,54.12],[13.775,54.119],[13.774,54.121],[13.775,54.123],[13.776,54.129],[13.774,54.132],[13.766,54.134],[13.764,54.137],[13.762,54.136],[13.765,54.134],[13.758,54.135],[13.755,54.138],[13.755,54.145],[13.752,54.146],[13.75,54.15],[13.75,54.152],[13.752,54.153],[13.75,54.154],[13.751,54.156],[13.749,54.157],[13.749,54.159],[13.752,54.159],[13.758,54.166],[13.758,54.168],[13.762,54.168],[13.765,54.17],[13.785,54.174],[13.806,54.173],[13.81,54.174],[13.803,54.176],[13.804,54.178],[13.812,54.177],[13.812,54.169],[13.815,54.166],[13.815,54.162],[13.817,54.16],[13.82,54.15],[13.825,54.141],[13.836,54.128],[13.846,54.118],[13.871,54.102],[13.894,54.09],[13.932,54.075],[13.967,54.07],[14.014,54.054],[14.053,54.027],[14.106,53.998],[14.111,53.994],[14.142,53.977],[14.15,53.969],[14.171,53.956],[14.183,53.946],[14.202,53.936],[14.226,53.929],[14.208,53.916],[14.191,53.916],[14.19,53.915],[14.19,53.912],[14.206,53.911],[14.204,53.908],[14.206,53.908],[14.206,53.905],[14.212,53.9],[14.215,53.892],[14.215,53.87],[14.217,53.865],[14.214,53.865],[14.284,53.772],[14.267,53.754],[14.274,53.744],[14.272,53.741],[14.273,53.738],[14.268,53.708],[14.272,53.706],[14.268,53.705],[14.267,53.699],[14.272,53.694],[14.272,53.69],[14.275,53.689],[14.275,53.687],[14.284,53.683],[14.282,53.674],[14.271,53.666],[14.272,53.664],[14.279,53.663],[14.285,53.659],[14.284,53.634],[14.311,53.618],[14.317,53.618],[14.312,53.58],[14.314,53.565],[14.303,53.553],[14.307,53.551],[14.306,53.544],[14.316,53.537],[14.319,53.53],[14.316,53.525],[14.327,53.504],[14.351,53.496],[14.354,53.489],[14.354,53.482],[14.357,53.47],[14.356,53.462],[14.358,53.457],[14.371,53.456],[14.372,53.448],[14.369,53.433],[14.37,53.424],[14.373,53.418],[14.373,53.409],[14.389,53.388],[14.395,53.376],[14.395,53.369],[14.393,53.359],[14.39,53.354],[14.405,53.347],[14.408,53.336],[14.412,53.33],[14.395,53.329],[14.382,53.324],[14.381,53.32],[14.377,53.316],[14.362,53.318],[14.362,53.315],[14.35,53.314],[14.349,53.31],[14.317,53.312],[14.313,53.302],[14.302,53.289],[14.302,53.286],[14.262,53.277],[14.266,53.266],[14.266,53.26],[14.252,53.257],[14.225,53.257],[14.211,53.255],[14.2,53.262],[14.186,53.261],[14.176,53.262],[14.172,53.265],[14.16,53.268],[14.143,53.265],[14.125,53.26],[14.117,53.26],[14.117,53.262],[14.114,53.262],[14.114,53.26],[14.099,53.262],[14.104,53.275],[14.11,53.283],[14.142,53.304],[14.182,53.326],[14.205,53.342],[14.223,53.359],[14.231,53.368],[14.243,53.392],[14.241,53.407],[14.237,53.415],[14.242,53.422],[14.238,53.427],[14.233,53.428],[14.225,53.434],[14.215,53.43],[14.206,53.423],[14.177,53.423],[14.137,53.441],[14.134,53.439],[14.122,53.442],[14.109,53.429],[14.105,53.422],[14.094,53.422],[14.082,53.416],[14.084,53.412],[14.082,53.411],[14.07,53.415],[14.055,53.412],[14.051,53.413],[14.046,53.429],[14.007,53.43],[14.001,53.435],[13.962,53.43],[13.947,53.431],[13.925,53.426],[13.918,53.422],[13.916,53.422],[13.908,53.426],[13.903,53.432],[13.911,53.437],[13.912,53.438],[13.906,53.444],[13.909,53.446],[13.918,53.447],[13.918,53.452],[13.917,53.454],[13.918,53.456],[13.876,53.474],[13.885,53.485],[13.876,53.487],[13.874,53.491],[13.874,53.494],[13.877,53.496],[13.876,53.5],[13.879,53.504],[13.848,53.514],[13.822,53.518],[13.824,53.52],[13.823,53.522],[13.805,53.541],[13.799,53.546],[13.799,53.555],[13.802,53.556],[13.801,53.558],[13.794,53.557],[13.791,53.559],[13.784,53.552],[13.776,53.531],[13.777,53.527],[13.78,53.524],[13.78,53.522],[13.778,53.514],[13.793,53.511],[13.792,53.508],[13.795,53.507],[13.801,53.498],[13.81,53.502],[13.827,53.499],[13.812,53.484],[13.802,53.478],[13.779,53.474],[13.775,53.476],[13.753,53.478],[13.747,53.481],[13.747,53.484],[13.741,53.486],[13.736,53.481],[13.726,53.483],[13.715,53.482],[13.703,53.474],[13.68,53.465],[13.672,53.459],[13.663,53.458],[13.654,53.451],[13.655,53.448],[13.653,53.447],[13.651,53.444],[13.649,53.446],[13.64,53.447],[13.634,53.44],[13.639,53.438],[13.636,53.434],[13.637,53.433],[13.629,53.432],[13.636,53.423],[13.625,53.409],[13.619,53.409],[13.618,53.413],[13.611,53.414],[13.607,53.411],[13.597,53.41],[13.594,53.408],[13.589,53.41],[13.574,53.408],[13.569,53.405],[13.57,53.403],[13.564,53.401],[13.561,53.4],[13.558,53.401],[13.55,53.399],[13.55,53.396],[13.546,53.394],[13.557,53.392],[13.555,53.389],[13.556,53.387],[13.554,53.385],[13.554,53.383],[13.55,53.381],[13.557,53.38],[13.556,53.376],[13.547,53.372],[13.543,53.364],[13.526,53.366],[13.517,53.352],[13.525,53.351],[13.525,53.343],[13.521,53.341],[13.52,53.338],[13.523,53.335],[13.521,53.333],[13.524,53.32],[13.51,53.317],[13.509,53.322],[13.503,53.327],[13.502,53.325],[13.506,53.32],[13.505,53.319],[13.507,53.318],[13.507,53.316],[13.496,53.307],[13.497,53.302],[13.483,53.291],[13.461,53.289],[13.457,53.293],[13.456,53.298],[13.442,53.298],[13.438,53.3],[13.435,53.295],[13.436,53.292],[13.439,53.292],[13.434,53.29],[13.438,53.287],[13.442,53.286],[13.435,53.283],[13.431,53.285],[13.421,53.27],[13.415,53.267],[13.413,53.263],[13.408,53.263],[13.409,53.258],[13.403,53.249],[13.406,53.248],[13.405,53.246],[13.397,53.246],[13.389,53.243],[13.386,53.244],[13.385,53.248],[13.386,53.251],[13.382,53.25],[13.371,53.262],[13.369,53.271],[13.361,53.278],[13.349,53.278],[13.34,53.276],[13.341,53.274],[13.337,53.273],[13.298,53.281],[13.288,53.275],[13.284,53.276],[13.284,53.273],[13.279,53.271],[13.275,53.265],[13.264,53.264],[13.257,53.261],[13.253,53.262],[13.254,53.26],[13.248,53.257],[13.245,53.252],[13.246,53.25],[13.244,53.249],[13.246,53.247],[13.248,53.247],[13.247,53.249],[13.251,53.247],[13.246,53.244],[13.247,53.243],[13.244,53.239],[13.242,53.24],[13.24,53.239],[13.24,53.237],[13.242,53.237],[13.24,53.235],[13.241,53.232],[13.237,53.227],[13.239,53.225],[13.229,53.217],[13.213,53.221],[13.205,53.221],[13.203,53.222],[13.199,53.227],[13.191,53.235],[13.19,53.241],[13.185,53.248],[13.182,53.251],[13.175,53.247],[13.171,53.25],[13.164,53.25],[13.159,53.249],[13.158,53.248],[13.152,53.246],[13.152,53.251],[13.137,53.245],[13.133,53.237],[13.129,53.237],[13.128,53.239],[13.118,53.241],[13.115,53.24],[13.11,53.24],[13.103,53.236],[13.108,53.225],[13.105,53.22],[13.107,53.215],[13.097,53.213],[13.094,53.217],[13.087,53.215],[13.088,53.214],[13.084,53.213],[13.086,53.21],[13.082,53.21],[13.078,53.205],[13.081,53.202],[13.079,53.2],[13.073,53.2],[13.069,53.204],[13.064,53.201],[13.056,53.201],[13.042,53.197],[13.038,53.193],[13.039,53.192],[13.031,53.19],[13.028,53.186],[13.019,53.185],[13.02,53.176],[13.013,53.172],[13.009,53.173],[13.005,53.17],[13.007,53.169],[13.006,53.167],[13.002,53.167],[13.002,53.169],[12.992,53.169],[12.984,53.167],[12.984,53.164],[12.98,53.163],[12.976,53.163],[12.976,53.165],[12.973,53.166],[12.969,53.166],[12.966,53.169],[12.965,53.176],[12.961,53.178],[12.947,53.172],[12.942,53.174],[12.947,53.178],[12.961,53.181],[12.96,53.184],[12.962,53.185],[12.973,53.19],[12.979,53.191],[12.975,53.198],[12.964,53.2],[12.947,53.199],[12.943,53.196],[12.937,53.194],[12.944,53.191],[12.944,53.187],[12.941,53.186],[12.934,53.188],[12.92,53.186],[12.919,53.188],[12.928,53.19],[12.93,53.193],[12.93,53.194],[12.925,53.196],[12.905,53.194],[12.903,53.193],[12.902,53.19],[12.891,53.187],[12.889,53.18],[12.884,53.181],[12.88,53.18],[12.871,53.183],[12.868,53.187],[12.859,53.188],[12.85,53.197],[12.85,53.2],[12.846,53.201],[12.841,53.2],[12.838,53.197],[12.831,53.196],[12.825,53.197],[12.821,53.193],[12.817,53.196],[12.815,53.192],[12.813,53.192],[12.81,53.195],[12.813,53.197],[12.809,53.198],[12.806,53.197],[12.806,53.194],[12.801,53.194],[12.799,53.191],[12.795,53.19],[12.794,53.191],[12.79,53.191],[12.785,53.188],[12.78,53.188],[12.778,53.189],[12.764,53.189],[12.759,53.195],[12.739,53.2],[12.749,53.206],[12.758,53.222],[12.758,53.224],[12.747,53.226],[12.745,53.224],[12.742,53.223],[12.723,53.222],[12.716,53.224],[12.696,53.227],[12.683,53.227],[12.671,53.23],[12.666,53.231],[12.664,53.235],[12.669,53.237],[12.665,53.239],[12.666,53.242],[12.67,53.243],[12.672,53.246],[12.676,53.246],[12.676,53.248],[12.674,53.249],[12.667,53.249],[12.666,53.253],[12.655,53.255],[12.628,53.255],[12.624,53.252],[12.617,53.252],[12.616,53.249],[12.606,53.244],[12.601,53.245],[12.598,53.248],[12.566,53.256],[12.55,53.262],[12.53,53.265],[12.502,53.262],[12.503,53.258],[12.498,53.255],[12.467,53.256],[12.445,53.25],[12.44,53.256],[12.435,53.257],[12.432,53.263],[12.432,53.271],[12.428,53.275],[12.41,53.28],[12.4,53.279],[12.392,53.285],[12.398,53.295],[12.394,53.302],[12.383,53.302],[12.373,53.306],[12.363,53.307],[12.352,53.313],[12.343,53.316],[12.332,53.318],[12.325,53.321],[12.311,53.323],[12.311,53.327],[12.291,53.329],[12.28,53.328],[12.272,53.324],[12.265,53.325],[12.26,53.324],[12.258,53.325],[12.26,53.328],[12.245,53.333],[12.242,53.338],[12.236,53.342],[12.23,53.353],[12.229,53.358],[12.222,53.357],[12.212,53.353],[12.191,53.354],[12.186,53.35],[12.185,53.347],[12.187,53.346],[12.187,53.343],[12.169,53.339],[12.156,53.35],[12.156,53.356],[12.152,53.361],[12.141,53.359],[12.139,53.361],[12.139,53.355],[12.135,53.352],[12.134,53.348],[12.109,53.35],[12.109,53.344],[12.092,53.345],[12.082,53.346],[12.079,53.358],[12.08,53.367],[12.078,53.367],[12.078,53.369],[12.066,53.37],[12.062,53.371],[12.045,53.371],[12.051,53.367],[12.048,53.365],[12.047,53.361],[12.052,53.36],[12.055,53.354],[12.053,53.353],[12.057,53.349],[12.039,53.345],[12.039,53.344],[12.023,53.338],[12.023,53.337],[12.015,53.334],[12.022,53.321],[12.018,53.315],[12.024,53.304],[12.018,53.3],[12.003,53.3],[11.997,53.294],[11.988,53.296],[11.986,53.3],[11.974,53.299],[11.973,53.295],[11.966,53.285],[11.962,53.284],[11.956,53.279],[11.954,53.274],[11.95,53.272],[11.947,53.272],[11.945,53.274],[11.918,53.273],[11.905,53.275],[11.899,53.278],[11.893,53.279],[11.893,53.273],[11.89,53.269],[11.887,53.268],[11.885,53.264],[11.872,53.26],[11.867,53.257],[11.862,53.248],[11.849,53.25],[11.847,53.252],[11.834,53.252],[11.817,53.254],[11.809,53.253],[11.8,53.255],[11.796,53.253],[11.802,53.25],[11.804,53.247],[11.817,53.245],[11.822,53.242],[11.825,53.239],[11.832,53.235],[11.833,53.232],[11.829,53.231],[11.829,53.229],[11.818,53.229],[11.816,53.227],[11.809,53.226],[11.804,53.227],[11.794,53.226],[11.788,53.229],[11.784,53.227],[11.769,53.227],[11.748,53.22],[11.729,53.217],[11.728,53.219],[11.727,53.232],[11.715,53.23],[11.714,53.233],[11.707,53.234],[11.708,53.238],[11.703,53.24],[11.7,53.244],[11.696,53.245],[11.691,53.242],[11.677,53.242],[11.673,53.244],[11.667,53.244],[11.663,53.244],[11.661,53.241],[11.655,53.24],[11.64,53.239],[11.629,53.242],[11.62,53.238],[11.617,53.23],[11.604,53.227],[11.596,53.223],[11.587,53.215],[11.576,53.212],[11.571,53.214],[11.562,53.213],[11.551,53.209],[11.561,53.203],[11.558,53.201],[11.557,53.194],[11.56,53.187],[11.558,53.185],[11.567,53.182],[11.562,53.175],[11.569,53.171],[11.569,53.168]]],[[[14.031,53.944],[14.031,53.946],[14.035,53.946],[14.035,53.945],[14.031,53.944]]],[[[13.96,53.941],[13.958,53.941],[13.957,53.943],[13.96,53.944],[13.96,53.941]]],[[[14.028,53.95],[14.03,53.947],[14.023,53.949],[14.023,53.952],[14.028,53.95]]],[[[13.932,54.03],[13.935,54.028],[13.934,54.025],[13.925,54.023],[13.925,54.02],[13.928,54.019],[13.927,54.016],[13.92,54.017],[13.916,54.02],[13.916,54.024],[13.924,54.03],[13.929,54.031],[13.932,54.03]]],[[[11.428,53.939],[11.425,53.939],[11.423,53.942],[11.429,53.943],[11.428,53.939]]],[[[11.469,53.966],[11.468,53.964],[11.466,53.964],[11.467,53.968],[11.47,53.968],[11.469,53.966]]],[[[11.498,54.031],[11.499,54.029],[11.496,54.029],[11.496,54.024],[11.486,54.024],[11.486,54.026],[11.491,54.03],[11.495,54.032],[11.498,54.031]]],[[[11.523,54.067],[11.519,54.063],[11.515,54.055],[11.518,54.05],[11.516,54.047],[11.515,54.038],[11.512,54.038],[11.511,54.048],[11.512,54.058],[11.524,54.07],[11.523,54.067]]],[[[12.585,54.379],[12.586,54.376],[12.584,54.375],[12.58,54.377],[12.582,54.38],[12.587,54.381],[12.585,54.379]]],[[[12.738,54.411],[12.738,54.408],[12.731,54.405],[12.717,54.405],[12.719,54.409],[12.724,54.413],[12.735,54.413],[12.738,54.411]]],[[[12.531,54.359],[12.536,54.356],[12.53,54.355],[12.531,54.35],[12.53,54.347],[12.531,54.346],[12.529,54.345],[12.527,54.346],[12.528,54.35],[12.526,54.354],[12.528,54.356],[12.525,54.36],[12.528,54.361],[12.529,54.359],[12.531,54.359]]],[[[12.53,54.367],[12.529,54.366],[12.529,54.363],[12.526,54.362],[12.524,54.364],[12.525,54.367],[12.522,54.368],[12.529,54.369],[12.53,54.367]]],[[[12.699,54.43],[12.711,54.426],[12.724,54.425],[12.73,54.422],[12.731,54.416],[12.719,54.415],[12.716,54.416],[12.694,54.419],[12.681,54.414],[12.674,54.418],[12.679,54.423],[12.691,54.425],[12.691,54.427],[12.693,54.428],[12.687,54.427],[12.69,54.431],[12.699,54.43]]],[[[12.723,54.428],[12.724,54.43],[12.726,54.428],[12.725,54.427],[12.723,54.428]]],[[[13.77,54.122],[13.774,54.117],[13.781,54.115],[13.784,54.111],[13.787,54.11],[13.78,54.113],[13.777,54.112],[13.779,54.11],[13.776,54.111],[13.776,54.114],[13.772,54.115],[13.77,54.117],[13.768,54.127],[13.77,54.122]]],[[[13.761,54.125],[13.763,54.127],[13.766,54.127],[13.766,54.125],[13.761,54.125]]],[[[13.352,54.176],[13.35,54.176],[13.348,54.177],[13.35,54.178],[13.352,54.176]]],[[[13.371,54.183],[13.373,54.18],[13.366,54.182],[13.35,54.182],[13.355,54.185],[13.361,54.185],[13.367,54.185],[13.371,54.183]]],[[[13.717,54.285],[13.72,54.279],[13.725,54.273],[13.714,54.272],[13.709,54.269],[13.705,54.272],[13.703,54.276],[13.694,54.28],[13.688,54.28],[13.685,54.283],[13.686,54.286],[13.69,54.286],[13.695,54.285],[13.696,54.281],[13.707,54.281],[13.708,54.287],[13.705,54.293],[13.702,54.295],[13.691,54.293],[13.69,54.291],[13.692,54.29],[13.669,54.292],[13.662,54.288],[13.657,54.288],[13.646,54.297],[13.657,54.304],[13.678,54.308],[13.681,54.311],[13.684,54.31],[13.686,54.312],[13.684,54.313],[13.688,54.315],[13.7,54.316],[13.697,54.318],[13.704,54.321],[13.704,54.326],[13.683,54.326],[13.68,54.327],[13.678,54.33],[13.668,54.33],[13.655,54.327],[13.645,54.322],[13.621,54.319],[13.618,54.318],[13.617,54.315],[13.611,54.316],[13.612,54.32],[13.617,54.32],[13.625,54.322],[13.644,54.325],[13.66,54.332],[13.678,54.337],[13.683,54.343],[13.682,54.345],[13.685,54.346],[13.682,54.35],[13.674,54.351],[13.656,54.347],[13.648,54.348],[13.635,54.343],[13.64,54.34],[13.631,54.339],[13.63,54.337],[13.622,54.334],[13.625,54.331],[13.614,54.331],[13.603,54.345],[13.59,54.351],[13.575,54.353],[13.571,54.352],[13.565,54.345],[13.552,54.339],[13.54,54.343],[13.531,54.34],[13.518,54.34],[13.506,54.344],[13.505,54.343],[13.506,54.34],[13.5,54.342],[13.497,54.338],[13.485,54.336],[13.478,54.33],[13.467,54.331],[13.464,54.329],[13.462,54.33],[13.463,54.332],[13.46,54.334],[13.455,54.336],[13.455,54.334],[13.451,54.331],[13.456,54.33],[13.457,54.328],[13.455,54.327],[13.464,54.328],[13.466,54.326],[13.466,54.322],[13.464,54.321],[13.46,54.316],[13.444,54.314],[13.434,54.308],[13.428,54.307],[13.421,54.303],[13.412,54.297],[13.414,54.29],[13.41,54.288],[13.411,54.286],[13.401,54.279],[13.395,54.271],[13.385,54.267],[13.386,54.272],[13.391,54.277],[13.391,54.279],[13.387,54.28],[13.385,54.277],[13.379,54.278],[13.373,54.276],[13.372,54.272],[13.37,54.271],[13.364,54.271],[13.361,54.273],[13.358,54.27],[13.352,54.27],[13.353,54.267],[13.357,54.264],[13.355,54.261],[13.358,54.26],[13.357,54.258],[13.359,54.256],[13.354,54.254],[13.36,54.25],[13.359,54.249],[13.36,54.248],[13.369,54.252],[13.37,54.254],[13.365,54.258],[13.362,54.256],[13.36,54.257],[13.361,54.258],[13.36,54.262],[13.366,54.264],[13.372,54.261],[13.379,54.254],[13.391,54.259],[13.391,54.264],[13.395,54.265],[13.404,54.265],[13.408,54.26],[13.418,54.255],[13.424,54.244],[13.424,54.238],[13.416,54.233],[13.406,54.23],[13.399,54.227],[13.394,54.221],[13.39,54.222],[13.387,54.228],[13.384,54.229],[13.33,54.239],[13.322,54.238],[13.319,54.24],[13.315,54.24],[13.315,54.243],[13.309,54.248],[13.295,54.249],[13.29,54.251],[13.292,54.254],[13.295,54.255],[13.297,54.252],[13.311,54.249],[13.319,54.245],[13.321,54.245],[13.324,54.247],[13.322,54.251],[13.327,54.255],[13.328,54.258],[13.323,54.261],[13.324,54.266],[13.33,54.27],[13.334,54.27],[13.334,54.273],[13.338,54.276],[13.335,54.278],[13.329,54.276],[13.329,54.273],[13.325,54.271],[13.31,54.266],[13.315,54.264],[13.315,54.26],[13.32,54.259],[13.321,54.258],[13.311,54.257],[13.305,54.259],[13.287,54.259],[13.277,54.255],[13.27,54.254],[13.248,54.259],[13.242,54.264],[13.241,54.267],[13.225,54.269],[13.217,54.273],[13.216,54.276],[13.219,54.277],[13.218,54.279],[13.215,54.279],[13.216,54.277],[13.214,54.276],[13.216,54.273],[13.216,54.272],[13.21,54.27],[13.2,54.27],[13.196,54.276],[13.196,54.284],[13.204,54.29],[13.201,54.295],[13.194,54.297],[13.189,54.294],[13.189,54.291],[13.182,54.29],[13.181,54.288],[13.165,54.289],[13.142,54.281],[13.139,54.282],[13.138,54.286],[13.138,54.291],[13.14,54.293],[13.14,54.297],[13.151,54.3],[13.152,54.302],[13.156,54.303],[13.155,54.305],[13.164,54.305],[13.165,54.301],[13.172,54.301],[13.172,54.299],[13.178,54.298],[13.18,54.296],[13.182,54.296],[13.185,54.301],[13.17,54.31],[13.161,54.31],[13.143,54.315],[13.135,54.324],[13.115,54.332],[13.115,54.343],[13.122,54.351],[13.124,54.367],[13.127,54.371],[13.155,54.375],[13.172,54.371],[13.184,54.375],[13.197,54.376],[13.201,54.374],[13.2,54.372],[13.203,54.371],[13.217,54.371],[13.217,54.368],[13.22,54.368],[13.225,54.37],[13.237,54.37],[13.239,54.372],[13.236,54.373],[13.236,54.377],[13.259,54.38],[13.262,54.383],[13.262,54.384],[13.258,54.386],[13.251,54.386],[13.249,54.384],[13.24,54.385],[13.237,54.388],[13.236,54.393],[13.23,54.397],[13.23,54.399],[13.231,54.4],[13.23,54.401],[13.234,54.403],[13.232,54.405],[13.238,54.408],[13.238,54.41],[13.235,54.41],[13.235,54.413],[13.233,54.413],[13.23,54.412],[13.234,54.409],[13.22,54.414],[13.216,54.419],[13.214,54.425],[13.213,54.426],[13.213,54.429],[13.211,54.43],[13.207,54.43],[13.202,54.426],[13.191,54.424],[13.182,54.423],[13.17,54.425],[13.159,54.421],[13.15,54.423],[13.15,54.429],[13.162,54.436],[13.162,54.44],[13.168,54.45],[13.17,54.45],[13.169,54.453],[13.176,54.452],[13.18,54.455],[13.193,54.455],[13.193,54.45],[13.2,54.447],[13.205,54.453],[13.204,54.457],[13.206,54.458],[13.205,54.46],[13.218,54.459],[13.223,54.46],[13.224,54.464],[13.238,54.462],[13.239,54.465],[13.239,54.467],[13.231,54.468],[13.237,54.468],[13.244,54.473],[13.254,54.471],[13.253,54.474],[13.257,54.473],[13.267,54.477],[13.268,54.48],[13.258,54.478],[13.256,54.481],[13.258,54.484],[13.256,54.486],[13.246,54.487],[13.239,54.483],[13.23,54.484],[13.227,54.486],[13.228,54.493],[13.226,54.495],[13.229,54.497],[13.229,54.504],[13.234,54.505],[13.23,54.507],[13.234,54.508],[13.23,54.511],[13.209,54.508],[13.201,54.504],[13.193,54.505],[13.177,54.506],[13.169,54.509],[13.17,54.505],[13.164,54.504],[13.166,54.502],[13.161,54.503],[13.156,54.505],[13.155,54.508],[13.156,54.511],[13.158,54.513],[13.161,54.513],[13.164,54.516],[13.164,54.523],[13.16,54.535],[13.154,54.541],[13.149,54.542],[13.14,54.54],[13.14,54.542],[13.142,54.543],[13.144,54.547],[13.175,54.545],[13.186,54.548],[13.214,54.55],[13.236,54.554],[13.255,54.552],[13.26,54.548],[13.267,54.548],[13.275,54.544],[13.286,54.543],[13.29,54.541],[13.291,54.538],[13.295,54.538],[13.296,54.535],[13.29,54.532],[13.29,54.526],[13.288,54.525],[13.287,54.522],[13.294,54.521],[13.297,54.519],[13.301,54.515],[13.305,54.514],[13.31,54.516],[13.31,54.518],[13.306,54.52],[13.311,54.52],[13.312,54.523],[13.303,54.528],[13.307,54.536],[13.307,54.539],[13.305,54.541],[13.304,54.547],[13.296,54.55],[13.297,54.552],[13.326,54.569],[13.33,54.569],[13.332,54.571],[13.34,54.571],[13.344,54.574],[13.344,54.575],[13.346,54.578],[13.354,54.581],[13.369,54.579],[13.371,54.577],[13.361,54.569],[13.36,54.566],[13.36,54.563],[13.353,54.554],[13.355,54.551],[13.349,54.551],[13.35,54.553],[13.348,54.553],[13.343,54.55],[13.338,54.549],[13.36,54.545],[13.362,54.542],[13.361,54.537],[13.352,54.532],[13.349,54.527],[13.344,54.525],[13.345,54.523],[13.345,54.521],[13.35,54.518],[13.354,54.519],[13.359,54.523],[13.364,54.521],[13.371,54.522],[13.374,54.52],[13.375,54.521],[13.375,54.525],[13.382,54.527],[13.388,54.531],[13.39,54.536],[13.388,54.54],[13.38,54.54],[13.378,54.544],[13.354,54.547],[13.354,54.55],[13.362,54.552],[13.361,54.554],[13.363,54.556],[13.373,54.56],[13.377,54.559],[13.376,54.554],[13.379,54.552],[13.38,54.547],[13.386,54.543],[13.394,54.54],[13.409,54.527],[13.414,54.52],[13.415,54.517],[13.409,54.512],[13.407,54.507],[13.408,54.502],[13.412,54.499],[13.411,54.497],[13.414,54.496],[13.413,54.494],[13.442,54.487],[13.444,54.485],[13.444,54.481],[13.449,54.476],[13.448,54.474],[13.451,54.473],[13.457,54.477],[13.479,54.483],[13.489,54.483],[13.496,54.48],[13.5,54.48],[13.501,54.479],[13.49,54.477],[13.484,54.474],[13.479,54.466],[13.472,54.458],[13.471,54.454],[13.474,54.452],[13.492,54.453],[13.506,54.452],[13.508,54.45],[13.5,54.447],[13.5,54.444],[13.51,54.445],[13.514,54.443],[13.507,54.438],[13.504,54.434],[13.498,54.436],[13.487,54.434],[13.483,54.436],[13.485,54.44],[13.498,54.446],[13.493,54.447],[13.483,54.443],[13.482,54.44],[13.477,54.438],[13.478,54.436],[13.48,54.438],[13.482,54.438],[13.475,54.432],[13.476,54.425],[13.494,54.421],[13.497,54.421],[13.496,54.423],[13.5,54.425],[13.504,54.426],[13.511,54.419],[13.516,54.42],[13.521,54.418],[13.528,54.42],[13.528,54.418],[13.532,54.416],[13.541,54.419],[13.542,54.428],[13.52,54.43],[13.52,54.432],[13.521,54.434],[13.532,54.435],[13.54,54.434],[13.549,54.436],[13.554,54.435],[13.557,54.438],[13.556,54.444],[13.552,54.447],[13.531,54.445],[13.524,54.448],[13.525,54.45],[13.538,54.452],[13.547,54.457],[13.547,54.462],[13.546,54.463],[13.548,54.469],[13.546,54.471],[13.549,54.473],[13.548,54.475],[13.527,54.48],[13.509,54.48],[13.509,54.477],[13.506,54.477],[13.503,54.479],[13.502,54.48],[13.506,54.482],[13.505,54.485],[13.501,54.488],[13.5,54.493],[13.505,54.498],[13.509,54.508],[13.514,54.509],[13.515,54.516],[13.511,54.519],[13.512,54.52],[13.511,54.524],[13.508,54.525],[13.51,54.526],[13.51,54.529],[13.512,54.529],[13.51,54.53],[13.506,54.539],[13.504,54.54],[13.504,54.544],[13.502,54.548],[13.494,54.55],[13.493,54.553],[13.497,54.554],[13.491,54.559],[13.495,54.559],[13.496,54.56],[13.493,54.561],[13.495,54.561],[13.499,54.559],[13.51,54.558],[13.513,54.561],[13.513,54.565],[13.511,54.566],[13.504,54.564],[13.492,54.563],[13.49,54.562],[13.49,54.559],[13.485,54.559],[13.492,54.553],[13.49,54.551],[13.486,54.553],[13.466,54.554],[13.446,54.551],[13.434,54.56],[13.426,54.569],[13.407,54.573],[13.397,54.572],[13.39,54.578],[13.384,54.581],[13.383,54.584],[13.384,54.596],[13.38,54.602],[13.374,54.606],[13.371,54.614],[13.369,54.615],[13.365,54.612],[13.358,54.613],[13.354,54.61],[13.352,54.607],[13.354,54.605],[13.349,54.6],[13.328,54.594],[13.332,54.59],[13.335,54.585],[13.335,54.583],[13.317,54.58],[13.31,54.577],[13.306,54.573],[13.288,54.57],[13.278,54.564],[13.257,54.563],[13.256,54.562],[13.249,54.56],[13.249,54.557],[13.246,54.557],[13.243,54.559],[13.242,54.562],[13.25,54.571],[13.256,54.589],[13.263,54.597],[13.269,54.6],[13.282,54.614],[13.284,54.618],[13.283,54.621],[13.285,54.621],[13.284,54.622],[13.289,54.627],[13.289,54.635],[13.287,54.635],[13.288,54.637],[13.286,54.639],[13.287,54.64],[13.287,54.643],[13.284,54.646],[13.28,54.646],[13.27,54.644],[13.264,54.644],[13.239,54.632],[13.231,54.625],[13.227,54.625],[13.226,54.62],[13.231,54.608],[13.238,54.6],[13.237,54.598],[13.229,54.595],[13.23,54.593],[13.227,54.592],[13.229,54.587],[13.215,54.586],[13.205,54.577],[13.197,54.575],[13.196,54.572],[13.184,54.57],[13.184,54.565],[13.178,54.563],[13.175,54.56],[13.165,54.558],[13.161,54.559],[13.16,54.565],[13.166,54.573],[13.197,54.583],[13.197,54.584],[13.203,54.586],[13.209,54.592],[13.211,54.592],[13.222,54.602],[13.227,54.614],[13.226,54.614],[13.225,54.621],[13.22,54.627],[13.221,54.633],[13.219,54.635],[13.219,54.64],[13.23,54.647],[13.229,54.648],[13.239,54.651],[13.25,54.66],[13.255,54.66],[13.265,54.666],[13.286,54.673],[13.336,54.675],[13.345,54.678],[13.349,54.677],[13.354,54.68],[13.376,54.683],[13.407,54.681],[13.429,54.685],[13.438,54.677],[13.432,54.671],[13.433,54.665],[13.431,54.663],[13.422,54.657],[13.4,54.654],[13.387,54.65],[13.376,54.635],[13.381,54.614],[13.389,54.601],[13.401,54.589],[13.421,54.578],[13.432,54.574],[13.463,54.57],[13.47,54.572],[13.467,54.574],[13.467,54.575],[13.483,54.572],[13.491,54.572],[13.5,54.575],[13.509,54.574],[13.551,54.58],[13.589,54.584],[13.634,54.585],[13.641,54.583],[13.649,54.578],[13.661,54.575],[13.665,54.572],[13.672,54.568],[13.677,54.565],[13.677,54.563],[13.68,54.563],[13.676,54.559],[13.676,54.554],[13.682,54.542],[13.679,54.539],[13.678,54.53],[13.671,54.525],[13.669,54.521],[13.659,54.517],[13.654,54.516],[13.652,54.514],[13.646,54.511],[13.649,54.514],[13.644,54.513],[13.641,54.51],[13.637,54.51],[13.635,54.508],[13.627,54.506],[13.624,54.503],[13.607,54.498],[13.601,54.49],[13.595,54.487],[13.596,54.485],[13.589,54.485],[13.59,54.483],[13.588,54.483],[13.589,54.481],[13.584,54.482],[13.574,54.477],[13.57,54.47],[13.57,54.462],[13.573,54.449],[13.58,54.44],[13.579,54.438],[13.581,54.434],[13.59,54.422],[13.61,54.405],[13.624,54.398],[13.634,54.4],[13.658,54.399],[13.664,54.402],[13.674,54.401],[13.678,54.398],[13.679,54.395],[13.704,54.38],[13.708,54.375],[13.709,54.369],[13.723,54.356],[13.741,54.346],[13.76,54.342],[13.767,54.342],[13.766,54.34],[13.741,54.336],[13.732,54.33],[13.731,54.318],[13.723,54.318],[13.717,54.31],[13.716,54.304],[13.714,54.299],[13.714,54.293],[13.717,54.285]]],[[[13.363,54.252],[13.365,54.251],[13.359,54.253],[13.361,54.253],[13.363,54.252]]],[[[13.775,54.208],[13.775,54.205],[13.771,54.201],[13.769,54.201],[13.768,54.209],[13.775,54.208]]],[[[13.924,54.251],[13.928,54.248],[13.917,54.245],[13.914,54.242],[13.906,54.241],[13.906,54.243],[13.906,54.242],[13.909,54.242],[13.91,54.243],[13.908,54.245],[13.911,54.245],[13.916,54.248],[13.917,54.251],[13.924,54.251]]],[[[13.125,54.311],[13.129,54.31],[13.13,54.307],[13.12,54.302],[13.115,54.305],[13.111,54.312],[13.113,54.313],[13.124,54.314],[13.124,54.312],[13.125,54.311]]],[[[12.929,54.427],[12.927,54.43],[12.923,54.433],[12.93,54.43],[12.929,54.427]]],[[[12.954,54.442],[12.961,54.441],[12.963,54.438],[12.957,54.437],[12.958,54.438],[12.947,54.44],[12.938,54.438],[12.933,54.433],[12.93,54.432],[12.924,54.435],[12.925,54.441],[12.929,54.443],[12.954,54.442]]],[[[13.12,54.43],[13.123,54.429],[13.123,54.427],[13.12,54.426],[13.116,54.428],[13.116,54.43],[13.12,54.43]]],[[[13.22,54.401],[13.221,54.4],[13.216,54.397],[13.209,54.397],[13.206,54.398],[13.206,54.399],[13.213,54.403],[13.22,54.401]]],[[[13.189,54.493],[13.197,54.492],[13.199,54.49],[13.196,54.489],[13.2,54.486],[13.213,54.485],[13.225,54.486],[13.228,54.485],[13.22,54.483],[13.225,54.482],[13.227,54.472],[13.215,54.467],[13.22,54.467],[13.221,54.469],[13.224,54.47],[13.227,54.469],[13.224,54.468],[13.225,54.467],[13.224,54.465],[13.213,54.464],[13.203,54.462],[13.201,54.46],[13.201,54.457],[13.198,54.458],[13.199,54.461],[13.214,54.465],[13.214,54.466],[13.208,54.469],[13.189,54.466],[13.186,54.463],[13.186,54.461],[13.188,54.459],[13.185,54.459],[13.185,54.457],[13.17,54.457],[13.166,54.456],[13.164,54.455],[13.163,54.452],[13.165,54.45],[13.163,54.449],[13.157,54.448],[13.147,54.449],[13.134,54.443],[13.126,54.444],[13.125,54.442],[13.121,54.442],[13.121,54.449],[13.123,54.452],[13.131,54.459],[13.139,54.47],[13.149,54.482],[13.154,54.484],[13.158,54.488],[13.168,54.492],[13.181,54.494],[13.189,54.493]]],[[[13.052,54.459],[13.055,54.453],[13.06,54.452],[13.06,54.45],[13.038,54.441],[13.037,54.441],[13.038,54.442],[13.037,54.444],[13.028,54.442],[13.021,54.444],[13.011,54.443],[12.998,54.44],[12.989,54.433],[12.977,54.432],[12.974,54.432],[12.972,54.436],[12.969,54.436],[12.967,54.438],[12.969,54.441],[12.973,54.44],[12.977,54.442],[12.985,54.441],[12.984,54.438],[12.985,54.438],[12.99,54.439],[12.993,54.445],[13.001,54.447],[13.012,54.448],[13.018,54.447],[13.027,54.449],[13.034,54.447],[13.035,54.449],[13.046,54.454],[13.047,54.457],[13.046,54.46],[13.052,54.459]]],[[[13.083,54.475],[13.082,54.474],[13.079,54.474],[13.081,54.477],[13.084,54.477],[13.083,54.475]]],[[[13.138,54.604],[13.145,54.604],[13.147,54.602],[13.149,54.591],[13.158,54.579],[13.155,54.578],[13.152,54.575],[13.15,54.575],[13.151,54.577],[13.151,54.583],[13.146,54.588],[13.147,54.575],[13.146,54.574],[13.142,54.575],[13.142,54.576],[13.145,54.577],[13.145,54.58],[13.141,54.582],[13.141,54.585],[13.139,54.587],[13.134,54.588],[13.135,54.59],[13.139,54.59],[13.141,54.595],[13.139,54.597],[13.131,54.592],[13.125,54.585],[13.126,54.584],[13.111,54.584],[13.113,54.579],[13.118,54.575],[13.11,54.571],[13.111,54.569],[13.109,54.568],[13.114,54.563],[13.116,54.557],[13.117,54.55],[13.115,54.547],[13.114,54.541],[13.117,54.538],[13.106,54.532],[13.105,54.529],[13.092,54.527],[13.095,54.525],[13.092,54.521],[13.093,54.516],[13.09,54.518],[13.085,54.518],[13.089,54.517],[13.089,54.515],[13.084,54.515],[13.084,54.514],[13.086,54.513],[13.082,54.512],[13.083,54.51],[13.081,54.508],[13.081,54.503],[13.08,54.501],[13.074,54.5],[13.075,54.488],[13.077,54.486],[13.076,54.483],[13.074,54.481],[13.077,54.478],[13.074,54.479],[13.074,54.475],[13.072,54.473],[13.075,54.469],[13.07,54.467],[13.071,54.463],[13.066,54.46],[13.068,54.457],[13.064,54.458],[13.062,54.459],[13.062,54.465],[13.06,54.47],[13.06,54.479],[13.064,54.487],[13.063,54.491],[13.071,54.505],[13.072,54.508],[13.079,54.515],[13.086,54.538],[13.093,54.545],[13.094,54.551],[13.098,54.556],[13.101,54.573],[13.101,54.579],[13.1,54.579],[13.101,54.588],[13.098,54.59],[13.115,54.6],[13.119,54.603],[13.131,54.605],[13.138,54.604]]],[[[13.125,54.548],[13.125,54.544],[13.12,54.542],[13.12,54.539],[13.117,54.54],[13.116,54.547],[13.123,54.55],[13.125,54.548]]],[[[13.302,54.538],[13.303,54.538],[13.298,54.539],[13.3,54.541],[13.302,54.538]]],[[[13.545,54.328],[13.546,54.327],[13.545,54.324],[13.537,54.323],[13.529,54.319],[13.524,54.314],[13.524,54.31],[13.52,54.312],[13.518,54.315],[13.519,54.316],[13.523,54.316],[13.531,54.323],[13.529,54.326],[13.53,54.327],[13.533,54.327],[13.54,54.332],[13.543,54.331],[13.545,54.328]]]]}},{"type":"Feature","properties":{"name":"Niedersachsen"},"geometry":{"type":"MultiPolygon","coordinates":[[[[9.691,53.562],[9.703,53.559],[9.727,53.559],[9.736,53.556],[9.743,53.558],[9.773,53.555],[9.779,53.555],[9.783,53.551],[9.774,53.55],[9.773,53.55],[9.781,53.552],[9.773,53.554],[9.766,53.551],[9.759,53.551],[9.752,53.553],[9.744,53.553],[9.739,53.556],[9.699,53.559],[9.694,53.56],[9.69,53.56],[9.687,53.557],[9.678,53.556],[9.663,53.564],[9.691,53.562]]],[[[6.769,53.617],[6.8,53.608],[6.811,53.603],[6.805,53.601],[6.804,53.597],[6.775,53.595],[6.751,53.595],[6.749,53.592],[6.742,53.591],[6.739,53.587],[6.727,53.586],[6.727,53.584],[6.721,53.584],[6.73,53.58],[6.736,53.576],[6.739,53.576],[6.739,53.573],[6.746,53.569],[6.756,53.569],[6.76,53.562],[6.753,53.558],[6.753,53.561],[6.749,53.562],[6.75,53.557],[6.741,53.556],[6.741,53.566],[6.734,53.57],[6.725,53.568],[6.721,53.565],[6.72,53.563],[6.723,53.562],[6.725,53.559],[6.723,53.558],[6.711,53.565],[6.701,53.567],[6.699,53.565],[6.695,53.565],[6.691,53.569],[6.679,53.574],[6.663,53.578],[6.655,53.585],[6.657,53.588],[6.653,53.592],[6.654,53.596],[6.656,53.598],[6.656,53.6],[6.651,53.599],[6.644,53.601],[6.642,53.599],[6.635,53.6],[6.631,53.598],[6.631,53.611],[6.636,53.613],[6.643,53.612],[6.654,53.607],[6.669,53.606],[6.668,53.604],[6.67,53.604],[6.679,53.606],[6.699,53.606],[6.757,53.618],[6.769,53.617]]],[[[6.867,53.592],[6.865,53.589],[6.86,53.59],[6.862,53.591],[6.862,53.593],[6.864,53.596],[6.866,53.596],[6.865,53.593],[6.867,53.593],[6.867,53.592]]],[[[9.611,53.584],[9.593,53.588],[9.577,53.597],[9.572,53.602],[9.59,53.596],[9.611,53.584]]],[[[9.526,53.663],[9.521,53.672],[9.52,53.674],[9.527,53.664],[9.526,53.663]]],[[[9.453,53.717],[9.463,53.714],[9.469,53.707],[9.477,53.705],[9.478,53.702],[9.477,53.699],[9.475,53.698],[9.469,53.7],[9.46,53.708],[9.461,53.709],[9.447,53.715],[9.444,53.719],[9.441,53.72],[9.447,53.72],[9.453,53.717]]],[[[7.094,53.683],[7.096,53.683],[7.096,53.681],[7.03,53.677],[7.021,53.676],[7.016,53.674],[6.998,53.674],[6.996,53.672],[6.99,53.674],[6.978,53.67],[6.977,53.669],[6.975,53.67],[6.975,53.672],[6.973,53.672],[6.927,53.666],[6.894,53.666],[6.889,53.663],[6.862,53.661],[6.857,53.659],[6.855,53.661],[6.855,53.663],[6.857,53.664],[6.856,53.666],[6.859,53.668],[6.866,53.672],[6.872,53.671],[6.874,53.673],[6.883,53.671],[6.896,53.672],[6.933,53.676],[7.048,53.685],[7.094,53.683]]],[[[6.906,53.652],[6.909,53.651],[6.909,53.649],[6.907,53.648],[6.901,53.648],[6.902,53.647],[6.902,53.645],[6.905,53.644],[6.905,53.642],[6.902,53.64],[6.903,53.636],[6.899,53.632],[6.899,53.63],[6.897,53.626],[6.888,53.626],[6.877,53.628],[6.871,53.631],[6.871,53.633],[6.865,53.639],[6.865,53.645],[6.875,53.646],[6.88,53.644],[6.877,53.647],[6.894,53.649],[6.895,53.652],[6.9,53.654],[6.906,53.652]]],[[[6.831,53.65],[6.835,53.648],[6.844,53.647],[6.843,53.644],[6.848,53.643],[6.848,53.64],[6.84,53.64],[6.834,53.636],[6.83,53.636],[6.826,53.639],[6.822,53.64],[6.82,53.642],[6.824,53.648],[6.826,53.65],[6.831,53.65]]],[[[6.82,53.644],[6.819,53.64],[6.814,53.64],[6.813,53.648],[6.826,53.657],[6.834,53.659],[6.841,53.657],[6.829,53.654],[6.82,53.644]]],[[[10.368,51.555],[10.372,51.553],[10.368,51.549],[10.368,51.543],[10.348,51.532],[10.348,51.529],[10.344,51.527],[10.344,51.524],[10.342,51.52],[10.318,51.514],[10.315,51.516],[10.309,51.515],[10.305,51.509],[10.301,51.508],[10.3,51.505],[10.299,51.499],[10.301,51.496],[10.3,51.494],[10.293,51.492],[10.284,51.494],[10.273,51.491],[10.272,51.491],[10.274,51.489],[10.273,51.488],[10.252,51.484],[10.245,51.484],[10.244,51.479],[10.238,51.477],[10.235,51.473],[10.236,51.471],[10.233,51.471],[10.227,51.474],[10.224,51.471],[10.221,51.472],[10.217,51.47],[10.215,51.473],[10.217,51.477],[10.215,51.477],[10.218,51.478],[10.213,51.479],[10.214,51.48],[10.206,51.487],[10.19,51.481],[10.184,51.472],[10.178,51.47],[10.179,51.467],[10.186,51.465],[10.186,51.462],[10.177,51.457],[10.18,51.456],[10.174,51.446],[10.168,51.444],[10.159,51.447],[10.156,51.444],[10.152,51.447],[10.142,51.445],[10.14,51.443],[10.143,51.44],[10.14,51.439],[10.141,51.437],[10.155,51.431],[10.15,51.429],[10.14,51.43],[10.132,51.435],[10.131,51.434],[10.128,51.435],[10.121,51.434],[10.117,51.43],[10.091,51.436],[10.08,51.435],[10.08,51.425],[10.075,51.419],[10.069,51.418],[10.065,51.42],[10.066,51.425],[10.06,51.428],[10.061,51.432],[10.059,51.435],[10.047,51.437],[10.046,51.436],[10.049,51.435],[10.048,51.434],[10.049,51.433],[10.052,51.431],[10.051,51.43],[10.043,51.428],[10.041,51.426],[10.042,51.423],[10.038,51.42],[10.034,51.421],[10.024,51.419],[10.009,51.421],[10.008,51.411],[10.006,51.408],[10.001,51.408],[10.0,51.404],[9.994,51.404],[9.99,51.402],[9.987,51.398],[9.966,51.395],[9.954,51.389],[9.948,51.382],[9.942,51.378],[9.928,51.375],[9.927,51.376],[9.933,51.381],[9.93,51.386],[9.931,51.393],[9.928,51.393],[9.927,51.395],[9.907,51.408],[9.906,51.41],[9.913,51.411],[9.909,51.414],[9.906,51.421],[9.899,51.416],[9.883,51.415],[9.885,51.41],[9.881,51.407],[9.881,51.405],[9.878,51.404],[9.873,51.411],[9.868,51.414],[9.866,51.413],[9.865,51.415],[9.856,51.413],[9.856,51.415],[9.851,51.414],[9.854,51.41],[9.851,51.401],[9.858,51.395],[9.861,51.394],[9.856,51.385],[9.86,51.381],[9.859,51.379],[9.868,51.375],[9.868,51.373],[9.865,51.372],[9.853,51.372],[9.84,51.384],[9.842,51.388],[9.839,51.391],[9.841,51.395],[9.841,51.403],[9.834,51.403],[9.832,51.403],[9.834,51.404],[9.83,51.404],[9.822,51.41],[9.803,51.41],[9.797,51.408],[9.794,51.407],[9.793,51.401],[9.796,51.398],[9.8,51.399],[9.801,51.396],[9.8,51.394],[9.802,51.389],[9.801,51.387],[9.797,51.386],[9.794,51.388],[9.784,51.389],[9.766,51.386],[9.757,51.382],[9.752,51.375],[9.745,51.373],[9.739,51.369],[9.732,51.368],[9.723,51.37],[9.702,51.365],[9.702,51.361],[9.704,51.358],[9.713,51.355],[9.714,51.352],[9.721,51.349],[9.722,51.345],[9.727,51.341],[9.727,51.336],[9.737,51.329],[9.736,51.322],[9.738,51.319],[9.745,51.319],[9.757,51.329],[9.768,51.333],[9.764,51.334],[9.763,51.336],[9.773,51.336],[9.771,51.331],[9.764,51.325],[9.766,51.324],[9.772,51.329],[9.774,51.329],[9.77,51.325],[9.773,51.327],[9.775,51.325],[9.772,51.318],[9.771,51.318],[9.768,51.307],[9.761,51.306],[9.732,51.295],[9.73,51.297],[9.72,51.299],[9.709,51.304],[9.7,51.304],[9.695,51.307],[9.688,51.308],[9.687,51.31],[9.679,51.311],[9.675,51.316],[9.669,51.318],[9.668,51.316],[9.664,51.317],[9.662,51.312],[9.646,51.317],[9.643,51.315],[9.639,51.315],[9.636,51.317],[9.634,51.312],[9.629,51.312],[9.63,51.321],[9.633,51.324],[9.637,51.322],[9.639,51.322],[9.633,51.326],[9.617,51.328],[9.604,51.326],[9.606,51.328],[9.602,51.328],[9.595,51.335],[9.584,51.338],[9.582,51.342],[9.568,51.34],[9.559,51.348],[9.556,51.355],[9.548,51.359],[9.55,51.362],[9.559,51.36],[9.568,51.362],[9.577,51.37],[9.577,51.371],[9.575,51.373],[9.56,51.376],[9.56,51.381],[9.564,51.387],[9.574,51.392],[9.579,51.402],[9.588,51.403],[9.591,51.398],[9.594,51.398],[9.612,51.407],[9.631,51.406],[9.629,51.409],[9.631,51.412],[9.633,51.411],[9.641,51.415],[9.644,51.418],[9.634,51.426],[9.632,51.433],[9.633,51.436],[9.628,51.444],[9.629,51.451],[9.631,51.453],[9.629,51.455],[9.63,51.458],[9.643,51.466],[9.644,51.469],[9.64,51.473],[9.628,51.476],[9.62,51.481],[9.61,51.491],[9.597,51.509],[9.586,51.517],[9.586,51.519],[9.589,51.522],[9.592,51.523],[9.601,51.521],[9.609,51.522],[9.615,51.526],[9.62,51.532],[9.622,51.542],[9.614,51.548],[9.609,51.557],[9.613,51.558],[9.614,51.555],[9.618,51.555],[9.622,51.549],[9.634,51.551],[9.644,51.551],[9.648,51.553],[9.645,51.559],[9.636,51.559],[9.628,51.567],[9.625,51.574],[9.627,51.582],[9.634,51.584],[9.645,51.582],[9.645,51.58],[9.649,51.58],[9.66,51.573],[9.672,51.568],[9.684,51.566],[9.688,51.575],[9.691,51.576],[9.68,51.588],[9.672,51.587],[9.669,51.592],[9.661,51.593],[9.649,51.606],[9.638,51.609],[9.636,51.616],[9.637,51.623],[9.63,51.625],[9.632,51.626],[9.627,51.629],[9.627,51.631],[9.632,51.634],[9.626,51.637],[9.617,51.634],[9.616,51.635],[9.614,51.632],[9.61,51.63],[9.592,51.629],[9.586,51.626],[9.581,51.627],[9.571,51.625],[9.565,51.625],[9.561,51.629],[9.559,51.629],[9.561,51.631],[9.553,51.637],[9.544,51.64],[9.531,51.629],[9.524,51.626],[9.516,51.626],[9.507,51.627],[9.496,51.631],[9.492,51.635],[9.493,51.641],[9.499,51.651],[9.498,51.655],[9.494,51.657],[9.469,51.654],[9.459,51.65],[9.453,51.646],[9.45,51.648],[9.435,51.651],[9.425,51.65],[9.417,51.647],[9.404,51.648],[9.386,51.646],[9.375,51.65],[9.379,51.666],[9.383,51.669],[9.394,51.672],[9.396,51.674],[9.395,51.68],[9.388,51.686],[9.387,51.69],[9.399,51.697],[9.402,51.702],[9.4,51.706],[9.392,51.713],[9.387,51.719],[9.388,51.723],[9.394,51.729],[9.394,51.732],[9.379,51.738],[9.376,51.741],[9.376,51.744],[9.384,51.75],[9.384,51.758],[9.397,51.758],[9.403,51.759],[9.407,51.764],[9.41,51.771],[9.413,51.772],[9.43,51.785],[9.436,51.787],[9.437,51.789],[9.448,51.795],[9.436,51.797],[9.441,51.803],[9.431,51.805],[9.431,51.811],[9.427,51.81],[9.428,51.814],[9.441,51.825],[9.437,51.828],[9.438,51.831],[9.442,51.829],[9.434,51.838],[9.433,51.841],[9.46,51.855],[9.461,51.858],[9.46,51.863],[9.457,51.861],[9.453,51.861],[9.451,51.859],[9.443,51.86],[9.437,51.856],[9.405,51.856],[9.393,51.86],[9.379,51.861],[9.375,51.863],[9.363,51.865],[9.348,51.861],[9.335,51.854],[9.323,51.855],[9.336,51.856],[9.338,51.861],[9.34,51.879],[9.344,51.88],[9.342,51.886],[9.345,51.889],[9.343,51.892],[9.345,51.896],[9.342,51.901],[9.341,51.908],[9.335,51.912],[9.332,51.917],[9.318,51.918],[9.315,51.923],[9.304,51.922],[9.294,51.919],[9.29,51.923],[9.287,51.921],[9.284,51.926],[9.281,51.928],[9.28,51.926],[9.272,51.932],[9.272,51.934],[9.275,51.937],[9.273,51.94],[9.279,51.94],[9.277,51.944],[9.263,51.946],[9.264,51.948],[9.268,51.947],[9.272,51.95],[9.273,51.952],[9.271,51.953],[9.271,51.955],[9.28,51.956],[9.28,51.958],[9.284,51.956],[9.286,51.957],[9.285,51.958],[9.285,51.96],[9.278,51.962],[9.277,51.966],[9.274,51.968],[9.275,51.969],[9.277,51.97],[9.274,51.974],[9.268,51.97],[9.266,51.972],[9.27,51.974],[9.258,51.977],[9.241,51.975],[9.242,51.977],[9.239,51.977],[9.224,51.973],[9.217,51.974],[9.217,51.97],[9.213,51.971],[9.214,51.969],[9.209,51.967],[9.211,51.961],[9.209,51.96],[9.207,51.963],[9.202,51.963],[9.203,51.965],[9.201,51.965],[9.199,51.962],[9.186,51.966],[9.188,51.969],[9.188,51.973],[9.184,51.978],[9.176,51.98],[9.175,51.983],[9.183,51.986],[9.184,51.991],[9.197,51.997],[9.179,52.003],[9.191,52.01],[9.197,52.012],[9.195,52.016],[9.194,52.015],[9.19,52.02],[9.189,52.026],[9.181,52.03],[9.178,52.034],[9.176,52.035],[9.173,52.041],[9.176,52.041],[9.176,52.044],[9.172,52.047],[9.175,52.055],[9.174,52.06],[9.179,52.062],[9.181,52.068],[9.193,52.069],[9.193,52.07],[9.188,52.072],[9.176,52.086],[9.155,52.092],[9.156,52.098],[9.146,52.1],[9.135,52.094],[9.133,52.097],[9.136,52.1],[9.136,52.106],[9.147,52.109],[9.145,52.111],[9.146,52.113],[9.156,52.114],[9.159,52.12],[9.156,52.123],[9.157,52.125],[9.153,52.129],[9.144,52.135],[9.129,52.135],[9.127,52.137],[9.131,52.139],[9.13,52.14],[9.128,52.139],[9.116,52.138],[9.107,52.132],[9.099,52.133],[9.099,52.136],[9.097,52.137],[9.094,52.135],[9.091,52.136],[9.083,52.138],[9.082,52.141],[9.068,52.14],[9.072,52.145],[9.071,52.145],[9.072,52.148],[9.063,52.148],[9.063,52.147],[9.053,52.148],[9.054,52.146],[9.051,52.146],[9.044,52.142],[9.044,52.14],[9.04,52.139],[9.036,52.14],[9.018,52.132],[9.011,52.136],[9.011,52.14],[9.018,52.148],[9.017,52.156],[9.014,52.157],[9.013,52.162],[9.016,52.169],[9.02,52.168],[9.022,52.172],[9.011,52.173],[9.012,52.178],[9.008,52.178],[9.008,52.181],[9.001,52.183],[9.001,52.188],[8.996,52.186],[8.993,52.189],[8.994,52.192],[8.986,52.195],[8.994,52.196],[9.0,52.191],[9.007,52.19],[9.01,52.191],[9.014,52.195],[9.02,52.192],[9.02,52.19],[9.018,52.189],[9.018,52.186],[9.021,52.184],[9.036,52.185],[9.045,52.184],[9.043,52.19],[9.049,52.196],[9.043,52.204],[9.046,52.208],[9.046,52.211],[9.034,52.218],[9.036,52.224],[9.042,52.226],[9.047,52.221],[9.052,52.22],[9.072,52.228],[9.077,52.232],[9.076,52.234],[9.057,52.238],[9.033,52.249],[9.007,52.253],[9.006,52.256],[9.004,52.256],[9.004,52.258],[8.975,52.263],[8.972,52.265],[8.978,52.271],[8.979,52.275],[8.976,52.276],[8.976,52.274],[8.972,52.273],[8.963,52.279],[8.979,52.282],[8.988,52.288],[8.985,52.296],[8.989,52.299],[8.99,52.306],[8.992,52.307],[8.99,52.309],[8.991,52.315],[8.998,52.318],[8.998,52.326],[9.008,52.326],[9.01,52.331],[9.019,52.331],[9.025,52.337],[9.025,52.341],[9.028,52.342],[9.025,52.343],[9.027,52.346],[9.041,52.342],[9.058,52.34],[9.059,52.347],[9.072,52.348],[9.078,52.354],[9.084,52.355],[9.089,52.366],[9.099,52.373],[9.098,52.376],[9.101,52.381],[9.097,52.382],[9.097,52.383],[9.099,52.383],[9.095,52.385],[9.095,52.387],[9.102,52.388],[9.103,52.39],[9.112,52.395],[9.112,52.398],[9.117,52.397],[9.122,52.402],[9.125,52.413],[9.124,52.422],[9.112,52.421],[9.11,52.422],[9.11,52.423],[9.107,52.424],[9.105,52.428],[9.112,52.428],[9.111,52.429],[9.112,52.433],[9.111,52.435],[9.095,52.443],[9.103,52.457],[9.113,52.461],[9.113,52.462],[9.126,52.468],[9.123,52.475],[9.126,52.476],[9.137,52.475],[9.132,52.484],[9.112,52.486],[9.108,52.491],[9.101,52.494],[9.099,52.498],[9.098,52.497],[9.095,52.498],[9.088,52.496],[9.071,52.499],[9.066,52.496],[9.052,52.5],[9.046,52.495],[9.047,52.493],[9.044,52.49],[9.046,52.489],[9.041,52.487],[9.045,52.484],[9.043,52.483],[9.044,52.483],[9.038,52.48],[9.028,52.481],[9.023,52.477],[9.022,52.47],[9.017,52.467],[9.017,52.46],[9.014,52.46],[9.012,52.457],[8.999,52.458],[8.991,52.453],[8.992,52.451],[8.987,52.452],[8.978,52.451],[8.987,52.446],[8.983,52.439],[8.979,52.436],[8.983,52.437],[8.983,52.433],[8.987,52.432],[8.978,52.427],[8.976,52.428],[8.97,52.426],[8.969,52.427],[8.962,52.425],[8.963,52.422],[8.961,52.42],[8.957,52.419],[8.958,52.416],[8.941,52.416],[8.944,52.415],[8.944,52.413],[8.946,52.413],[8.944,52.408],[8.935,52.405],[8.938,52.402],[8.924,52.402],[8.903,52.405],[8.904,52.402],[8.898,52.402],[8.896,52.406],[8.893,52.406],[8.889,52.396],[8.88,52.395],[8.869,52.393],[8.867,52.394],[8.87,52.395],[8.867,52.396],[8.858,52.394],[8.855,52.389],[8.787,52.399],[8.746,52.388],[8.739,52.391],[8.735,52.396],[8.725,52.401],[8.717,52.395],[8.715,52.393],[8.707,52.395],[8.71,52.398],[8.707,52.4],[8.711,52.408],[8.705,52.413],[8.706,52.416],[8.704,52.419],[8.709,52.424],[8.717,52.425],[8.718,52.429],[8.715,52.433],[8.706,52.438],[8.703,52.443],[8.705,52.456],[8.71,52.46],[8.711,52.464],[8.709,52.474],[8.709,52.477],[8.698,52.487],[8.703,52.5],[8.699,52.502],[8.702,52.504],[8.699,52.507],[8.699,52.509],[8.689,52.511],[8.684,52.514],[8.688,52.516],[8.69,52.519],[8.671,52.517],[8.652,52.531],[8.557,52.501],[8.557,52.499],[8.517,52.509],[8.509,52.515],[8.488,52.503],[8.482,52.497],[8.473,52.499],[8.459,52.492],[8.46,52.49],[8.459,52.474],[8.458,52.474],[8.454,52.461],[8.452,52.461],[8.449,52.457],[8.447,52.458],[8.43,52.448],[8.425,52.452],[8.418,52.449],[8.416,52.447],[8.419,52.446],[8.418,52.444],[8.407,52.448],[8.405,52.45],[8.401,52.451],[8.386,52.448],[8.386,52.445],[8.36,52.444],[8.353,52.448],[8.354,52.449],[8.352,52.45],[8.346,52.453],[8.334,52.454],[8.326,52.452],[8.311,52.459],[8.307,52.456],[8.303,52.459],[8.297,52.456],[8.304,52.447],[8.308,52.446],[8.308,52.445],[8.306,52.445],[8.304,52.434],[8.307,52.435],[8.308,52.437],[8.312,52.436],[8.313,52.432],[8.318,52.43],[8.317,52.428],[8.322,52.426],[8.322,52.422],[8.317,52.417],[8.316,52.413],[8.323,52.411],[8.322,52.409],[8.314,52.408],[8.314,52.406],[8.323,52.4],[8.344,52.398],[8.363,52.39],[8.391,52.384],[8.393,52.385],[8.401,52.377],[8.429,52.366],[8.432,52.367],[8.435,52.363],[8.444,52.363],[8.445,52.359],[8.443,52.356],[8.446,52.351],[8.445,52.351],[8.454,52.331],[8.459,52.325],[8.461,52.319],[8.462,52.317],[8.472,52.315],[8.471,52.313],[8.469,52.313],[8.465,52.304],[8.46,52.305],[8.458,52.302],[8.461,52.299],[8.459,52.294],[8.459,52.282],[8.463,52.282],[8.465,52.274],[8.464,52.272],[8.466,52.268],[8.459,52.258],[8.464,52.257],[8.463,52.252],[8.466,52.251],[8.468,52.247],[8.46,52.243],[8.459,52.235],[8.461,52.229],[8.454,52.226],[8.45,52.218],[8.443,52.215],[8.442,52.213],[8.449,52.21],[8.452,52.206],[8.452,52.203],[8.455,52.202],[8.456,52.198],[8.46,52.196],[8.478,52.192],[8.508,52.188],[8.517,52.185],[8.506,52.179],[8.504,52.177],[8.498,52.173],[8.493,52.167],[8.485,52.166],[8.481,52.16],[8.465,52.155],[8.462,52.153],[8.454,52.155],[8.44,52.148],[8.435,52.148],[8.432,52.146],[8.413,52.138],[8.405,52.13],[8.405,52.125],[8.404,52.124],[8.411,52.117],[8.411,52.115],[8.405,52.111],[8.388,52.108],[8.373,52.11],[8.368,52.111],[8.369,52.115],[8.364,52.118],[8.358,52.118],[8.349,52.12],[8.343,52.124],[8.341,52.122],[8.324,52.126],[8.314,52.122],[8.315,52.12],[8.311,52.118],[8.298,52.121],[8.299,52.123],[8.292,52.125],[8.285,52.126],[8.286,52.131],[8.288,52.135],[8.287,52.135],[8.273,52.131],[8.267,52.132],[8.266,52.127],[8.262,52.12],[8.246,52.121],[8.24,52.117],[8.236,52.112],[8.23,52.109],[8.225,52.109],[8.225,52.106],[8.221,52.106],[8.219,52.102],[8.209,52.097],[8.207,52.091],[8.201,52.088],[8.201,52.085],[8.195,52.076],[8.195,52.074],[8.193,52.073],[8.179,52.072],[8.176,52.074],[8.172,52.072],[8.169,52.075],[8.164,52.073],[8.162,52.075],[8.153,52.075],[8.153,52.076],[8.152,52.076],[8.15,52.075],[8.131,52.072],[8.129,52.069],[8.104,52.061],[8.096,52.057],[8.092,52.063],[8.087,52.065],[8.074,52.066],[8.07,52.065],[8.067,52.068],[8.056,52.068],[8.056,52.064],[8.043,52.063],[8.035,52.065],[8.036,52.067],[8.033,52.068],[8.019,52.062],[8.019,52.059],[8.003,52.054],[7.994,52.05],[7.992,52.046],[7.988,52.044],[7.987,52.04],[7.981,52.035],[7.917,52.052],[7.921,52.058],[7.912,52.062],[7.896,52.078],[7.889,52.084],[7.885,52.083],[7.885,52.085],[7.902,52.092],[7.916,52.096],[7.951,52.103],[7.958,52.105],[7.968,52.115],[7.972,52.116],[8.008,52.115],[8.005,52.137],[8.003,52.138],[8.005,52.144],[8.002,52.144],[8.004,52.15],[7.998,52.15],[8.001,52.153],[7.998,52.153],[7.997,52.154],[8.003,52.155],[8.001,52.157],[8.002,52.16],[8.012,52.159],[8.012,52.162],[8.018,52.16],[8.018,52.159],[8.023,52.16],[8.025,52.163],[8.015,52.169],[8.017,52.172],[8.006,52.176],[7.984,52.174],[7.974,52.171],[7.957,52.178],[7.946,52.176],[7.934,52.177],[7.928,52.181],[7.924,52.181],[7.915,52.186],[7.913,52.185],[7.912,52.186],[7.914,52.188],[7.908,52.19],[7.909,52.195],[7.903,52.199],[7.907,52.201],[7.906,52.203],[7.902,52.204],[7.9,52.207],[7.902,52.209],[7.906,52.208],[7.906,52.214],[7.907,52.215],[7.91,52.214],[7.911,52.218],[7.913,52.217],[7.914,52.22],[7.913,52.221],[7.915,52.223],[7.92,52.222],[7.926,52.227],[7.928,52.23],[7.926,52.234],[7.927,52.239],[7.929,52.241],[7.927,52.245],[7.923,52.248],[7.923,52.253],[7.926,52.263],[7.93,52.265],[7.946,52.265],[7.957,52.273],[7.935,52.286],[7.931,52.286],[7.932,52.288],[7.93,52.294],[7.933,52.297],[7.931,52.299],[7.932,52.3],[7.93,52.302],[7.938,52.303],[7.95,52.306],[7.987,52.304],[7.991,52.309],[7.978,52.313],[7.968,52.32],[7.967,52.324],[7.959,52.326],[7.956,52.332],[7.949,52.335],[7.948,52.339],[7.951,52.341],[7.95,52.345],[7.954,52.347],[7.952,52.349],[7.95,52.348],[7.948,52.35],[7.942,52.348],[7.941,52.35],[7.944,52.356],[7.941,52.357],[7.943,52.359],[7.938,52.361],[7.937,52.365],[7.922,52.366],[7.892,52.38],[7.89,52.379],[7.87,52.377],[7.843,52.369],[7.807,52.371],[7.723,52.4],[7.714,52.401],[7.707,52.416],[7.702,52.434],[7.688,52.454],[7.684,52.457],[7.667,52.456],[7.668,52.459],[7.657,52.46],[7.655,52.461],[7.656,52.462],[7.645,52.464],[7.619,52.471],[7.614,52.474],[7.611,52.472],[7.604,52.475],[7.583,52.455],[7.577,52.447],[7.571,52.432],[7.564,52.432],[7.603,52.421],[7.601,52.414],[7.583,52.404],[7.584,52.402],[7.582,52.398],[7.584,52.395],[7.571,52.381],[7.58,52.379],[7.583,52.376],[7.577,52.375],[7.57,52.379],[7.56,52.372],[7.565,52.373],[7.564,52.371],[7.554,52.369],[7.55,52.37],[7.543,52.368],[7.539,52.37],[7.53,52.37],[7.511,52.361],[7.505,52.361],[7.479,52.348],[7.438,52.333],[7.429,52.322],[7.427,52.318],[7.427,52.314],[7.416,52.312],[7.404,52.313],[7.402,52.311],[7.4,52.312],[7.4,52.308],[7.397,52.306],[7.386,52.309],[7.371,52.3],[7.362,52.288],[7.346,52.283],[7.317,52.28],[7.298,52.264],[7.218,52.264],[7.156,52.267],[7.121,52.261],[7.119,52.257],[7.114,52.256],[7.11,52.253],[7.109,52.247],[7.103,52.243],[7.066,52.241],[7.042,52.256],[7.032,52.272],[7.029,52.273],[7.027,52.278],[7.029,52.281],[7.026,52.287],[7.027,52.292],[7.041,52.311],[7.039,52.312],[7.047,52.316],[7.048,52.32],[7.047,52.324],[7.056,52.332],[7.056,52.338],[7.072,52.352],[7.072,52.373],[7.064,52.39],[7.059,52.396],[7.059,52.399],[7.056,52.401],[7.052,52.4],[7.036,52.403],[7.022,52.423],[7.011,52.429],[7.006,52.444],[6.992,52.468],[6.988,52.469],[6.978,52.465],[6.962,52.444],[6.948,52.437],[6.942,52.435],[6.862,52.451],[6.853,52.45],[6.854,52.46],[6.775,52.46],[6.753,52.464],[6.724,52.477],[6.721,52.477],[6.698,52.486],[6.705,52.52],[6.681,52.553],[6.716,52.549],[6.716,52.55],[6.721,52.553],[6.726,52.563],[6.74,52.562],[6.752,52.559],[6.767,52.562],[6.767,52.563],[6.719,52.589],[6.727,52.615],[6.725,52.619],[6.714,52.627],[6.71,52.627],[6.726,52.633],[6.742,52.645],[6.753,52.648],[6.753,52.646],[6.759,52.649],[6.768,52.647],[6.777,52.652],[6.79,52.653],[6.794,52.651],[6.803,52.652],[6.808,52.649],[6.819,52.648],[6.837,52.652],[6.852,52.649],[6.864,52.65],[6.873,52.653],[6.88,52.651],[6.897,52.651],[6.903,52.649],[6.914,52.647],[6.916,52.642],[6.92,52.64],[6.929,52.64],[6.938,52.638],[6.953,52.639],[6.959,52.642],[6.968,52.642],[6.976,52.646],[6.993,52.641],[7.002,52.642],[7.006,52.639],[7.013,52.637],[7.036,52.635],[7.042,52.633],[7.056,52.643],[7.072,52.811],[7.093,52.838],[7.087,52.85],[7.105,52.864],[7.182,52.941],[7.209,53.0],[7.217,53.007],[7.213,53.011],[7.199,53.081],[7.203,53.113],[7.183,53.122],[7.186,53.124],[7.181,53.128],[7.179,53.138],[7.183,53.14],[7.19,53.148],[7.191,53.162],[7.204,53.176],[7.214,53.177],[7.227,53.181],[7.208,53.188],[7.217,53.198],[7.217,53.215],[7.21,53.228],[7.213,53.228],[7.191,53.318],[7.245,53.318],[7.247,53.321],[7.249,53.33],[7.189,53.334],[7.183,53.337],[7.184,53.34],[7.178,53.334],[7.153,53.335],[7.061,53.335],[7.052,53.338],[7.04,53.338],[7.035,53.336],[7.025,53.337],[7.016,53.342],[7.005,53.353],[7.002,53.358],[6.999,53.359],[6.998,53.372],[6.999,53.374],[7.008,53.377],[7.011,53.384],[7.011,53.387],[7.008,53.39],[7.008,53.394],[7.01,53.399],[7.011,53.408],[7.015,53.414],[7.014,53.423],[7.011,53.424],[7.011,53.431],[7.013,53.435],[7.014,53.435],[7.014,53.438],[7.016,53.441],[7.019,53.455],[7.022,53.46],[7.025,53.47],[7.026,53.475],[7.025,53.483],[7.05,53.508],[7.039,53.52],[7.038,53.524],[7.035,53.526],[7.034,53.533],[7.038,53.535],[7.037,53.538],[7.04,53.538],[7.054,53.533],[7.061,53.525],[7.067,53.525],[7.076,53.53],[7.075,53.532],[7.077,53.533],[7.085,53.527],[7.088,53.525],[7.088,53.522],[7.095,53.519],[7.098,53.519],[7.097,53.522],[7.101,53.526],[7.128,53.529],[7.134,53.532],[7.134,53.539],[7.133,53.54],[7.143,53.542],[7.128,53.541],[7.128,53.542],[7.117,53.548],[7.115,53.553],[7.111,53.555],[7.104,53.556],[7.101,53.559],[7.103,53.562],[7.089,53.571],[7.093,53.581],[7.112,53.594],[7.143,53.608],[7.156,53.62],[7.154,53.623],[7.157,53.622],[7.157,53.624],[7.159,53.625],[7.157,53.626],[7.158,53.628],[7.165,53.627],[7.168,53.63],[7.174,53.63],[7.184,53.641],[7.219,53.655],[7.226,53.661],[7.232,53.662],[7.234,53.664],[7.239,53.665],[7.245,53.669],[7.264,53.673],[7.272,53.672],[7.282,53.674],[7.287,53.678],[7.297,53.681],[7.36,53.687],[7.376,53.683],[7.475,53.684],[7.507,53.676],[7.516,53.672],[7.53,53.672],[7.549,53.675],[7.564,53.675],[7.572,53.678],[7.573,53.679],[7.57,53.681],[7.58,53.681],[7.589,53.68],[7.61,53.687],[7.628,53.688],[7.639,53.691],[7.666,53.695],[7.673,53.698],[7.704,53.702],[7.729,53.699],[7.745,53.7],[7.775,53.705],[7.794,53.71],[7.803,53.71],[7.808,53.709],[7.811,53.712],[7.831,53.711],[7.911,53.718],[7.995,53.714],[8.021,53.71],[8.031,53.705],[8.031,53.703],[8.029,53.702],[8.03,53.699],[8.024,53.694],[8.02,53.688],[8.023,53.688],[8.021,53.688],[8.022,53.685],[8.025,53.684],[8.024,53.681],[8.027,53.678],[8.029,53.662],[8.031,53.658],[8.034,53.658],[8.036,53.655],[8.039,53.648],[8.043,53.644],[8.045,53.644],[8.045,53.642],[8.05,53.641],[8.062,53.642],[8.072,53.646],[8.079,53.644],[8.087,53.644],[8.088,53.643],[8.083,53.64],[8.089,53.639],[8.094,53.633],[8.096,53.633],[8.112,53.637],[8.106,53.643],[8.11,53.642],[8.115,53.636],[8.098,53.632],[8.096,53.63],[8.102,53.626],[8.105,53.622],[8.107,53.622],[8.111,53.617],[8.124,53.619],[8.124,53.622],[8.126,53.622],[8.128,53.618],[8.113,53.615],[8.121,53.597],[8.13,53.589],[8.13,53.584],[8.132,53.582],[8.138,53.581],[8.154,53.586],[8.157,53.585],[8.158,53.581],[8.153,53.584],[8.14,53.58],[8.14,53.577],[8.146,53.569],[8.152,53.565],[8.151,53.565],[8.151,53.56],[8.156,53.561],[8.159,53.558],[8.161,53.558],[8.166,53.559],[8.165,53.562],[8.167,53.562],[8.17,53.556],[8.172,53.555],[8.169,53.553],[8.167,53.558],[8.16,53.556],[8.161,53.55],[8.169,53.545],[8.17,53.541],[8.162,53.537],[8.163,53.535],[8.159,53.531],[8.164,53.53],[8.165,53.535],[8.169,53.535],[8.169,53.539],[8.172,53.537],[8.167,53.53],[8.165,53.522],[8.155,53.514],[8.134,53.511],[8.107,53.504],[8.094,53.502],[8.076,53.502],[8.065,53.506],[8.061,53.5],[8.062,53.498],[8.061,53.497],[8.062,53.483],[8.064,53.481],[8.064,53.478],[8.072,53.469],[8.074,53.465],[8.099,53.446],[8.11,53.447],[8.116,53.451],[8.135,53.453],[8.142,53.452],[8.15,53.448],[8.152,53.448],[8.176,53.431],[8.184,53.423],[8.195,53.416],[8.197,53.412],[8.197,53.408],[8.203,53.404],[8.211,53.402],[8.252,53.399],[8.269,53.406],[8.279,53.413],[8.279,53.414],[8.283,53.415],[8.292,53.423],[8.297,53.431],[8.295,53.435],[8.296,53.437],[8.296,53.443],[8.309,53.449],[8.311,53.452],[8.311,53.455],[8.314,53.456],[8.312,53.459],[8.315,53.46],[8.315,53.464],[8.316,53.466],[8.315,53.469],[8.316,53.474],[8.315,53.48],[8.316,53.491],[8.315,53.493],[8.316,53.495],[8.314,53.499],[8.316,53.502],[8.314,53.506],[8.316,53.507],[8.315,53.513],[8.316,53.515],[8.312,53.519],[8.312,53.521],[8.316,53.521],[8.316,53.522],[8.3,53.526],[8.285,53.523],[8.276,53.519],[8.269,53.518],[8.231,53.52],[8.233,53.524],[8.235,53.538],[8.236,53.538],[8.238,53.561],[8.243,53.575],[8.241,53.579],[8.252,53.593],[8.262,53.6],[8.274,53.604],[8.275,53.606],[8.271,53.61],[8.279,53.612],[8.306,53.618],[8.332,53.616],[8.346,53.61],[8.349,53.605],[8.364,53.594],[8.365,53.59],[8.37,53.585],[8.379,53.581],[8.38,53.577],[8.384,53.575],[8.394,53.57],[8.416,53.565],[8.435,53.562],[8.438,53.56],[8.447,53.559],[8.457,53.555],[8.465,53.553],[8.479,53.554],[8.505,53.551],[8.512,53.553],[8.516,53.556],[8.517,53.551],[8.521,53.549],[8.52,53.548],[8.539,53.54],[8.55,53.538],[8.553,53.536],[8.553,53.533],[8.557,53.525],[8.547,53.522],[8.547,53.52],[8.541,53.518],[8.537,53.519],[8.523,53.513],[8.521,53.51],[8.515,53.508],[8.513,53.506],[8.518,53.503],[8.51,53.498],[8.502,53.491],[8.493,53.475],[8.493,53.472],[8.506,53.471],[8.512,53.477],[8.515,53.477],[8.519,53.474],[8.53,53.48],[8.538,53.48],[8.571,53.488],[8.572,53.487],[8.574,53.489],[8.575,53.486],[8.577,53.486],[8.583,53.487],[8.591,53.485],[8.597,53.486],[8.606,53.484],[8.606,53.486],[8.62,53.489],[8.623,53.493],[8.631,53.494],[8.632,53.502],[8.638,53.503],[8.637,53.505],[8.651,53.511],[8.648,53.514],[8.652,53.516],[8.649,53.52],[8.646,53.519],[8.644,53.522],[8.64,53.525],[8.639,53.535],[8.642,53.536],[8.642,53.542],[8.645,53.541],[8.644,53.549],[8.646,53.556],[8.636,53.554],[8.631,53.556],[8.623,53.57],[8.617,53.574],[8.618,53.578],[8.624,53.577],[8.625,53.579],[8.627,53.579],[8.629,53.582],[8.628,53.583],[8.643,53.593],[8.638,53.595],[8.651,53.603],[8.647,53.603],[8.646,53.602],[8.64,53.605],[8.623,53.605],[8.613,53.603],[8.601,53.596],[8.592,53.593],[8.586,53.596],[8.586,53.597],[8.563,53.602],[8.559,53.604],[8.555,53.603],[8.534,53.608],[8.533,53.605],[8.527,53.606],[8.526,53.604],[8.524,53.607],[8.519,53.608],[8.517,53.613],[8.514,53.615],[8.514,53.618],[8.511,53.619],[8.504,53.63],[8.499,53.636],[8.496,53.636],[8.493,53.642],[8.494,53.645],[8.488,53.649],[8.488,53.653],[8.484,53.656],[8.485,53.661],[8.484,53.661],[8.485,53.664],[8.482,53.672],[8.484,53.673],[8.482,53.68],[8.484,53.684],[8.483,53.686],[8.484,53.687],[8.484,53.694],[8.489,53.699],[8.489,53.703],[8.492,53.703],[8.493,53.709],[8.495,53.711],[8.491,53.712],[8.5,53.721],[8.501,53.726],[8.505,53.728],[8.505,53.73],[8.509,53.73],[8.509,53.732],[8.511,53.733],[8.514,53.741],[8.521,53.747],[8.523,53.75],[8.519,53.752],[8.519,53.754],[8.529,53.768],[8.537,53.786],[8.544,53.79],[8.542,53.792],[8.543,53.797],[8.54,53.802],[8.546,53.815],[8.55,53.817],[8.55,53.819],[8.554,53.82],[8.553,53.822],[8.554,53.824],[8.552,53.825],[8.556,53.829],[8.556,53.831],[8.559,53.832],[8.558,53.834],[8.562,53.835],[8.569,53.845],[8.576,53.845],[8.586,53.856],[8.596,53.864],[8.596,53.865],[8.605,53.871],[8.602,53.875],[8.607,53.875],[8.609,53.879],[8.617,53.882],[8.627,53.882],[8.636,53.886],[8.654,53.889],[8.682,53.892],[8.684,53.891],[8.682,53.886],[8.684,53.883],[8.689,53.878],[8.695,53.876],[8.7,53.879],[8.704,53.879],[8.701,53.877],[8.706,53.877],[8.707,53.876],[8.7,53.873],[8.706,53.871],[8.711,53.873],[8.719,53.868],[8.715,53.867],[8.713,53.865],[8.717,53.864],[8.721,53.866],[8.726,53.861],[8.73,53.86],[8.727,53.857],[8.736,53.853],[8.745,53.852],[8.748,53.849],[8.747,53.848],[8.755,53.846],[8.757,53.843],[8.76,53.843],[8.775,53.837],[8.796,53.832],[8.824,53.831],[8.835,53.834],[8.859,53.83],[8.88,53.83],[8.884,53.828],[8.893,53.828],[8.896,53.83],[8.919,53.83],[8.945,53.836],[8.978,53.841],[8.981,53.839],[8.986,53.839],[8.987,53.841],[8.999,53.837],[9.016,53.836],[9.022,53.839],[9.021,53.842],[9.031,53.843],[9.051,53.851],[9.053,53.853],[9.069,53.856],[9.084,53.862],[9.103,53.862],[9.139,53.865],[9.18,53.865],[9.265,53.859],[9.277,53.857],[9.293,53.846],[9.312,53.837],[9.326,53.826],[9.327,53.821],[9.353,53.794],[9.358,53.784],[9.366,53.775],[9.379,53.762],[9.382,53.761],[9.386,53.756],[9.39,53.754],[9.408,53.733],[9.43,53.717],[9.466,53.697],[9.477,53.691],[9.486,53.682],[9.494,53.679],[9.503,53.664],[9.508,53.657],[9.512,53.656],[9.514,53.65],[9.512,53.648],[9.518,53.637],[9.527,53.629],[9.533,53.62],[9.541,53.612],[9.558,53.607],[9.567,53.601],[9.572,53.595],[9.585,53.59],[9.587,53.588],[9.587,53.586],[9.588,53.587],[9.596,53.584],[9.616,53.581],[9.633,53.573],[9.634,53.571],[9.649,53.568],[9.669,53.554],[9.685,53.548],[9.693,53.55],[9.694,53.548],[9.698,53.546],[9.709,53.545],[9.711,53.546],[9.711,53.55],[9.718,53.551],[9.721,53.551],[9.721,53.55],[9.727,53.55],[9.728,53.544],[9.743,53.548],[9.766,53.547],[9.772,53.543],[9.765,53.541],[9.771,53.531],[9.77,53.529],[9.774,53.528],[9.774,53.525],[9.776,53.525],[9.778,53.52],[9.777,53.518],[9.774,53.519],[9.775,53.521],[9.772,53.523],[9.764,53.508],[9.784,53.5],[9.783,53.492],[9.793,53.494],[9.802,53.493],[9.799,53.475],[9.8,53.475],[9.8,53.47],[9.803,53.469],[9.803,53.467],[9.806,53.467],[9.807,53.463],[9.814,53.462],[9.836,53.452],[9.859,53.434],[9.862,53.43],[9.865,53.432],[9.86,53.437],[9.861,53.44],[9.867,53.44],[9.869,53.445],[9.873,53.442],[9.889,53.451],[9.896,53.457],[9.899,53.455],[9.899,53.458],[9.902,53.457],[9.904,53.457],[9.914,53.448],[9.915,53.443],[9.917,53.443],[9.921,53.437],[9.915,53.43],[9.916,53.425],[9.908,53.419],[9.907,53.416],[9.916,53.414],[9.925,53.42],[9.942,53.421],[9.949,53.431],[9.963,53.427],[9.961,53.424],[9.964,53.422],[9.971,53.424],[9.976,53.422],[9.978,53.419],[9.975,53.415],[9.984,53.415],[9.984,53.417],[9.987,53.417],[9.989,53.421],[9.993,53.42],[9.996,53.426],[10.002,53.425],[10.01,53.429],[10.019,53.429],[10.018,53.43],[10.022,53.431],[10.029,53.435],[10.026,53.438],[10.015,53.442],[10.021,53.447],[10.032,53.444],[10.036,53.447],[10.046,53.447],[10.049,53.45],[10.042,53.452],[10.045,53.455],[10.042,53.456],[10.043,53.459],[10.052,53.464],[10.066,53.456],[10.078,53.454],[10.085,53.45],[10.097,53.441],[10.104,53.431],[10.109,53.427],[10.119,53.424],[10.132,53.423],[10.138,53.421],[10.146,53.415],[10.153,53.407],[10.168,53.398],[10.181,53.396],[10.198,53.399],[10.23,53.395],[10.238,53.396],[10.243,53.399],[10.254,53.414],[10.262,53.419],[10.285,53.425],[10.304,53.432],[10.312,53.433],[10.331,53.425],[10.372,53.425],[10.419,53.402],[10.444,53.393],[10.468,53.386],[10.499,53.374],[10.521,53.371],[10.557,53.369],[10.568,53.362],[10.575,53.36],[10.584,53.36],[10.604,53.367],[10.616,53.37],[10.635,53.371],[10.678,53.368],[10.694,53.371],[10.701,53.37],[10.728,53.357],[10.738,53.342],[10.747,53.34],[10.751,53.341],[10.756,53.339],[10.759,53.34],[10.763,53.339],[10.763,53.336],[10.758,53.333],[10.76,53.33],[10.763,53.329],[10.768,53.331],[10.771,53.329],[10.772,53.325],[10.793,53.316],[10.826,53.312],[10.828,53.312],[10.827,53.31],[10.829,53.307],[10.831,53.308],[10.836,53.305],[10.837,53.305],[10.836,53.307],[10.84,53.307],[10.84,53.308],[10.851,53.31],[10.851,53.314],[10.854,53.316],[10.867,53.316],[10.87,53.318],[10.872,53.322],[10.867,53.325],[10.866,53.327],[10.872,53.326],[10.873,53.324],[10.878,53.323],[10.88,53.321],[10.888,53.324],[10.889,53.327],[10.88,53.331],[10.882,53.335],[10.893,53.334],[10.895,53.337],[10.896,53.336],[10.896,53.334],[10.899,53.334],[10.905,53.337],[10.91,53.338],[10.918,53.348],[10.928,53.348],[10.931,53.344],[10.934,53.343],[10.932,53.341],[10.947,53.336],[10.956,53.334],[10.959,53.339],[10.988,53.333],[10.983,53.328],[10.989,53.325],[10.991,53.326],[10.996,53.321],[10.999,53.321],[10.998,53.316],[11.003,53.311],[11.002,53.305],[11.009,53.301],[11.003,53.293],[11.009,53.292],[11.009,53.282],[11.021,53.281],[11.028,53.279],[11.035,53.271],[11.04,53.263],[11.047,53.258],[11.047,53.255],[11.057,53.246],[11.062,53.236],[11.068,53.231],[11.072,53.23],[11.074,53.225],[11.079,53.224],[11.08,53.221],[11.087,53.218],[11.089,53.215],[11.103,53.211],[11.117,53.204],[11.139,53.203],[11.136,53.199],[11.145,53.198],[11.137,53.192],[11.151,53.19],[11.162,53.186],[11.18,53.187],[11.194,53.181],[11.195,53.177],[11.191,53.172],[11.189,53.166],[11.182,53.162],[11.179,53.159],[11.172,53.157],[11.178,53.151],[11.181,53.141],[11.185,53.136],[11.191,53.135],[11.195,53.136],[11.208,53.143],[11.216,53.144],[11.233,53.142],[11.246,53.136],[11.261,53.126],[11.267,53.12],[11.268,53.116],[11.268,53.104],[11.273,53.097],[11.287,53.087],[11.312,53.076],[11.327,53.062],[11.336,53.056],[11.352,53.054],[11.378,53.062],[11.403,53.072],[11.425,53.074],[11.439,53.078],[11.448,53.078],[11.464,53.074],[11.497,53.052],[11.508,53.048],[11.526,53.047],[11.54,53.052],[11.548,53.052],[11.552,53.051],[11.563,53.042],[11.57,53.039],[11.584,53.036],[11.598,53.036],[11.596,53.033],[11.569,53.019],[11.564,53.013],[11.559,53.013],[11.552,53.005],[11.56,53.004],[11.556,52.999],[11.543,52.999],[11.533,53.003],[11.526,53.008],[11.519,53.007],[11.512,53.007],[11.506,53.0],[11.503,52.992],[11.502,52.984],[11.492,52.96],[11.505,52.941],[11.492,52.942],[11.47,52.939],[11.454,52.933],[11.433,52.92],[11.426,52.92],[11.424,52.916],[11.407,52.904],[11.393,52.902],[11.385,52.904],[11.386,52.902],[11.375,52.9],[11.363,52.896],[11.363,52.894],[11.354,52.89],[11.348,52.889],[11.337,52.888],[11.337,52.886],[11.314,52.878],[11.295,52.875],[11.293,52.879],[11.295,52.882],[11.294,52.887],[11.291,52.889],[11.277,52.888],[11.271,52.883],[11.271,52.882],[11.267,52.88],[11.241,52.879],[11.238,52.881],[11.238,52.884],[11.236,52.889],[11.231,52.891],[11.219,52.893],[11.221,52.898],[11.181,52.901],[11.155,52.906],[11.155,52.902],[11.139,52.898],[11.106,52.896],[11.093,52.9],[11.096,52.909],[11.099,52.913],[11.079,52.913],[11.065,52.909],[11.039,52.913],[11.036,52.912],[11.013,52.91],[11.002,52.911],[10.993,52.907],[10.994,52.904],[10.989,52.899],[10.99,52.888],[10.986,52.882],[10.979,52.878],[10.974,52.877],[10.968,52.879],[10.968,52.876],[10.958,52.87],[10.958,52.868],[10.94,52.853],[10.915,52.853],[10.896,52.856],[10.893,52.848],[10.891,52.846],[10.885,52.846],[10.877,52.848],[10.874,52.853],[10.866,52.856],[10.859,52.853],[10.86,52.852],[10.852,52.853],[10.848,52.851],[10.842,52.852],[10.835,52.847],[10.824,52.847],[10.801,52.85],[10.796,52.844],[10.767,52.842],[10.765,52.84],[10.772,52.834],[10.764,52.83],[10.766,52.829],[10.767,52.826],[10.757,52.82],[10.762,52.803],[10.755,52.785],[10.768,52.769],[10.77,52.769],[10.775,52.762],[10.776,52.755],[10.788,52.753],[10.792,52.748],[10.791,52.738],[10.788,52.733],[10.793,52.73],[10.797,52.714],[10.803,52.714],[10.825,52.718],[10.83,52.716],[10.836,52.708],[10.833,52.701],[10.838,52.697],[10.838,52.696],[10.846,52.69],[10.85,52.684],[10.86,52.675],[10.866,52.672],[10.878,52.664],[10.879,52.656],[10.884,52.651],[10.897,52.643],[10.899,52.638],[10.902,52.636],[10.904,52.627],[10.913,52.624],[10.915,52.618],[10.925,52.615],[10.921,52.61],[10.927,52.609],[10.943,52.615],[10.945,52.62],[10.964,52.626],[10.969,52.626],[10.977,52.624],[10.977,52.613],[10.974,52.61],[10.976,52.607],[10.972,52.603],[10.96,52.6],[10.96,52.599],[10.958,52.596],[10.955,52.595],[10.953,52.593],[10.94,52.59],[10.947,52.583],[10.942,52.58],[10.94,52.575],[10.941,52.572],[10.938,52.567],[10.943,52.56],[10.942,52.556],[10.959,52.536],[10.979,52.518],[11.009,52.497],[11.005,52.496],[10.982,52.497],[10.975,52.501],[10.96,52.497],[10.95,52.496],[10.944,52.492],[10.944,52.487],[10.942,52.484],[10.943,52.481],[10.941,52.477],[10.935,52.476],[10.934,52.461],[10.948,52.454],[10.949,52.449],[10.956,52.445],[10.962,52.435],[10.973,52.431],[10.989,52.42],[10.989,52.419],[10.995,52.415],[10.992,52.413],[11.006,52.409],[11.008,52.405],[11.019,52.397],[11.017,52.395],[11.019,52.392],[11.015,52.388],[11.018,52.388],[11.023,52.393],[11.034,52.389],[11.036,52.385],[11.042,52.386],[11.039,52.389],[11.047,52.388],[11.055,52.381],[11.061,52.38],[11.065,52.377],[11.063,52.375],[11.066,52.373],[11.069,52.377],[11.07,52.374],[11.075,52.374],[11.074,52.372],[11.067,52.37],[11.069,52.358],[11.069,52.355],[11.064,52.354],[11.062,52.358],[11.057,52.35],[11.044,52.349],[11.044,52.347],[11.04,52.347],[11.037,52.345],[11.03,52.346],[11.024,52.344],[11.023,52.347],[11.007,52.346],[11.005,52.344],[11.002,52.345],[10.996,52.342],[10.994,52.342],[10.993,52.344],[10.984,52.342],[10.988,52.335],[10.991,52.335],[10.99,52.337],[11.002,52.337],[11.005,52.331],[11.0,52.33],[11.001,52.328],[11.006,52.329],[11.009,52.327],[11.009,52.328],[11.012,52.328],[11.011,52.327],[11.02,52.321],[11.02,52.319],[11.033,52.312],[11.033,52.31],[11.036,52.31],[11.037,52.306],[11.036,52.303],[11.039,52.302],[11.03,52.297],[11.022,52.297],[11.012,52.291],[11.014,52.287],[11.02,52.282],[11.029,52.27],[11.036,52.272],[11.043,52.272],[11.052,52.267],[11.05,52.266],[11.051,52.263],[11.056,52.259],[11.052,52.254],[11.06,52.243],[11.059,52.241],[11.073,52.243],[11.079,52.239],[11.08,52.234],[11.086,52.229],[11.079,52.225],[11.077,52.219],[11.045,52.215],[11.034,52.21],[11.029,52.211],[11.024,52.209],[11.027,52.208],[11.021,52.205],[11.022,52.203],[11.025,52.201],[11.018,52.198],[11.014,52.2],[11.015,52.195],[11.013,52.188],[11.014,52.182],[11.018,52.179],[11.036,52.172],[11.06,52.172],[11.062,52.165],[11.055,52.16],[11.06,52.154],[11.045,52.144],[11.046,52.137],[11.044,52.134],[11.038,52.134],[11.028,52.131],[11.028,52.129],[11.018,52.128],[11.009,52.12],[10.977,52.106],[10.966,52.107],[10.942,52.103],[10.944,52.1],[10.941,52.097],[10.942,52.094],[10.959,52.088],[10.967,52.088],[10.971,52.086],[10.973,52.073],[10.968,52.065],[10.964,52.057],[10.936,52.06],[10.918,52.059],[10.879,52.059],[10.851,52.05],[10.84,52.05],[10.829,52.048],[10.775,52.05],[10.764,52.048],[10.765,52.045],[10.76,52.045],[10.758,52.048],[10.745,52.049],[10.736,52.048],[10.704,52.05],[10.687,52.048],[10.667,52.044],[10.648,52.042],[10.652,52.033],[10.654,52.033],[10.657,52.029],[10.655,52.025],[10.642,52.023],[10.639,52.018],[10.639,52.015],[10.621,52.01],[10.626,52.008],[10.621,52.008],[10.619,52.01],[10.614,52.008],[10.612,52.01],[10.6,52.007],[10.601,52.01],[10.596,52.01],[10.597,52.014],[10.592,52.014],[10.592,52.011],[10.573,52.01],[10.575,52.006],[10.561,52.004],[10.587,51.983],[10.586,51.976],[10.596,51.975],[10.606,51.977],[10.606,51.969],[10.614,51.969],[10.615,51.967],[10.62,51.967],[10.62,51.958],[10.635,51.959],[10.642,51.963],[10.651,51.958],[10.648,51.954],[10.635,51.951],[10.633,51.949],[10.623,51.947],[10.621,51.943],[10.618,51.943],[10.617,51.94],[10.613,51.94],[10.614,51.936],[10.618,51.934],[10.618,51.931],[10.616,51.931],[10.613,51.922],[10.638,51.916],[10.648,51.908],[10.65,51.899],[10.649,51.889],[10.636,51.878],[10.632,51.872],[10.616,51.87],[10.616,51.867],[10.606,51.861],[10.603,51.855],[10.585,51.853],[10.579,51.848],[10.577,51.843],[10.585,51.84],[10.588,51.836],[10.579,51.829],[10.579,51.821],[10.577,51.819],[10.578,51.816],[10.574,51.811],[10.584,51.799],[10.585,51.788],[10.58,51.783],[10.582,51.78],[10.59,51.772],[10.591,51.769],[10.606,51.762],[10.626,51.759],[10.631,51.752],[10.632,51.739],[10.634,51.735],[10.643,51.73],[10.642,51.725],[10.647,51.723],[10.649,51.719],[10.656,51.718],[10.668,51.71],[10.673,51.697],[10.668,51.697],[10.663,51.691],[10.665,51.69],[10.664,51.689],[10.667,51.685],[10.666,51.68],[10.669,51.676],[10.671,51.667],[10.683,51.661],[10.692,51.647],[10.696,51.643],[10.701,51.642],[10.699,51.639],[10.677,51.638],[10.675,51.637],[10.676,51.633],[10.682,51.629],[10.667,51.628],[10.657,51.624],[10.642,51.623],[10.638,51.619],[10.64,51.618],[10.639,51.616],[10.649,51.606],[10.633,51.608],[10.635,51.606],[10.633,51.602],[10.634,51.601],[10.633,51.599],[10.634,51.594],[10.638,51.589],[10.639,51.584],[10.658,51.582],[10.659,51.58],[10.666,51.578],[10.665,51.575],[10.658,51.567],[10.661,51.561],[10.659,51.561],[10.657,51.558],[10.653,51.56],[10.652,51.559],[10.645,51.56],[10.646,51.563],[10.636,51.562],[10.633,51.566],[10.627,51.568],[10.626,51.57],[10.628,51.572],[10.622,51.576],[10.612,51.579],[10.604,51.58],[10.599,51.578],[10.598,51.576],[10.593,51.573],[10.588,51.568],[10.584,51.567],[10.584,51.566],[10.577,51.566],[10.576,51.563],[10.57,51.563],[10.567,51.56],[10.56,51.557],[10.546,51.556],[10.534,51.559],[10.53,51.557],[10.519,51.554],[10.51,51.557],[10.508,51.562],[10.506,51.563],[10.504,51.562],[10.496,51.573],[10.472,51.582],[10.468,51.582],[10.467,51.583],[10.463,51.582],[10.459,51.584],[10.451,51.584],[10.444,51.59],[10.429,51.593],[10.406,51.587],[10.398,51.588],[10.39,51.586],[10.377,51.589],[10.37,51.587],[10.373,51.584],[10.376,51.583],[10.378,51.579],[10.379,51.579],[10.378,51.576],[10.379,51.574],[10.378,51.571],[10.379,51.569],[10.379,51.563],[10.374,51.559],[10.365,51.556],[10.368,51.555]],[[8.488,53.22],[8.505,53.201],[8.512,53.197],[8.515,53.198],[8.533,53.187],[8.582,53.174],[8.612,53.17],[8.621,53.167],[8.623,53.163],[8.628,53.143],[8.631,53.138],[8.636,53.133],[8.652,53.122],[8.65,53.118],[8.652,53.116],[8.658,53.118],[8.654,53.111],[8.655,53.109],[8.67,53.103],[8.665,53.095],[8.666,53.092],[8.674,53.087],[8.689,53.086],[8.701,53.082],[8.706,53.077],[8.709,53.076],[8.71,53.067],[8.707,53.052],[8.71,53.046],[8.718,53.04],[8.722,53.041],[8.732,53.035],[8.735,53.035],[8.733,53.036],[8.734,53.037],[8.738,53.037],[8.74,53.04],[8.743,53.041],[8.751,53.038],[8.756,53.039],[8.757,53.041],[8.755,53.043],[8.763,53.046],[8.762,53.051],[8.771,53.053],[8.773,53.045],[8.777,53.043],[8.778,53.04],[8.789,53.038],[8.809,53.031],[8.819,53.023],[8.822,53.021],[8.831,53.021],[8.838,53.018],[8.841,53.021],[8.85,53.023],[8.848,53.019],[8.848,53.017],[8.851,53.017],[8.854,53.021],[8.867,53.022],[8.869,53.025],[8.865,53.027],[8.862,53.036],[8.863,53.041],[8.867,53.041],[8.866,53.036],[8.867,53.033],[8.885,53.023],[8.893,53.014],[8.916,53.011],[8.918,53.013],[8.921,53.012],[8.922,53.015],[8.929,53.013],[8.929,53.014],[8.936,53.014],[8.938,53.025],[8.946,53.025],[8.946,53.031],[8.963,53.037],[8.967,53.037],[8.98,53.047],[8.977,53.051],[8.973,53.051],[8.97,53.057],[8.965,53.056],[8.961,53.066],[8.967,53.068],[8.964,53.072],[8.964,53.081],[8.966,53.083],[8.961,53.085],[8.966,53.09],[8.984,53.093],[8.991,53.097],[8.988,53.099],[8.982,53.096],[8.979,53.099],[8.97,53.102],[8.963,53.1],[8.959,53.11],[8.947,53.116],[8.984,53.126],[8.98,53.132],[8.971,53.134],[8.96,53.142],[8.957,53.147],[8.947,53.15],[8.945,53.152],[8.937,53.151],[8.931,53.148],[8.921,53.145],[8.923,53.144],[8.921,53.14],[8.918,53.139],[8.912,53.133],[8.909,53.133],[8.906,53.137],[8.904,53.138],[8.899,53.134],[8.874,53.134],[8.864,53.132],[8.861,53.134],[8.862,53.138],[8.858,53.138],[8.858,53.14],[8.853,53.143],[8.842,53.148],[8.84,53.157],[8.835,53.157],[8.827,53.161],[8.83,53.164],[8.829,53.164],[8.819,53.162],[8.815,53.164],[8.813,53.162],[8.809,53.163],[8.807,53.161],[8.804,53.162],[8.799,53.161],[8.797,53.164],[8.795,53.162],[8.791,53.164],[8.789,53.161],[8.787,53.163],[8.783,53.164],[8.776,53.162],[8.777,53.159],[8.775,53.159],[8.762,53.165],[8.755,53.164],[8.748,53.166],[8.741,53.165],[8.741,53.167],[8.743,53.172],[8.739,53.171],[8.737,53.173],[8.734,53.173],[8.73,53.175],[8.729,53.18],[8.714,53.183],[8.71,53.177],[8.706,53.175],[8.701,53.178],[8.702,53.181],[8.699,53.185],[8.697,53.183],[8.688,53.179],[8.678,53.178],[8.679,53.176],[8.677,53.175],[8.676,53.175],[8.675,53.179],[8.664,53.176],[8.659,53.177],[8.658,53.182],[8.653,53.185],[8.655,53.186],[8.652,53.188],[8.644,53.189],[8.638,53.192],[8.639,53.193],[8.637,53.195],[8.632,53.196],[8.628,53.198],[8.622,53.197],[8.622,53.195],[8.609,53.192],[8.609,53.189],[8.607,53.188],[8.594,53.184],[8.591,53.187],[8.593,53.187],[8.589,53.19],[8.58,53.19],[8.581,53.193],[8.58,53.193],[8.585,53.196],[8.581,53.199],[8.582,53.2],[8.596,53.206],[8.599,53.212],[8.579,53.217],[8.572,53.211],[8.566,53.214],[8.554,53.208],[8.541,53.215],[8.53,53.216],[8.526,53.221],[8.524,53.221],[8.523,53.223],[8.521,53.223],[8.521,53.227],[8.519,53.226],[8.517,53.228],[8.513,53.228],[8.505,53.229],[8.492,53.227],[8.49,53.228],[8.482,53.226],[8.483,53.224],[8.488,53.22]],[[8.652,53.604],[8.658,53.603],[8.661,53.607],[8.654,53.608],[8.653,53.61],[8.643,53.609],[8.645,53.608],[8.644,53.605],[8.652,53.605],[8.652,53.604]]],[[[7.322,53.722],[7.339,53.723],[7.343,53.721],[7.335,53.715],[7.326,53.712],[7.306,53.711],[7.3,53.709],[7.271,53.704],[7.225,53.703],[7.209,53.706],[7.202,53.705],[7.2,53.7],[7.194,53.699],[7.178,53.701],[7.177,53.705],[7.17,53.708],[7.166,53.706],[7.17,53.703],[7.17,53.701],[7.165,53.699],[7.165,53.698],[7.151,53.697],[7.141,53.702],[7.138,53.705],[7.138,53.708],[7.146,53.712],[7.155,53.713],[7.173,53.719],[7.184,53.721],[7.22,53.721],[7.25,53.717],[7.27,53.72],[7.284,53.716],[7.283,53.718],[7.287,53.719],[7.295,53.719],[7.293,53.72],[7.295,53.721],[7.311,53.721],[7.311,53.723],[7.314,53.724],[7.322,53.722]]],[[[7.402,53.733],[7.425,53.73],[7.429,53.727],[7.43,53.725],[7.422,53.721],[7.388,53.72],[7.374,53.723],[7.362,53.721],[7.364,53.725],[7.36,53.727],[7.361,53.729],[7.389,53.735],[7.402,53.733]]],[[[8.276,53.763],[8.274,53.76],[8.262,53.758],[8.264,53.765],[8.274,53.766],[8.276,53.763]]],[[[7.711,53.778],[7.723,53.774],[7.731,53.777],[7.737,53.773],[7.744,53.778],[7.75,53.775],[7.756,53.778],[7.76,53.778],[7.764,53.775],[7.772,53.776],[7.779,53.778],[7.793,53.778],[7.801,53.777],[7.806,53.775],[7.791,53.768],[7.741,53.761],[7.712,53.762],[7.709,53.764],[7.699,53.762],[7.699,53.765],[7.697,53.765],[7.689,53.757],[7.681,53.754],[7.672,53.754],[7.667,53.759],[7.672,53.768],[7.687,53.777],[7.698,53.78],[7.711,53.778]]],[[[8.379,53.834],[8.37,53.833],[8.371,53.83],[8.373,53.83],[8.373,53.829],[8.364,53.827],[8.36,53.826],[8.351,53.83],[8.352,53.833],[8.359,53.835],[8.365,53.834],[8.377,53.836],[8.38,53.835],[8.379,53.834]]],[[[8.011,53.784],[8.02,53.778],[8.016,53.774],[8.017,53.771],[8.025,53.766],[8.031,53.759],[8.03,53.757],[8.025,53.757],[8.022,53.755],[8.023,53.745],[8.014,53.747],[8.009,53.752],[8.007,53.761],[8.004,53.761],[8.002,53.764],[7.987,53.77],[8.003,53.776],[8.005,53.785],[8.009,53.786],[8.011,53.784]]],[[[7.906,53.793],[7.937,53.788],[7.965,53.778],[7.968,53.775],[7.949,53.782],[7.939,53.78],[7.911,53.78],[7.894,53.785],[7.876,53.788],[7.872,53.787],[7.871,53.784],[7.87,53.784],[7.869,53.776],[7.87,53.775],[7.866,53.774],[7.866,53.777],[7.863,53.78],[7.846,53.787],[7.85,53.79],[7.867,53.794],[7.896,53.794],[7.906,53.793]]],[[[8.169,53.728],[8.173,53.726],[8.174,53.724],[8.168,53.721],[8.164,53.721],[8.164,53.72],[8.16,53.717],[8.158,53.716],[8.159,53.714],[8.154,53.712],[8.144,53.712],[8.134,53.715],[8.135,53.718],[8.133,53.72],[8.134,53.723],[8.151,53.73],[8.162,53.73],[8.169,53.728]]],[[[7.585,53.756],[7.59,53.755],[7.596,53.756],[7.612,53.755],[7.625,53.752],[7.628,53.75],[7.628,53.748],[7.623,53.749],[7.612,53.746],[7.57,53.748],[7.54,53.743],[7.514,53.743],[7.509,53.742],[7.505,53.738],[7.502,53.734],[7.503,53.731],[7.496,53.727],[7.497,53.725],[7.495,53.723],[7.491,53.722],[7.487,53.726],[7.484,53.726],[7.48,53.723],[7.474,53.722],[7.468,53.727],[7.467,53.736],[7.47,53.746],[7.477,53.752],[7.487,53.755],[7.552,53.755],[7.566,53.757],[7.585,53.756]]]]}},{"type":"Feature","properties":{"name":"Nordrhein-Westfalen"},"geometry":{"type":"MultiPolygon","coordinates":[[[[6.58,50.377],[6.569,50.377],[6.566,50.373],[6.559,50.369],[6.543,50.366],[6.545,50.37],[6.542,50.371],[6.53,50.369],[6.523,50.364],[6.517,50.362],[6.518,50.361],[6.515,50.359],[6.516,50.355],[6.507,50.36],[6.503,50.355],[6.505,50.352],[6.492,50.347],[6.487,50.343],[6.488,50.341],[6.484,50.339],[6.485,50.339],[6.475,50.339],[6.472,50.339],[6.47,50.342],[6.466,50.343],[6.453,50.336],[6.45,50.338],[6.459,50.344],[6.457,50.352],[6.461,50.359],[6.459,50.362],[6.45,50.364],[6.449,50.371],[6.435,50.37],[6.436,50.369],[6.432,50.367],[6.433,50.364],[6.43,50.363],[6.421,50.37],[6.421,50.373],[6.415,50.375],[6.422,50.382],[6.418,50.383],[6.413,50.389],[6.385,50.384],[6.392,50.38],[6.389,50.377],[6.389,50.372],[6.393,50.371],[6.395,50.367],[6.397,50.368],[6.398,50.366],[6.394,50.363],[6.396,50.361],[6.406,50.364],[6.397,50.358],[6.405,50.35],[6.404,50.349],[6.404,50.345],[6.408,50.339],[6.415,50.333],[6.424,50.334],[6.422,50.331],[6.425,50.327],[6.424,50.325],[6.425,50.323],[6.415,50.325],[6.405,50.323],[6.408,50.335],[6.401,50.338],[6.398,50.346],[6.386,50.351],[6.383,50.354],[6.381,50.353],[6.377,50.356],[6.376,50.355],[6.373,50.358],[6.368,50.358],[6.367,50.359],[6.369,50.361],[6.361,50.371],[6.342,50.38],[6.347,50.385],[6.357,50.391],[6.358,50.396],[6.365,50.401],[6.37,50.409],[6.367,50.419],[6.376,50.432],[6.378,50.439],[6.375,50.451],[6.372,50.456],[6.363,50.454],[6.357,50.456],[6.35,50.457],[6.34,50.463],[6.344,50.469],[6.341,50.472],[6.338,50.472],[6.338,50.475],[6.341,50.478],[6.342,50.483],[6.351,50.488],[6.335,50.489],[6.332,50.492],[6.323,50.494],[6.309,50.501],[6.298,50.498],[6.285,50.499],[6.282,50.503],[6.275,50.502],[6.27,50.505],[6.262,50.499],[6.255,50.499],[6.255,50.501],[6.252,50.504],[6.241,50.499],[6.231,50.498],[6.227,50.494],[6.225,50.495],[6.22,50.499],[6.223,50.501],[6.22,50.505],[6.217,50.507],[6.213,50.513],[6.21,50.513],[6.209,50.515],[6.213,50.516],[6.208,50.517],[6.205,50.521],[6.192,50.521],[6.187,50.526],[6.192,50.531],[6.197,50.531],[6.199,50.535],[6.189,50.54],[6.178,50.542],[6.178,50.554],[6.174,50.557],[6.189,50.565],[6.189,50.566],[6.192,50.566],[6.203,50.569],[6.205,50.571],[6.204,50.572],[6.207,50.575],[6.206,50.576],[6.219,50.581],[6.225,50.59],[6.235,50.589],[6.242,50.593],[6.245,50.593],[6.25,50.598],[6.248,50.604],[6.26,50.61],[6.269,50.619],[6.269,50.625],[6.267,50.627],[6.261,50.629],[6.236,50.626],[6.217,50.632],[6.2,50.632],[6.194,50.634],[6.189,50.63],[6.187,50.63],[6.189,50.627],[6.182,50.624],[6.176,50.626],[6.176,50.627],[6.18,50.629],[6.183,50.632],[6.167,50.644],[6.178,50.645],[6.178,50.648],[6.17,50.653],[6.173,50.657],[6.165,50.663],[6.162,50.67],[6.162,50.671],[6.157,50.673],[6.157,50.675],[6.149,50.678],[6.148,50.679],[6.144,50.682],[6.142,50.687],[6.144,50.689],[6.141,50.691],[6.139,50.694],[6.133,50.696],[6.133,50.699],[6.123,50.707],[6.125,50.711],[6.119,50.72],[6.111,50.724],[6.098,50.723],[6.095,50.72],[6.092,50.723],[6.088,50.721],[6.073,50.721],[6.045,50.728],[6.042,50.719],[6.039,50.718],[6.037,50.72],[6.038,50.725],[6.034,50.725],[6.034,50.73],[6.033,50.731],[6.04,50.738],[6.04,50.745],[6.021,50.753],[6.018,50.763],[6.028,50.774],[6.002,50.784],[5.996,50.787],[5.996,50.79],[5.989,50.794],[5.98,50.795],[5.975,50.798],[5.976,50.802],[5.984,50.81],[5.991,50.808],[6.003,50.801],[6.01,50.804],[6.016,50.81],[6.025,50.814],[6.022,50.817],[6.026,50.82],[6.023,50.827],[6.025,50.828],[6.019,50.829],[6.016,50.834],[6.018,50.837],[6.016,50.839],[6.019,50.846],[6.042,50.851],[6.055,50.857],[6.057,50.856],[6.057,50.851],[6.074,50.847],[6.077,50.861],[6.081,50.862],[6.081,50.864],[6.083,50.865],[6.087,50.87],[6.086,50.871],[6.088,50.872],[6.085,50.877],[6.087,50.878],[6.086,50.88],[6.079,50.883],[6.079,50.887],[6.076,50.891],[6.075,50.893],[6.081,50.909],[6.093,50.918],[6.094,50.921],[6.089,50.919],[6.083,50.921],[6.072,50.923],[6.068,50.921],[6.057,50.922],[6.054,50.922],[6.056,50.927],[6.051,50.93],[6.046,50.928],[6.042,50.93],[6.018,50.934],[6.015,50.948],[6.017,50.953],[6.005,50.957],[6.016,50.963],[6.027,50.982],[6.026,50.983],[5.985,50.982],[5.981,50.983],[5.968,50.98],[5.957,50.985],[5.955,50.988],[5.934,50.985],[5.919,50.978],[5.905,50.974],[5.897,50.975],[5.893,50.98],[5.904,50.987],[5.905,51.002],[5.896,51.004],[5.896,51.011],[5.888,51.014],[5.884,51.013],[5.879,51.018],[5.879,51.021],[5.875,51.029],[5.877,51.032],[5.878,51.038],[5.867,51.046],[5.866,51.051],[5.892,51.053],[5.896,51.057],[5.913,51.067],[5.919,51.064],[5.926,51.048],[5.935,51.041],[5.938,51.035],[5.946,51.037],[5.958,51.035],[5.96,51.038],[5.958,51.041],[5.967,51.044],[5.969,51.047],[5.968,51.051],[5.97,51.054],[5.969,51.056],[5.971,51.058],[5.97,51.061],[5.981,51.069],[5.979,51.071],[5.98,51.072],[5.989,51.075],[5.998,51.084],[6.01,51.091],[6.015,51.092],[6.018,51.094],[6.021,51.093],[6.037,51.097],[6.053,51.107],[6.06,51.116],[6.076,51.119],[6.076,51.121],[6.08,51.122],[6.081,51.126],[6.083,51.124],[6.087,51.125],[6.084,51.126],[6.089,51.128],[6.087,51.129],[6.089,51.13],[6.092,51.135],[6.116,51.139],[6.121,51.141],[6.122,51.143],[6.126,51.145],[6.135,51.145],[6.148,51.149],[6.163,51.149],[6.163,51.153],[6.175,51.158],[6.139,51.173],[6.181,51.186],[6.165,51.194],[6.122,51.181],[6.111,51.174],[6.1,51.17],[6.082,51.172],[6.073,51.183],[6.068,51.221],[6.073,51.222],[6.086,51.223],[6.073,51.243],[6.085,51.247],[6.125,51.275],[6.13,51.287],[6.144,51.298],[6.154,51.307],[6.154,51.311],[6.16,51.316],[6.159,51.319],[6.169,51.33],[6.169,51.333],[6.193,51.335],[6.19,51.339],[6.226,51.361],[6.215,51.388],[6.216,51.389],[6.214,51.39],[6.226,51.4],[6.211,51.401],[6.205,51.4],[6.215,51.434],[6.214,51.446],[6.221,51.447],[6.22,51.455],[6.223,51.469],[6.223,51.475],[6.219,51.484],[6.213,51.491],[6.214,51.503],[6.212,51.513],[6.199,51.528],[6.177,51.539],[6.157,51.567],[6.146,51.571],[6.131,51.581],[6.121,51.593],[6.091,51.606],[6.094,51.616],[6.094,51.622],[6.097,51.621],[6.1,51.624],[6.108,51.642],[6.111,51.645],[6.109,51.647],[6.117,51.651],[6.116,51.653],[6.118,51.656],[6.103,51.66],[6.1,51.658],[6.088,51.66],[6.086,51.663],[6.08,51.661],[6.079,51.663],[6.076,51.665],[6.072,51.664],[6.037,51.673],[6.031,51.677],[6.031,51.683],[6.032,51.684],[6.028,51.69],[6.032,51.693],[6.031,51.698],[6.028,51.7],[6.026,51.709],[6.031,51.713],[6.042,51.713],[6.045,51.717],[6.038,51.72],[6.038,51.718],[6.035,51.718],[6.035,51.721],[6.033,51.721],[6.032,51.724],[6.029,51.726],[5.992,51.739],[5.955,51.738],[5.952,51.742],[5.953,51.748],[5.951,51.749],[5.99,51.766],[5.992,51.77],[5.982,51.774],[5.984,51.778],[5.983,51.779],[5.99,51.783],[5.988,51.783],[5.985,51.785],[5.982,51.784],[5.979,51.786],[5.975,51.785],[5.975,51.789],[5.973,51.789],[5.977,51.794],[5.974,51.796],[5.978,51.797],[5.962,51.807],[5.948,51.811],[5.949,51.812],[5.946,51.815],[5.948,51.817],[5.953,51.815],[5.958,51.817],[5.945,51.824],[5.963,51.837],[5.971,51.833],[5.994,51.831],[6.011,51.835],[6.016,51.838],[6.017,51.841],[6.029,51.845],[6.033,51.842],[6.035,51.843],[6.055,51.852],[6.052,51.857],[6.059,51.858],[6.063,51.865],[6.093,51.851],[6.099,51.849],[6.136,51.847],[6.166,51.841],[6.166,51.85],[6.164,51.853],[6.164,51.859],[6.167,51.861],[6.15,51.867],[6.144,51.87],[6.142,51.88],[6.137,51.886],[6.119,51.892],[6.103,51.893],[6.11,51.895],[6.112,51.899],[6.115,51.898],[6.118,51.902],[6.125,51.898],[6.157,51.905],[6.165,51.899],[6.17,51.901],[6.186,51.893],[6.191,51.892],[6.189,51.889],[6.191,51.887],[6.182,51.886],[6.185,51.882],[6.196,51.875],[6.215,51.868],[6.234,51.87],[6.262,51.868],[6.27,51.874],[6.279,51.874],[6.299,51.868],[6.298,51.865],[6.301,51.864],[6.303,51.854],[6.307,51.849],[6.32,51.851],[6.347,51.851],[6.36,51.846],[6.364,51.839],[6.363,51.836],[6.37,51.834],[6.379,51.835],[6.389,51.833],[6.402,51.827],[6.408,51.828],[6.403,51.837],[6.408,51.837],[6.402,51.845],[6.409,51.852],[6.408,51.854],[6.401,51.856],[6.391,51.861],[6.388,51.862],[6.387,51.865],[6.391,51.874],[6.402,51.869],[6.412,51.871],[6.419,51.867],[6.428,51.866],[6.429,51.861],[6.432,51.859],[6.444,51.863],[6.447,51.865],[6.451,51.865],[6.462,51.856],[6.473,51.854],[6.478,51.857],[6.5,51.862],[6.502,51.865],[6.501,51.868],[6.503,51.868],[6.515,51.873],[6.525,51.874],[6.54,51.881],[6.545,51.885],[6.55,51.883],[6.548,51.885],[6.552,51.886],[6.553,51.884],[6.556,51.882],[6.56,51.882],[6.561,51.884],[6.586,51.894],[6.625,51.902],[6.634,51.901],[6.638,51.904],[6.675,51.916],[6.684,51.918],[6.685,51.916],[6.69,51.915],[6.696,51.916],[6.697,51.91],[6.704,51.909],[6.703,51.906],[6.722,51.896],[6.733,51.899],[6.737,51.905],[6.751,51.907],[6.754,51.91],[6.755,51.913],[6.77,51.916],[6.789,51.93],[6.786,51.931],[6.794,51.935],[6.797,51.943],[6.796,51.944],[6.799,51.959],[6.812,51.962],[6.814,51.964],[6.829,51.964],[6.833,51.972],[6.83,51.979],[6.83,51.986],[6.827,51.993],[6.808,51.995],[6.811,51.998],[6.772,52.018],[6.766,52.019],[6.764,52.022],[6.753,52.029],[6.715,52.04],[6.688,52.04],[6.687,52.056],[6.69,52.056],[6.696,52.064],[6.697,52.067],[6.695,52.07],[6.736,52.075],[6.751,52.086],[6.75,52.088],[6.746,52.09],[6.745,52.093],[6.75,52.096],[6.755,52.095],[6.758,52.099],[6.761,52.119],[6.821,52.118],[6.855,52.12],[6.867,52.128],[6.873,52.13],[6.873,52.132],[6.882,52.156],[6.88,52.156],[6.906,52.17],[6.907,52.175],[6.912,52.177],[6.951,52.181],[6.962,52.191],[6.962,52.194],[6.974,52.205],[6.978,52.212],[6.981,52.221],[6.986,52.223],[6.985,52.225],[6.989,52.227],[7.003,52.228],[7.019,52.225],[7.039,52.228],[7.061,52.235],[7.066,52.241],[7.098,52.243],[7.106,52.244],[7.109,52.247],[7.11,52.253],[7.114,52.256],[7.119,52.257],[7.121,52.261],[7.15,52.266],[7.298,52.264],[7.317,52.28],[7.346,52.283],[7.362,52.288],[7.371,52.3],[7.386,52.309],[7.397,52.306],[7.4,52.308],[7.4,52.312],[7.402,52.311],[7.404,52.313],[7.416,52.312],[7.427,52.314],[7.427,52.318],[7.429,52.322],[7.438,52.333],[7.479,52.348],[7.505,52.361],[7.511,52.361],[7.53,52.37],[7.539,52.37],[7.543,52.368],[7.55,52.37],[7.554,52.369],[7.564,52.371],[7.565,52.373],[7.56,52.372],[7.57,52.379],[7.577,52.375],[7.583,52.376],[7.58,52.379],[7.571,52.381],[7.584,52.395],[7.582,52.398],[7.584,52.402],[7.583,52.404],[7.601,52.414],[7.603,52.421],[7.564,52.432],[7.571,52.432],[7.577,52.447],[7.583,52.455],[7.604,52.475],[7.611,52.472],[7.614,52.474],[7.619,52.471],[7.647,52.463],[7.656,52.462],[7.655,52.461],[7.657,52.46],[7.668,52.459],[7.667,52.456],[7.684,52.457],[7.688,52.454],[7.702,52.434],[7.707,52.416],[7.714,52.401],[7.723,52.4],[7.807,52.371],[7.843,52.369],[7.87,52.377],[7.89,52.379],[7.892,52.38],[7.922,52.366],[7.937,52.365],[7.938,52.361],[7.943,52.359],[7.941,52.357],[7.944,52.356],[7.941,52.35],[7.942,52.348],[7.948,52.35],[7.95,52.348],[7.952,52.349],[7.954,52.347],[7.95,52.345],[7.951,52.341],[7.948,52.339],[7.949,52.335],[7.956,52.332],[7.959,52.326],[7.967,52.324],[7.968,52.32],[7.978,52.313],[7.991,52.309],[7.987,52.304],[7.95,52.306],[7.938,52.303],[7.93,52.302],[7.932,52.3],[7.931,52.299],[7.933,52.297],[7.93,52.294],[7.932,52.288],[7.931,52.286],[7.935,52.286],[7.957,52.273],[7.946,52.265],[7.93,52.265],[7.926,52.263],[7.923,52.253],[7.923,52.248],[7.927,52.245],[7.929,52.241],[7.927,52.239],[7.926,52.234],[7.928,52.23],[7.926,52.227],[7.92,52.222],[7.915,52.223],[7.913,52.221],[7.914,52.22],[7.913,52.217],[7.911,52.218],[7.91,52.214],[7.907,52.215],[7.906,52.214],[7.906,52.208],[7.902,52.209],[7.9,52.207],[7.902,52.204],[7.906,52.203],[7.907,52.201],[7.903,52.199],[7.909,52.195],[7.908,52.19],[7.914,52.188],[7.912,52.186],[7.913,52.185],[7.915,52.186],[7.924,52.181],[7.928,52.181],[7.934,52.177],[7.946,52.176],[7.957,52.178],[7.974,52.171],[7.984,52.174],[8.006,52.176],[8.017,52.172],[8.015,52.169],[8.025,52.163],[8.023,52.16],[8.018,52.159],[8.018,52.16],[8.012,52.162],[8.012,52.159],[8.002,52.16],[8.001,52.157],[8.003,52.155],[7.997,52.154],[7.998,52.153],[8.001,52.153],[7.998,52.15],[8.004,52.15],[8.002,52.144],[8.005,52.144],[8.003,52.138],[8.005,52.137],[8.008,52.115],[7.972,52.116],[7.968,52.115],[7.958,52.105],[7.951,52.103],[7.916,52.096],[7.902,52.092],[7.885,52.085],[7.885,52.083],[7.889,52.084],[7.896,52.078],[7.912,52.062],[7.921,52.058],[7.917,52.052],[7.981,52.035],[7.987,52.04],[7.988,52.044],[7.992,52.046],[7.994,52.05],[8.003,52.054],[8.019,52.059],[8.019,52.062],[8.033,52.068],[8.036,52.067],[8.035,52.065],[8.043,52.063],[8.056,52.064],[8.056,52.068],[8.067,52.068],[8.07,52.065],[8.074,52.066],[8.087,52.065],[8.092,52.063],[8.096,52.057],[8.104,52.061],[8.129,52.069],[8.131,52.072],[8.15,52.075],[8.152,52.076],[8.153,52.076],[8.153,52.075],[8.162,52.075],[8.164,52.073],[8.169,52.075],[8.172,52.072],[8.176,52.074],[8.179,52.072],[8.193,52.073],[8.195,52.074],[8.195,52.076],[8.201,52.085],[8.201,52.088],[8.207,52.091],[8.209,52.097],[8.219,52.102],[8.221,52.106],[8.225,52.106],[8.225,52.109],[8.23,52.109],[8.236,52.112],[8.24,52.117],[8.246,52.121],[8.262,52.12],[8.266,52.127],[8.267,52.132],[8.273,52.131],[8.287,52.135],[8.288,52.135],[8.286,52.131],[8.285,52.126],[8.292,52.125],[8.299,52.123],[8.298,52.121],[8.311,52.118],[8.315,52.12],[8.314,52.122],[8.324,52.126],[8.341,52.122],[8.343,52.124],[8.349,52.12],[8.358,52.118],[8.364,52.118],[8.369,52.115],[8.368,52.111],[8.373,52.11],[8.388,52.108],[8.405,52.111],[8.411,52.115],[8.411,52.117],[8.404,52.124],[8.405,52.125],[8.405,52.13],[8.413,52.138],[8.432,52.146],[8.435,52.148],[8.44,52.148],[8.454,52.155],[8.462,52.153],[8.465,52.155],[8.481,52.16],[8.485,52.166],[8.493,52.167],[8.498,52.173],[8.504,52.177],[8.506,52.179],[8.517,52.185],[8.508,52.188],[8.478,52.192],[8.46,52.196],[8.456,52.198],[8.455,52.202],[8.452,52.203],[8.452,52.206],[8.449,52.21],[8.442,52.213],[8.443,52.215],[8.45,52.218],[8.454,52.226],[8.461,52.229],[8.459,52.235],[8.46,52.243],[8.468,52.247],[8.466,52.251],[8.463,52.252],[8.464,52.257],[8.459,52.258],[8.466,52.268],[8.464,52.272],[8.465,52.274],[8.463,52.282],[8.459,52.282],[8.459,52.294],[8.461,52.299],[8.458,52.302],[8.46,52.305],[8.465,52.304],[8.469,52.313],[8.471,52.313],[8.472,52.315],[8.462,52.317],[8.461,52.319],[8.459,52.325],[8.454,52.331],[8.445,52.351],[8.446,52.351],[8.443,52.356],[8.445,52.359],[8.444,52.363],[8.435,52.363],[8.432,52.367],[8.429,52.366],[8.401,52.377],[8.393,52.385],[8.391,52.384],[8.363,52.39],[8.344,52.398],[8.323,52.4],[8.314,52.406],[8.314,52.408],[8.322,52.409],[8.323,52.411],[8.316,52.413],[8.317,52.417],[8.322,52.422],[8.322,52.426],[8.317,52.428],[8.318,52.43],[8.313,52.432],[8.312,52.436],[8.308,52.437],[8.307,52.435],[8.304,52.434],[8.306,52.445],[8.308,52.445],[8.308,52.446],[8.304,52.447],[8.297,52.456],[8.303,52.459],[8.307,52.456],[8.311,52.459],[8.326,52.452],[8.334,52.454],[8.346,52.453],[8.352,52.45],[8.354,52.449],[8.353,52.448],[8.36,52.444],[8.386,52.445],[8.386,52.448],[8.401,52.451],[8.405,52.45],[8.407,52.448],[8.418,52.444],[8.419,52.446],[8.416,52.447],[8.418,52.449],[8.425,52.452],[8.43,52.448],[8.447,52.458],[8.449,52.457],[8.452,52.461],[8.454,52.461],[8.458,52.474],[8.459,52.474],[8.46,52.49],[8.459,52.492],[8.473,52.499],[8.482,52.497],[8.488,52.503],[8.509,52.515],[8.517,52.509],[8.557,52.499],[8.557,52.501],[8.652,52.531],[8.671,52.517],[8.69,52.519],[8.688,52.516],[8.684,52.514],[8.689,52.511],[8.699,52.509],[8.699,52.507],[8.702,52.504],[8.699,52.502],[8.703,52.5],[8.698,52.487],[8.709,52.477],[8.709,52.474],[8.711,52.464],[8.71,52.46],[8.705,52.456],[8.703,52.443],[8.706,52.438],[8.715,52.433],[8.718,52.429],[8.717,52.425],[8.709,52.424],[8.704,52.419],[8.706,52.416],[8.705,52.413],[8.711,52.408],[8.707,52.4],[8.71,52.398],[8.707,52.395],[8.715,52.393],[8.717,52.395],[8.725,52.401],[8.735,52.396],[8.739,52.391],[8.746,52.388],[8.787,52.399],[8.855,52.389],[8.858,52.394],[8.867,52.396],[8.87,52.395],[8.867,52.394],[8.869,52.393],[8.88,52.395],[8.889,52.396],[8.893,52.406],[8.896,52.406],[8.898,52.402],[8.904,52.402],[8.903,52.405],[8.924,52.402],[8.938,52.402],[8.935,52.405],[8.944,52.408],[8.946,52.413],[8.944,52.413],[8.944,52.415],[8.941,52.416],[8.958,52.416],[8.957,52.419],[8.961,52.42],[8.963,52.422],[8.962,52.425],[8.969,52.427],[8.97,52.426],[8.976,52.428],[8.978,52.427],[8.987,52.432],[8.983,52.433],[8.983,52.437],[8.979,52.436],[8.983,52.439],[8.987,52.446],[8.978,52.451],[8.987,52.452],[8.992,52.451],[8.991,52.453],[8.999,52.458],[9.012,52.457],[9.014,52.46],[9.017,52.46],[9.017,52.467],[9.022,52.47],[9.023,52.477],[9.028,52.481],[9.038,52.48],[9.044,52.483],[9.043,52.483],[9.045,52.484],[9.041,52.487],[9.046,52.489],[9.044,52.49],[9.047,52.493],[9.046,52.495],[9.053,52.5],[9.066,52.496],[9.071,52.499],[9.088,52.496],[9.095,52.498],[9.098,52.497],[9.099,52.498],[9.101,52.494],[9.108,52.491],[9.112,52.486],[9.133,52.483],[9.137,52.475],[9.126,52.476],[9.123,52.475],[9.126,52.468],[9.113,52.462],[9.113,52.461],[9.103,52.457],[9.095,52.443],[9.111,52.435],[9.112,52.433],[9.111,52.429],[9.112,52.428],[9.105,52.428],[9.106,52.426],[9.11,52.423],[9.11,52.422],[9.112,52.421],[9.124,52.422],[9.125,52.413],[9.124,52.406],[9.117,52.397],[9.112,52.398],[9.112,52.395],[9.103,52.39],[9.102,52.388],[9.095,52.387],[9.095,52.385],[9.099,52.383],[9.097,52.383],[9.097,52.382],[9.101,52.381],[9.098,52.376],[9.099,52.373],[9.089,52.366],[9.085,52.36],[9.085,52.356],[9.078,52.354],[9.072,52.348],[9.059,52.347],[9.058,52.34],[9.041,52.342],[9.027,52.346],[9.025,52.343],[9.028,52.342],[9.025,52.341],[9.025,52.337],[9.019,52.331],[9.01,52.331],[9.008,52.326],[8.998,52.326],[8.998,52.318],[8.991,52.315],[8.99,52.309],[8.992,52.307],[8.99,52.306],[8.989,52.299],[8.985,52.296],[8.988,52.288],[8.979,52.282],[8.963,52.279],[8.972,52.273],[8.976,52.274],[8.976,52.276],[8.979,52.275],[8.978,52.271],[8.972,52.265],[8.975,52.263],[9.004,52.258],[9.004,52.256],[9.006,52.256],[9.007,52.253],[9.033,52.249],[9.057,52.238],[9.077,52.233],[9.076,52.231],[9.072,52.228],[9.052,52.22],[9.047,52.221],[9.042,52.226],[9.036,52.224],[9.034,52.218],[9.046,52.211],[9.046,52.208],[9.043,52.204],[9.049,52.196],[9.043,52.19],[9.045,52.184],[9.036,52.185],[9.021,52.184],[9.018,52.186],[9.018,52.189],[9.02,52.19],[9.02,52.192],[9.014,52.195],[9.01,52.191],[9.007,52.19],[9.0,52.191],[8.994,52.196],[8.986,52.195],[8.994,52.192],[8.993,52.189],[8.996,52.186],[9.001,52.188],[9.001,52.183],[9.008,52.181],[9.008,52.178],[9.012,52.178],[9.011,52.173],[9.022,52.172],[9.02,52.168],[9.016,52.169],[9.013,52.162],[9.014,52.157],[9.017,52.156],[9.018,52.148],[9.011,52.14],[9.011,52.136],[9.018,52.132],[9.036,52.14],[9.04,52.139],[9.044,52.14],[9.044,52.142],[9.051,52.146],[9.054,52.146],[9.053,52.148],[9.072,52.148],[9.071,52.145],[9.072,52.145],[9.068,52.14],[9.082,52.141],[9.085,52.137],[9.094,52.135],[9.097,52.137],[9.099,52.136],[9.099,52.133],[9.107,52.132],[9.116,52.138],[9.128,52.139],[9.13,52.14],[9.131,52.139],[9.127,52.137],[9.129,52.135],[9.144,52.135],[9.153,52.129],[9.157,52.125],[9.156,52.123],[9.159,52.12],[9.156,52.114],[9.146,52.113],[9.145,52.111],[9.147,52.109],[9.136,52.106],[9.136,52.1],[9.133,52.097],[9.135,52.094],[9.146,52.1],[9.156,52.098],[9.155,52.092],[9.176,52.086],[9.188,52.072],[9.193,52.07],[9.193,52.069],[9.181,52.068],[9.179,52.062],[9.174,52.06],[9.175,52.055],[9.172,52.047],[9.176,52.044],[9.176,52.041],[9.173,52.041],[9.176,52.035],[9.178,52.034],[9.181,52.03],[9.189,52.026],[9.19,52.02],[9.194,52.015],[9.195,52.016],[9.197,52.012],[9.191,52.01],[9.179,52.003],[9.197,51.997],[9.184,51.991],[9.183,51.986],[9.175,51.983],[9.176,51.98],[9.184,51.978],[9.188,51.973],[9.188,51.969],[9.186,51.966],[9.199,51.962],[9.201,51.965],[9.203,51.965],[9.202,51.963],[9.207,51.963],[9.209,51.96],[9.211,51.961],[9.209,51.967],[9.214,51.969],[9.213,51.971],[9.217,51.97],[9.217,51.974],[9.224,51.973],[9.239,51.977],[9.242,51.977],[9.241,51.975],[9.258,51.977],[9.27,51.974],[9.266,51.972],[9.268,51.97],[9.274,51.974],[9.277,51.97],[9.275,51.969],[9.274,51.968],[9.277,51.966],[9.278,51.962],[9.285,51.96],[9.285,51.958],[9.286,51.957],[9.284,51.956],[9.28,51.958],[9.28,51.956],[9.271,51.955],[9.271,51.953],[9.273,51.952],[9.272,51.95],[9.268,51.947],[9.264,51.948],[9.263,51.946],[9.277,51.944],[9.279,51.94],[9.273,51.94],[9.275,51.937],[9.272,51.934],[9.272,51.932],[9.28,51.926],[9.281,51.928],[9.284,51.926],[9.287,51.921],[9.29,51.923],[9.294,51.919],[9.304,51.922],[9.315,51.923],[9.318,51.918],[9.332,51.917],[9.335,51.912],[9.341,51.908],[9.342,51.901],[9.345,51.896],[9.343,51.892],[9.345,51.889],[9.342,51.886],[9.344,51.88],[9.34,51.879],[9.338,51.861],[9.336,51.856],[9.323,51.855],[9.335,51.854],[9.348,51.861],[9.363,51.865],[9.375,51.863],[9.379,51.861],[9.393,51.86],[9.405,51.856],[9.437,51.856],[9.443,51.86],[9.451,51.859],[9.453,51.861],[9.457,51.861],[9.46,51.863],[9.461,51.858],[9.46,51.855],[9.456,51.852],[9.447,51.848],[9.433,51.84],[9.434,51.837],[9.442,51.829],[9.438,51.831],[9.437,51.828],[9.441,51.825],[9.428,51.814],[9.427,51.81],[9.431,51.811],[9.431,51.805],[9.441,51.803],[9.436,51.797],[9.448,51.795],[9.437,51.789],[9.436,51.787],[9.43,51.785],[9.413,51.772],[9.41,51.771],[9.407,51.764],[9.403,51.759],[9.397,51.758],[9.384,51.758],[9.384,51.75],[9.375,51.744],[9.379,51.738],[9.394,51.732],[9.394,51.729],[9.388,51.723],[9.387,51.719],[9.392,51.713],[9.4,51.706],[9.402,51.702],[9.399,51.697],[9.387,51.69],[9.388,51.686],[9.395,51.68],[9.396,51.674],[9.394,51.672],[9.383,51.669],[9.379,51.666],[9.375,51.65],[9.386,51.646],[9.404,51.648],[9.417,51.647],[9.425,51.65],[9.435,51.651],[9.441,51.65],[9.438,51.648],[9.445,51.644],[9.427,51.631],[9.399,51.626],[9.399,51.625],[9.39,51.627],[9.378,51.627],[9.372,51.626],[9.371,51.619],[9.358,51.62],[9.337,51.615],[9.337,51.612],[9.35,51.604],[9.356,51.598],[9.371,51.594],[9.373,51.591],[9.369,51.591],[9.367,51.59],[9.368,51.589],[9.365,51.585],[9.352,51.58],[9.348,51.576],[9.346,51.57],[9.338,51.566],[9.336,51.56],[9.331,51.557],[9.325,51.553],[9.317,51.552],[9.32,51.547],[9.319,51.546],[9.319,51.544],[9.316,51.544],[9.317,51.541],[9.314,51.539],[9.314,51.538],[9.311,51.537],[9.312,51.533],[9.31,51.531],[9.315,51.527],[9.315,51.525],[9.316,51.523],[9.31,51.519],[9.307,51.514],[9.308,51.513],[9.303,51.512],[9.302,51.514],[9.287,51.516],[9.276,51.511],[9.273,51.508],[9.269,51.507],[9.264,51.498],[9.257,51.499],[9.241,51.497],[9.237,51.492],[9.24,51.491],[9.229,51.491],[9.225,51.489],[9.223,51.485],[9.217,51.481],[9.219,51.474],[9.216,51.46],[9.185,51.466],[9.174,51.463],[9.175,51.461],[9.163,51.45],[9.162,51.444],[9.149,51.442],[9.136,51.45],[9.132,51.446],[9.103,51.443],[9.093,51.445],[9.086,51.449],[9.085,51.456],[9.087,51.461],[9.077,51.465],[9.092,51.487],[9.092,51.494],[9.076,51.504],[9.067,51.499],[9.061,51.499],[9.057,51.502],[9.039,51.502],[9.024,51.511],[9.023,51.517],[9.021,51.519],[9.005,51.512],[8.981,51.509],[8.946,51.501],[8.928,51.493],[8.913,51.492],[8.897,51.486],[8.89,51.482],[8.894,51.471],[8.902,51.466],[8.907,51.465],[8.911,51.462],[8.915,51.456],[8.914,51.453],[8.917,51.449],[8.919,51.449],[8.92,51.446],[8.922,51.446],[8.922,51.444],[8.92,51.443],[8.922,51.442],[8.921,51.44],[8.919,51.439],[8.918,51.437],[8.92,51.434],[8.918,51.433],[8.919,51.43],[8.934,51.431],[8.948,51.428],[8.946,51.419],[8.951,51.413],[8.941,51.41],[8.942,51.406],[8.94,51.403],[8.943,51.397],[8.939,51.394],[8.94,51.389],[8.916,51.393],[8.89,51.393],[8.865,51.381],[8.854,51.377],[8.838,51.383],[8.837,51.389],[8.827,51.385],[8.823,51.39],[8.819,51.389],[8.804,51.391],[8.782,51.386],[8.773,51.385],[8.76,51.378],[8.74,51.375],[8.733,51.372],[8.716,51.375],[8.71,51.374],[8.7,51.377],[8.694,51.377],[8.677,51.372],[8.677,51.37],[8.684,51.362],[8.681,51.359],[8.676,51.36],[8.672,51.356],[8.667,51.356],[8.667,51.353],[8.662,51.352],[8.66,51.348],[8.656,51.35],[8.654,51.34],[8.644,51.341],[8.638,51.344],[8.621,51.337],[8.62,51.33],[8.617,51.327],[8.613,51.327],[8.605,51.324],[8.603,51.32],[8.603,51.315],[8.598,51.311],[8.598,51.309],[8.592,51.303],[8.588,51.303],[8.586,51.298],[8.581,51.297],[8.566,51.288],[8.556,51.278],[8.568,51.27],[8.578,51.267],[8.585,51.257],[8.585,51.255],[8.594,51.248],[8.609,51.247],[8.625,51.253],[8.629,51.258],[8.628,51.261],[8.641,51.263],[8.653,51.264],[8.668,51.268],[8.68,51.268],[8.685,51.271],[8.685,51.274],[8.69,51.275],[8.692,51.277],[8.696,51.274],[8.722,51.274],[8.724,51.269],[8.722,51.268],[8.737,51.262],[8.732,51.257],[8.732,51.254],[8.728,51.25],[8.731,51.244],[8.731,51.24],[8.738,51.232],[8.737,51.228],[8.742,51.218],[8.75,51.214],[8.768,51.209],[8.765,51.204],[8.757,51.203],[8.749,51.198],[8.75,51.181],[8.758,51.177],[8.749,51.172],[8.747,51.17],[8.748,51.169],[8.737,51.164],[8.736,51.161],[8.718,51.151],[8.714,51.152],[8.708,51.147],[8.709,51.145],[8.703,51.142],[8.692,51.133],[8.692,51.129],[8.697,51.126],[8.696,51.123],[8.701,51.123],[8.703,51.119],[8.702,51.117],[8.713,51.117],[8.719,51.116],[8.72,51.114],[8.719,51.112],[8.72,51.11],[8.707,51.108],[8.691,51.109],[8.657,51.095],[8.601,51.102],[8.551,51.103],[8.545,51.097],[8.54,51.096],[8.528,51.097],[8.523,51.09],[8.518,51.091],[8.514,51.087],[8.508,51.085],[8.502,51.08],[8.503,51.075],[8.507,51.072],[8.515,51.072],[8.522,51.069],[8.528,51.063],[8.523,51.054],[8.52,51.054],[8.52,51.05],[8.516,51.051],[8.505,51.041],[8.51,51.038],[8.514,51.039],[8.514,51.041],[8.517,51.042],[8.517,51.043],[8.521,51.043],[8.521,51.041],[8.525,51.039],[8.523,51.036],[8.526,51.034],[8.524,51.032],[8.527,51.03],[8.531,51.029],[8.536,51.022],[8.535,51.021],[8.539,51.019],[8.531,51.018],[8.531,51.014],[8.525,51.01],[8.514,51.009],[8.517,51.006],[8.511,51.002],[8.501,50.998],[8.497,50.993],[8.498,50.992],[8.496,50.988],[8.487,50.986],[8.473,50.975],[8.474,50.973],[8.478,50.969],[8.469,50.969],[8.46,50.967],[8.459,50.965],[8.46,50.964],[8.46,50.962],[8.461,50.959],[8.46,50.952],[8.462,50.95],[8.449,50.941],[8.451,50.938],[8.45,50.933],[8.455,50.931],[8.456,50.929],[8.454,50.928],[8.459,50.921],[8.456,50.916],[8.44,50.916],[8.433,50.918],[8.427,50.913],[8.406,50.902],[8.405,50.9],[8.397,50.894],[8.389,50.892],[8.388,50.89],[8.389,50.886],[8.388,50.88],[8.386,50.876],[8.372,50.874],[8.367,50.868],[8.369,50.865],[8.359,50.861],[8.353,50.865],[8.345,50.864],[8.337,50.866],[8.32,50.861],[8.306,50.861],[8.305,50.864],[8.302,50.866],[8.292,50.877],[8.292,50.882],[8.27,50.881],[8.261,50.876],[8.26,50.871],[8.243,50.863],[8.233,50.855],[8.231,50.851],[8.214,50.842],[8.209,50.837],[8.196,50.833],[8.183,50.825],[8.181,50.822],[8.181,50.82],[8.174,50.817],[8.175,50.816],[8.171,50.808],[8.166,50.803],[8.143,50.795],[8.138,50.79],[8.126,50.788],[8.129,50.788],[8.128,50.786],[8.131,50.781],[8.13,50.779],[8.132,50.778],[8.132,50.777],[8.142,50.772],[8.136,50.767],[8.143,50.763],[8.147,50.764],[8.147,50.763],[8.152,50.76],[8.149,50.756],[8.153,50.755],[8.154,50.752],[8.153,50.751],[8.155,50.748],[8.158,50.749],[8.164,50.745],[8.16,50.743],[8.165,50.742],[8.164,50.741],[8.167,50.736],[8.166,50.733],[8.159,50.726],[8.161,50.725],[8.151,50.713],[8.15,50.706],[8.143,50.695],[8.137,50.694],[8.131,50.697],[8.127,50.693],[8.126,50.686],[8.121,50.685],[8.121,50.688],[8.11,50.698],[8.099,50.704],[8.082,50.703],[8.08,50.706],[8.075,50.705],[8.071,50.7],[8.064,50.699],[8.06,50.695],[8.04,50.697],[8.043,50.712],[8.04,50.726],[8.034,50.731],[8.024,50.735],[8.0,50.755],[7.984,50.761],[7.985,50.762],[7.969,50.774],[7.968,50.779],[7.964,50.784],[7.969,50.786],[7.967,50.792],[7.967,50.798],[7.974,50.804],[7.975,50.811],[7.974,50.814],[7.972,50.815],[7.976,50.821],[7.977,50.825],[7.974,50.829],[7.978,50.833],[7.974,50.833],[7.968,50.836],[7.967,50.844],[7.958,50.849],[7.953,50.846],[7.938,50.848],[7.923,50.845],[7.906,50.848],[7.897,50.858],[7.893,50.859],[7.894,50.865],[7.887,50.865],[7.886,50.872],[7.883,50.875],[7.873,50.876],[7.869,50.879],[7.86,50.877],[7.851,50.878],[7.829,50.882],[7.827,50.891],[7.833,50.897],[7.835,50.902],[7.834,50.908],[7.838,50.91],[7.841,50.916],[7.851,50.926],[7.846,50.931],[7.838,50.926],[7.838,50.929],[7.829,50.929],[7.819,50.933],[7.813,50.94],[7.812,50.939],[7.809,50.939],[7.793,50.942],[7.786,50.94],[7.776,50.929],[7.757,50.92],[7.755,50.922],[7.748,50.919],[7.742,50.92],[7.736,50.918],[7.736,50.916],[7.747,50.912],[7.745,50.905],[7.751,50.906],[7.759,50.903],[7.76,50.9],[7.756,50.894],[7.753,50.892],[7.753,50.888],[7.759,50.88],[7.753,50.875],[7.752,50.871],[7.748,50.867],[7.754,50.865],[7.766,50.857],[7.753,50.851],[7.755,50.849],[7.76,50.849],[7.762,50.845],[7.758,50.843],[7.747,50.847],[7.737,50.847],[7.729,50.85],[7.722,50.843],[7.714,50.84],[7.714,50.834],[7.706,50.834],[7.707,50.831],[7.7,50.825],[7.682,50.822],[7.675,50.819],[7.669,50.819],[7.666,50.821],[7.661,50.82],[7.664,50.815],[7.67,50.812],[7.676,50.812],[7.679,50.81],[7.675,50.806],[7.676,50.805],[7.675,50.803],[7.682,50.795],[7.68,50.792],[7.678,50.782],[7.676,50.779],[7.668,50.786],[7.659,50.785],[7.659,50.781],[7.662,50.773],[7.659,50.77],[7.655,50.77],[7.655,50.768],[7.645,50.771],[7.64,50.769],[7.618,50.77],[7.605,50.766],[7.601,50.766],[7.598,50.764],[7.599,50.761],[7.593,50.758],[7.591,50.756],[7.595,50.751],[7.593,50.748],[7.594,50.742],[7.591,50.74],[7.58,50.738],[7.563,50.743],[7.558,50.743],[7.552,50.746],[7.535,50.74],[7.521,50.734],[7.522,50.736],[7.519,50.737],[7.518,50.731],[7.52,50.729],[7.502,50.73],[7.498,50.727],[7.492,50.726],[7.493,50.724],[7.485,50.722],[7.48,50.718],[7.461,50.719],[7.457,50.718],[7.454,50.716],[7.449,50.716],[7.449,50.717],[7.445,50.716],[7.443,50.712],[7.433,50.71],[7.423,50.71],[7.407,50.718],[7.397,50.714],[7.388,50.716],[7.388,50.718],[7.379,50.716],[7.374,50.718],[7.371,50.715],[7.373,50.715],[7.372,50.713],[7.369,50.712],[7.37,50.712],[7.367,50.707],[7.363,50.705],[7.362,50.701],[7.357,50.698],[7.368,50.697],[7.365,50.692],[7.367,50.691],[7.365,50.688],[7.372,50.682],[7.366,50.681],[7.37,50.678],[7.369,50.673],[7.364,50.673],[7.356,50.665],[7.356,50.655],[7.358,50.655],[7.359,50.65],[7.338,50.642],[7.333,50.638],[7.322,50.642],[7.313,50.637],[7.305,50.638],[7.297,50.632],[7.27,50.626],[7.265,50.627],[7.257,50.625],[7.252,50.628],[7.252,50.627],[7.24,50.627],[7.24,50.628],[7.217,50.628],[7.216,50.628],[7.216,50.625],[7.212,50.623],[7.212,50.648],[7.211,50.65],[7.204,50.65],[7.199,50.648],[7.199,50.647],[7.195,50.643],[7.194,50.638],[7.191,50.636],[7.19,50.624],[7.187,50.622],[7.18,50.622],[7.174,50.619],[7.173,50.613],[7.165,50.612],[7.155,50.615],[7.152,50.613],[7.152,50.611],[7.149,50.609],[7.148,50.6],[7.135,50.602],[7.126,50.606],[7.119,50.612],[7.115,50.612],[7.112,50.609],[7.113,50.606],[7.11,50.602],[7.112,50.602],[7.105,50.597],[7.104,50.591],[7.095,50.587],[7.095,50.586],[7.087,50.586],[7.085,50.586],[7.085,50.588],[7.069,50.593],[7.066,50.601],[7.059,50.6],[7.059,50.604],[7.056,50.606],[7.051,50.603],[7.049,50.604],[7.035,50.594],[7.032,50.59],[7.016,50.577],[6.998,50.565],[6.992,50.564],[6.984,50.566],[6.977,50.563],[6.976,50.558],[6.972,50.556],[6.968,50.557],[6.957,50.557],[6.956,50.561],[6.951,50.563],[6.944,50.563],[6.937,50.56],[6.931,50.56],[6.922,50.554],[6.926,50.544],[6.929,50.543],[6.931,50.536],[6.929,50.533],[6.923,50.533],[6.924,50.532],[6.909,50.526],[6.899,50.527],[6.901,50.531],[6.886,50.529],[6.882,50.527],[6.885,50.525],[6.885,50.52],[6.898,50.518],[6.889,50.507],[6.897,50.506],[6.899,50.504],[6.907,50.503],[6.901,50.497],[6.898,50.492],[6.902,50.492],[6.9,50.49],[6.906,50.485],[6.899,50.478],[6.903,50.475],[6.9,50.471],[6.902,50.469],[6.877,50.465],[6.867,50.456],[6.863,50.457],[6.859,50.453],[6.855,50.454],[6.853,50.458],[6.85,50.457],[6.844,50.46],[6.84,50.464],[6.826,50.467],[6.812,50.472],[6.808,50.479],[6.806,50.488],[6.801,50.491],[6.78,50.487],[6.775,50.483],[6.768,50.484],[6.759,50.475],[6.751,50.475],[6.745,50.473],[6.743,50.468],[6.748,50.466],[6.751,50.467],[6.752,50.47],[6.754,50.471],[6.758,50.471],[6.759,50.468],[6.756,50.465],[6.757,50.463],[6.759,50.462],[6.763,50.463],[6.767,50.459],[6.763,50.456],[6.764,50.455],[6.765,50.451],[6.744,50.441],[6.746,50.438],[6.745,50.436],[6.75,50.434],[6.758,50.434],[6.76,50.431],[6.771,50.436],[6.769,50.432],[6.771,50.425],[6.779,50.424],[6.785,50.421],[6.779,50.414],[6.779,50.405],[6.771,50.398],[6.769,50.393],[6.774,50.389],[6.785,50.376],[6.785,50.375],[6.796,50.37],[6.803,50.369],[6.801,50.362],[6.796,50.359],[6.795,50.362],[6.783,50.362],[6.778,50.364],[6.777,50.358],[6.771,50.361],[6.753,50.354],[6.752,50.355],[6.732,50.352],[6.725,50.348],[6.706,50.343],[6.699,50.336],[6.696,50.34],[6.696,50.346],[6.688,50.354],[6.687,50.358],[6.667,50.372],[6.656,50.367],[6.657,50.357],[6.655,50.353],[6.652,50.352],[6.654,50.351],[6.65,50.348],[6.641,50.347],[6.638,50.345],[6.633,50.349],[6.631,50.348],[6.629,50.35],[6.63,50.351],[6.624,50.352],[6.622,50.354],[6.623,50.354],[6.622,50.356],[6.623,50.359],[6.622,50.36],[6.625,50.362],[6.626,50.367],[6.625,50.372],[6.627,50.372],[6.625,50.375],[6.622,50.374],[6.616,50.377],[6.604,50.375],[6.601,50.378],[6.607,50.381],[6.603,50.388],[6.585,50.383],[6.582,50.377],[6.58,50.377]]]]}},{"type":"Feature","properties":{"name":"Rheinland-Pfalz"},"geometry":{"type":"MultiPolygon","coordinates":[[[[7.641,49.053],[7.631,49.055],[7.633,49.064],[7.631,49.066],[7.631,49.073],[7.629,49.074],[7.62,49.074],[7.601,49.083],[7.569,49.08],[7.564,49.08],[7.536,49.094],[7.538,49.096],[7.529,49.097],[7.529,49.102],[7.525,49.104],[7.522,49.108],[7.52,49.114],[7.516,49.121],[7.505,49.122],[7.498,49.135],[7.49,49.136],[7.49,49.142],[7.495,49.141],[7.497,49.142],[7.495,49.144],[7.498,49.146],[7.506,49.151],[7.506,49.155],[7.496,49.155],[7.492,49.164],[7.494,49.169],[7.472,49.169],[7.46,49.163],[7.458,49.163],[7.454,49.167],[7.448,49.169],[7.44,49.164],[7.433,49.165],[7.433,49.168],[7.442,49.172],[7.44,49.175],[7.436,49.177],[7.436,49.18],[7.446,49.184],[7.365,49.172],[7.366,49.165],[7.369,49.162],[7.367,49.162],[7.363,49.158],[7.361,49.161],[7.354,49.161],[7.35,49.163],[7.343,49.173],[7.336,49.176],[7.335,49.181],[7.338,49.184],[7.327,49.188],[7.321,49.188],[7.306,49.201],[7.303,49.206],[7.298,49.204],[7.296,49.205],[7.301,49.209],[7.298,49.211],[7.298,49.214],[7.303,49.217],[7.303,49.222],[7.304,49.222],[7.289,49.231],[7.295,49.235],[7.289,49.236],[7.291,49.237],[7.289,49.238],[7.29,49.239],[7.295,49.24],[7.303,49.245],[7.303,49.251],[7.307,49.255],[7.306,49.256],[7.312,49.257],[7.312,49.255],[7.316,49.252],[7.323,49.248],[7.325,49.248],[7.328,49.255],[7.325,49.258],[7.339,49.264],[7.344,49.27],[7.343,49.274],[7.336,49.276],[7.335,49.278],[7.341,49.282],[7.348,49.281],[7.356,49.284],[7.355,49.282],[7.365,49.278],[7.365,49.282],[7.367,49.283],[7.372,49.281],[7.375,49.283],[7.385,49.294],[7.38,49.298],[7.381,49.307],[7.384,49.31],[7.392,49.31],[7.39,49.312],[7.394,49.315],[7.392,49.321],[7.386,49.321],[7.381,49.317],[7.378,49.319],[7.378,49.32],[7.384,49.322],[7.393,49.328],[7.396,49.332],[7.396,49.336],[7.4,49.337],[7.399,49.34],[7.403,49.343],[7.401,49.343],[7.401,49.344],[7.404,49.346],[7.398,49.348],[7.399,49.35],[7.39,49.35],[7.391,49.353],[7.399,49.354],[7.403,49.356],[7.393,49.364],[7.402,49.368],[7.4,49.372],[7.396,49.372],[7.367,49.363],[7.367,49.369],[7.369,49.37],[7.369,49.374],[7.355,49.374],[7.356,49.38],[7.341,49.381],[7.331,49.379],[7.318,49.381],[7.316,49.384],[7.303,49.387],[7.304,49.389],[7.302,49.389],[7.299,49.389],[7.3,49.388],[7.289,49.389],[7.292,49.393],[7.29,49.393],[7.299,49.398],[7.294,49.401],[7.297,49.405],[7.29,49.411],[7.29,49.415],[7.286,49.417],[7.279,49.419],[7.279,49.421],[7.273,49.424],[7.261,49.424],[7.26,49.426],[7.257,49.426],[7.256,49.43],[7.254,49.43],[7.25,49.435],[7.254,49.436],[7.252,49.437],[7.255,49.441],[7.246,49.446],[7.266,49.452],[7.274,49.452],[7.273,49.454],[7.275,49.456],[7.287,49.458],[7.286,49.46],[7.301,49.467],[7.301,49.469],[7.305,49.472],[7.304,49.476],[7.301,49.477],[7.297,49.484],[7.293,49.482],[7.278,49.484],[7.282,49.486],[7.28,49.487],[7.282,49.489],[7.283,49.495],[7.287,49.499],[7.287,49.501],[7.283,49.502],[7.285,49.505],[7.282,49.506],[7.283,49.511],[7.289,49.513],[7.286,49.517],[7.293,49.52],[7.292,49.522],[7.297,49.523],[7.299,49.521],[7.302,49.522],[7.302,49.52],[7.299,49.519],[7.299,49.518],[7.301,49.518],[7.308,49.52],[7.307,49.522],[7.31,49.523],[7.307,49.526],[7.303,49.527],[7.301,49.53],[7.3,49.53],[7.299,49.531],[7.302,49.535],[7.291,49.535],[7.276,49.538],[7.276,49.545],[7.277,49.549],[7.275,49.55],[7.273,49.555],[7.275,49.561],[7.268,49.564],[7.269,49.565],[7.268,49.568],[7.262,49.574],[7.269,49.584],[7.261,49.583],[7.259,49.578],[7.253,49.574],[7.241,49.573],[7.242,49.571],[7.241,49.569],[7.231,49.568],[7.224,49.565],[7.213,49.566],[7.21,49.568],[7.214,49.575],[7.21,49.577],[7.197,49.578],[7.188,49.576],[7.187,49.576],[7.187,49.58],[7.182,49.583],[7.173,49.585],[7.171,49.588],[7.173,49.588],[7.175,49.595],[7.174,49.599],[7.165,49.597],[7.154,49.603],[7.149,49.604],[7.146,49.603],[7.143,49.599],[7.139,49.597],[7.118,49.596],[7.105,49.599],[7.103,49.604],[7.1,49.606],[7.101,49.602],[7.093,49.604],[7.088,49.6],[7.087,49.602],[7.084,49.603],[7.085,49.605],[7.08,49.612],[7.073,49.617],[7.068,49.624],[7.059,49.63],[7.028,49.639],[7.012,49.628],[7.001,49.631],[6.986,49.621],[6.986,49.623],[6.989,49.626],[6.988,49.629],[6.992,49.633],[6.992,49.636],[6.989,49.633],[6.978,49.633],[6.978,49.636],[6.975,49.635],[6.975,49.634],[6.967,49.63],[6.96,49.629],[6.959,49.631],[6.955,49.627],[6.951,49.625],[6.949,49.626],[6.949,49.635],[6.941,49.635],[6.933,49.631],[6.933,49.629],[6.937,49.625],[6.934,49.623],[6.934,49.62],[6.938,49.618],[6.935,49.616],[6.928,49.618],[6.928,49.615],[6.931,49.614],[6.93,49.612],[6.926,49.612],[6.925,49.615],[6.921,49.617],[6.911,49.616],[6.906,49.614],[6.891,49.616],[6.89,49.615],[6.891,49.613],[6.886,49.613],[6.885,49.611],[6.891,49.608],[6.89,49.606],[6.883,49.608],[6.88,49.606],[6.88,49.601],[6.872,49.605],[6.871,49.608],[6.866,49.609],[6.857,49.605],[6.846,49.59],[6.842,49.593],[6.839,49.593],[6.84,49.587],[6.835,49.583],[6.824,49.588],[6.822,49.586],[6.813,49.592],[6.798,49.586],[6.778,49.57],[6.768,49.569],[6.754,49.56],[6.742,49.557],[6.735,49.559],[6.734,49.56],[6.709,49.553],[6.7,49.541],[6.694,49.54],[6.69,49.535],[6.689,49.536],[6.684,49.548],[6.664,49.543],[6.658,49.544],[6.652,49.551],[6.65,49.55],[6.652,49.544],[6.646,49.539],[6.641,49.538],[6.641,49.54],[6.633,49.542],[6.628,49.538],[6.618,49.536],[6.621,49.532],[6.62,49.529],[6.613,49.528],[6.61,49.53],[6.606,49.528],[6.61,49.521],[6.605,49.517],[6.595,49.519],[6.588,49.517],[6.58,49.522],[6.578,49.53],[6.572,49.536],[6.565,49.538],[6.564,49.541],[6.555,49.536],[6.539,49.539],[6.525,49.529],[6.52,49.529],[6.517,49.528],[6.515,49.529],[6.515,49.535],[6.508,49.535],[6.499,49.53],[6.494,49.531],[6.486,49.534],[6.477,49.542],[6.468,49.544],[6.467,49.543],[6.464,49.544],[6.453,49.538],[6.45,49.54],[6.449,49.544],[6.447,49.542],[6.444,49.543],[6.443,49.545],[6.439,49.545],[6.438,49.546],[6.43,49.549],[6.414,49.543],[6.415,49.546],[6.411,49.547],[6.404,49.549],[6.394,49.547],[6.38,49.551],[6.382,49.556],[6.381,49.558],[6.359,49.57],[6.358,49.574],[6.368,49.579],[6.377,49.577],[6.381,49.577],[6.382,49.581],[6.374,49.588],[6.375,49.592],[6.386,49.6],[6.4,49.603],[6.411,49.614],[6.421,49.62],[6.428,49.634],[6.441,49.656],[6.438,49.66],[6.427,49.661],[6.426,49.664],[6.428,49.667],[6.447,49.678],[6.459,49.691],[6.48,49.697],[6.496,49.71],[6.503,49.713],[6.507,49.713],[6.506,49.716],[6.496,49.723],[6.496,49.726],[6.503,49.727],[6.512,49.721],[6.517,49.724],[6.502,49.733],[6.503,49.746],[6.501,49.749],[6.5,49.752],[6.504,49.755],[6.516,49.759],[6.519,49.763],[6.518,49.769],[6.51,49.774],[6.517,49.783],[6.507,49.788],[6.506,49.79],[6.521,49.797],[6.53,49.805],[6.529,49.809],[6.525,49.812],[6.519,49.813],[6.516,49.805],[6.511,49.802],[6.506,49.809],[6.496,49.812],[6.488,49.812],[6.48,49.819],[6.471,49.823],[6.463,49.819],[6.455,49.812],[6.444,49.812],[6.441,49.814],[6.432,49.811],[6.429,49.811],[6.426,49.813],[6.426,49.816],[6.41,49.818],[6.397,49.822],[6.364,49.851],[6.342,49.849],[6.34,49.848],[6.338,49.841],[6.335,49.838],[6.328,49.836],[6.323,49.838],[6.32,49.842],[6.322,49.852],[6.314,49.86],[6.314,49.866],[6.311,49.87],[6.296,49.867],[6.292,49.87],[6.292,49.875],[6.287,49.875],[6.282,49.879],[6.274,49.877],[6.262,49.881],[6.247,49.895],[6.24,49.896],[6.234,49.9],[6.232,49.907],[6.227,49.911],[6.234,49.913],[6.232,49.919],[6.229,49.921],[6.218,49.923],[6.219,49.926],[6.226,49.929],[6.224,49.932],[6.225,49.933],[6.223,49.934],[6.227,49.937],[6.22,49.943],[6.217,49.944],[6.224,49.95],[6.212,49.95],[6.208,49.955],[6.205,49.955],[6.201,49.953],[6.198,49.948],[6.197,49.952],[6.193,49.957],[6.194,49.961],[6.193,49.967],[6.191,49.969],[6.186,49.968],[6.182,49.964],[6.184,49.959],[6.188,49.956],[6.182,49.953],[6.178,49.954],[6.176,49.962],[6.17,49.964],[6.165,49.971],[6.165,49.974],[6.169,49.984],[6.172,49.985],[6.157,49.987],[6.154,49.989],[6.151,49.994],[6.142,49.995],[6.138,49.998],[6.14,50.0],[6.145,49.998],[6.15,50.009],[6.148,50.01],[6.138,50.011],[6.13,50.019],[6.132,50.019],[6.137,50.016],[6.146,50.023],[6.13,50.03],[6.134,50.04],[6.125,50.051],[6.122,50.053],[6.124,50.06],[6.12,50.06],[6.12,50.057],[6.118,50.056],[6.114,50.058],[6.112,50.06],[6.114,50.065],[6.121,50.065],[6.121,50.069],[6.129,50.074],[6.125,50.077],[6.121,50.072],[6.116,50.074],[6.122,50.081],[6.12,50.087],[6.12,50.092],[6.123,50.094],[6.131,50.092],[6.133,50.093],[6.133,50.095],[6.128,50.096],[6.125,50.1],[6.127,50.102],[6.136,50.103],[6.131,50.107],[6.135,50.113],[6.129,50.115],[6.13,50.122],[6.137,50.125],[6.139,50.135],[6.148,50.136],[6.155,50.142],[6.153,50.15],[6.149,50.152],[6.141,50.148],[6.14,50.15],[6.132,50.154],[6.133,50.156],[6.143,50.156],[6.147,50.161],[6.141,50.166],[6.14,50.169],[6.148,50.17],[6.144,50.173],[6.147,50.178],[6.153,50.176],[6.156,50.172],[6.16,50.172],[6.161,50.178],[6.165,50.179],[6.177,50.179],[6.178,50.18],[6.18,50.178],[6.183,50.178],[6.193,50.182],[6.186,50.184],[6.19,50.188],[6.184,50.192],[6.186,50.196],[6.185,50.203],[6.189,50.205],[6.183,50.208],[6.178,50.217],[6.166,50.22],[6.168,50.225],[6.177,50.227],[6.177,50.229],[6.174,50.232],[6.176,50.235],[6.185,50.238],[6.193,50.237],[6.197,50.238],[6.2,50.24],[6.207,50.249],[6.205,50.251],[6.209,50.254],[6.212,50.253],[6.216,50.257],[6.219,50.256],[6.217,50.255],[6.218,50.254],[6.224,50.259],[6.227,50.259],[6.236,50.263],[6.245,50.262],[6.259,50.268],[6.261,50.265],[6.267,50.265],[6.272,50.268],[6.278,50.266],[6.292,50.279],[6.285,50.284],[6.288,50.289],[6.287,50.29],[6.289,50.291],[6.286,50.294],[6.292,50.296],[6.293,50.297],[6.291,50.298],[6.296,50.3],[6.295,50.301],[6.298,50.302],[6.298,50.304],[6.296,50.305],[6.296,50.309],[6.301,50.31],[6.307,50.31],[6.309,50.312],[6.307,50.314],[6.308,50.316],[6.306,50.318],[6.306,50.32],[6.313,50.322],[6.318,50.321],[6.318,50.319],[6.327,50.325],[6.333,50.323],[6.334,50.321],[6.333,50.321],[6.333,50.319],[6.336,50.319],[6.335,50.316],[6.343,50.318],[6.342,50.317],[6.344,50.317],[6.34,50.316],[6.348,50.315],[6.351,50.311],[6.363,50.305],[6.358,50.31],[6.359,50.313],[6.362,50.315],[6.37,50.313],[6.375,50.314],[6.376,50.318],[6.381,50.319],[6.381,50.321],[6.383,50.322],[6.389,50.321],[6.415,50.325],[6.425,50.323],[6.424,50.325],[6.425,50.327],[6.422,50.331],[6.424,50.334],[6.415,50.333],[6.405,50.344],[6.404,50.349],[6.405,50.35],[6.397,50.358],[6.406,50.364],[6.396,50.361],[6.394,50.363],[6.398,50.366],[6.397,50.368],[6.395,50.367],[6.393,50.371],[6.389,50.372],[6.389,50.377],[6.392,50.38],[6.385,50.384],[6.413,50.389],[6.418,50.383],[6.422,50.382],[6.415,50.375],[6.421,50.373],[6.421,50.37],[6.43,50.363],[6.433,50.364],[6.432,50.367],[6.436,50.369],[6.435,50.37],[6.449,50.371],[6.45,50.364],[6.459,50.362],[6.461,50.359],[6.457,50.352],[6.459,50.344],[6.45,50.338],[6.452,50.336],[6.466,50.343],[6.47,50.342],[6.472,50.339],[6.475,50.339],[6.485,50.339],[6.484,50.339],[6.488,50.341],[6.487,50.343],[6.492,50.347],[6.505,50.352],[6.503,50.355],[6.507,50.36],[6.516,50.355],[6.515,50.359],[6.518,50.361],[6.517,50.362],[6.523,50.364],[6.53,50.369],[6.542,50.371],[6.545,50.37],[6.543,50.366],[6.559,50.369],[6.566,50.373],[6.569,50.377],[6.582,50.377],[6.585,50.383],[6.603,50.388],[6.607,50.381],[6.601,50.378],[6.604,50.375],[6.616,50.377],[6.622,50.374],[6.625,50.375],[6.627,50.372],[6.625,50.372],[6.626,50.367],[6.625,50.362],[6.622,50.36],[6.623,50.359],[6.622,50.356],[6.623,50.354],[6.622,50.354],[6.624,50.352],[6.63,50.351],[6.629,50.35],[6.636,50.345],[6.65,50.348],[6.654,50.351],[6.652,50.352],[6.655,50.353],[6.657,50.357],[6.656,50.367],[6.667,50.372],[6.687,50.358],[6.688,50.354],[6.696,50.346],[6.696,50.34],[6.699,50.336],[6.706,50.343],[6.725,50.348],[6.732,50.352],[6.752,50.355],[6.753,50.354],[6.771,50.361],[6.777,50.358],[6.778,50.364],[6.783,50.362],[6.795,50.362],[6.796,50.359],[6.801,50.362],[6.803,50.369],[6.796,50.37],[6.785,50.375],[6.785,50.376],[6.774,50.389],[6.769,50.393],[6.771,50.398],[6.779,50.405],[6.779,50.414],[6.785,50.421],[6.779,50.424],[6.771,50.425],[6.769,50.432],[6.771,50.436],[6.76,50.431],[6.758,50.434],[6.75,50.434],[6.745,50.436],[6.746,50.438],[6.744,50.441],[6.765,50.451],[6.764,50.455],[6.763,50.456],[6.767,50.459],[6.763,50.463],[6.759,50.462],[6.757,50.463],[6.756,50.465],[6.759,50.468],[6.758,50.471],[6.754,50.471],[6.752,50.47],[6.751,50.467],[6.748,50.466],[6.743,50.468],[6.745,50.473],[6.751,50.475],[6.759,50.475],[6.768,50.484],[6.775,50.483],[6.78,50.487],[6.801,50.491],[6.806,50.488],[6.808,50.479],[6.812,50.472],[6.826,50.467],[6.84,50.464],[6.844,50.46],[6.85,50.457],[6.853,50.458],[6.855,50.454],[6.859,50.453],[6.863,50.457],[6.867,50.456],[6.877,50.465],[6.902,50.469],[6.9,50.471],[6.903,50.475],[6.899,50.478],[6.906,50.485],[6.9,50.49],[6.902,50.492],[6.898,50.492],[6.901,50.497],[6.907,50.503],[6.899,50.504],[6.897,50.506],[6.889,50.507],[6.898,50.518],[6.885,50.52],[6.885,50.525],[6.882,50.527],[6.886,50.529],[6.901,50.531],[6.899,50.527],[6.909,50.526],[6.924,50.532],[6.923,50.533],[6.929,50.533],[6.931,50.536],[6.929,50.543],[6.926,50.544],[6.922,50.554],[6.931,50.56],[6.937,50.56],[6.944,50.563],[6.951,50.563],[6.956,50.561],[6.957,50.557],[6.968,50.557],[6.972,50.556],[6.976,50.558],[6.977,50.563],[6.984,50.566],[6.992,50.564],[6.998,50.565],[7.016,50.577],[7.032,50.59],[7.035,50.594],[7.049,50.604],[7.051,50.603],[7.056,50.606],[7.059,50.604],[7.059,50.6],[7.066,50.601],[7.069,50.593],[7.085,50.588],[7.085,50.586],[7.087,50.586],[7.095,50.586],[7.095,50.587],[7.104,50.591],[7.105,50.597],[7.112,50.602],[7.11,50.602],[7.113,50.606],[7.112,50.609],[7.115,50.612],[7.119,50.612],[7.126,50.606],[7.135,50.602],[7.148,50.6],[7.149,50.609],[7.152,50.611],[7.152,50.613],[7.155,50.615],[7.165,50.612],[7.173,50.613],[7.174,50.619],[7.18,50.622],[7.187,50.622],[7.19,50.624],[7.191,50.636],[7.194,50.638],[7.195,50.643],[7.199,50.647],[7.199,50.648],[7.204,50.65],[7.211,50.65],[7.212,50.648],[7.212,50.623],[7.216,50.625],[7.216,50.628],[7.217,50.628],[7.24,50.628],[7.24,50.627],[7.252,50.627],[7.252,50.628],[7.257,50.625],[7.265,50.627],[7.27,50.626],[7.297,50.632],[7.305,50.638],[7.313,50.637],[7.322,50.642],[7.333,50.638],[7.338,50.642],[7.359,50.65],[7.358,50.655],[7.356,50.655],[7.356,50.665],[7.364,50.673],[7.369,50.673],[7.37,50.678],[7.366,50.681],[7.372,50.682],[7.365,50.688],[7.367,50.691],[7.365,50.692],[7.368,50.697],[7.357,50.698],[7.362,50.701],[7.363,50.705],[7.367,50.707],[7.37,50.712],[7.369,50.712],[7.372,50.713],[7.373,50.715],[7.371,50.715],[7.374,50.718],[7.379,50.716],[7.388,50.718],[7.388,50.716],[7.397,50.714],[7.407,50.718],[7.423,50.71],[7.433,50.71],[7.443,50.712],[7.445,50.716],[7.449,50.717],[7.449,50.716],[7.454,50.716],[7.457,50.718],[7.461,50.719],[7.48,50.718],[7.485,50.722],[7.493,50.724],[7.492,50.726],[7.498,50.727],[7.502,50.73],[7.52,50.729],[7.518,50.731],[7.519,50.737],[7.522,50.736],[7.521,50.734],[7.535,50.74],[7.552,50.746],[7.558,50.743],[7.563,50.743],[7.58,50.738],[7.591,50.74],[7.594,50.742],[7.593,50.748],[7.595,50.751],[7.591,50.756],[7.593,50.758],[7.599,50.761],[7.598,50.764],[7.601,50.766],[7.605,50.766],[7.618,50.77],[7.64,50.769],[7.645,50.771],[7.655,50.768],[7.655,50.77],[7.659,50.77],[7.662,50.773],[7.659,50.781],[7.659,50.785],[7.668,50.786],[7.676,50.779],[7.678,50.782],[7.68,50.792],[7.682,50.795],[7.675,50.803],[7.676,50.805],[7.675,50.806],[7.679,50.81],[7.676,50.812],[7.67,50.812],[7.664,50.815],[7.661,50.82],[7.666,50.821],[7.669,50.819],[7.675,50.819],[7.682,50.822],[7.7,50.825],[7.707,50.831],[7.706,50.834],[7.714,50.834],[7.714,50.84],[7.722,50.843],[7.729,50.85],[7.737,50.847],[7.747,50.847],[7.758,50.843],[7.762,50.845],[7.76,50.849],[7.755,50.849],[7.753,50.851],[7.766,50.857],[7.754,50.865],[7.748,50.867],[7.752,50.871],[7.753,50.875],[7.759,50.88],[7.753,50.888],[7.753,50.892],[7.756,50.894],[7.76,50.9],[7.759,50.903],[7.751,50.906],[7.745,50.905],[7.747,50.912],[7.736,50.916],[7.736,50.918],[7.742,50.92],[7.748,50.919],[7.755,50.922],[7.757,50.92],[7.776,50.929],[7.786,50.94],[7.793,50.942],[7.809,50.939],[7.812,50.939],[7.813,50.94],[7.819,50.933],[7.829,50.929],[7.838,50.929],[7.838,50.926],[7.846,50.931],[7.851,50.926],[7.841,50.916],[7.838,50.91],[7.834,50.908],[7.835,50.902],[7.833,50.897],[7.827,50.891],[7.829,50.882],[7.851,50.878],[7.86,50.877],[7.869,50.879],[7.873,50.876],[7.883,50.875],[7.886,50.872],[7.887,50.865],[7.894,50.865],[7.893,50.859],[7.897,50.858],[7.906,50.848],[7.923,50.845],[7.938,50.848],[7.953,50.846],[7.958,50.849],[7.967,50.844],[7.968,50.836],[7.974,50.833],[7.978,50.833],[7.974,50.829],[7.977,50.825],[7.976,50.821],[7.972,50.815],[7.974,50.814],[7.975,50.811],[7.974,50.804],[7.967,50.798],[7.967,50.792],[7.969,50.786],[7.964,50.784],[7.968,50.779],[7.969,50.774],[7.985,50.762],[7.984,50.761],[8.0,50.755],[8.024,50.735],[8.034,50.731],[8.04,50.726],[8.043,50.712],[8.04,50.697],[8.06,50.695],[8.064,50.699],[8.071,50.7],[8.075,50.705],[8.08,50.706],[8.082,50.703],[8.099,50.704],[8.11,50.698],[8.121,50.688],[8.121,50.685],[8.126,50.686],[8.126,50.683],[8.12,50.677],[8.113,50.676],[8.11,50.671],[8.11,50.657],[8.114,50.653],[8.118,50.651],[8.124,50.645],[8.127,50.645],[8.127,50.642],[8.129,50.639],[8.141,50.63],[8.139,50.63],[8.141,50.627],[8.14,50.626],[8.14,50.624],[8.138,50.623],[8.139,50.62],[8.136,50.62],[8.135,50.618],[8.138,50.618],[8.126,50.61],[8.128,50.608],[8.148,50.602],[8.149,50.599],[8.152,50.599],[8.152,50.594],[8.148,50.586],[8.147,50.582],[8.14,50.572],[8.14,50.566],[8.136,50.566],[8.135,50.562],[8.133,50.562],[8.132,50.557],[8.134,50.556],[8.138,50.551],[8.119,50.548],[8.117,50.545],[8.111,50.544],[8.111,50.542],[8.114,50.539],[8.121,50.54],[8.118,50.535],[8.115,50.536],[8.103,50.533],[8.101,50.535],[8.093,50.537],[8.091,50.535],[8.087,50.538],[8.07,50.538],[8.069,50.546],[8.066,50.549],[8.049,50.553],[8.046,50.557],[8.042,50.557],[8.043,50.554],[8.041,50.553],[8.028,50.551],[8.029,50.55],[8.028,50.544],[8.014,50.535],[8.013,50.532],[8.009,50.529],[8.005,50.531],[7.993,50.522],[7.997,50.517],[7.99,50.513],[7.983,50.511],[7.986,50.503],[7.99,50.499],[7.979,50.495],[7.981,50.494],[7.979,50.488],[7.98,50.486],[7.979,50.485],[7.982,50.483],[7.986,50.483],[7.986,50.48],[7.987,50.48],[7.986,50.477],[7.987,50.475],[7.989,50.475],[7.988,50.473],[7.995,50.471],[7.995,50.468],[7.999,50.466],[8.0,50.463],[8.011,50.461],[8.009,50.458],[8.011,50.453],[8.008,50.451],[8.008,50.449],[8.0,50.447],[8.001,50.445],[7.991,50.444],[7.989,50.44],[7.975,50.438],[7.975,50.436],[7.978,50.434],[7.983,50.436],[7.988,50.435],[7.989,50.434],[7.984,50.432],[7.988,50.428],[7.984,50.426],[7.981,50.418],[7.975,50.414],[7.966,50.415],[7.964,50.412],[7.964,50.41],[7.969,50.41],[7.972,50.406],[7.978,50.406],[7.982,50.408],[7.99,50.401],[7.984,50.399],[7.987,50.398],[7.991,50.4],[8.005,50.399],[8.005,50.4],[8.008,50.399],[8.009,50.401],[8.024,50.401],[8.021,50.399],[8.02,50.386],[8.014,50.385],[8.018,50.383],[8.034,50.382],[8.038,50.383],[8.038,50.385],[8.04,50.385],[8.04,50.386],[8.043,50.386],[8.046,50.379],[8.049,50.378],[8.045,50.376],[8.046,50.375],[8.049,50.376],[8.051,50.38],[8.053,50.379],[8.051,50.376],[8.058,50.373],[8.06,50.375],[8.066,50.367],[8.067,50.358],[8.07,50.358],[8.072,50.354],[8.073,50.354],[8.077,50.348],[8.076,50.343],[8.077,50.343],[8.077,50.336],[8.073,50.334],[8.072,50.332],[8.074,50.332],[8.074,50.329],[8.094,50.33],[8.094,50.328],[8.098,50.327],[8.103,50.327],[8.102,50.324],[8.107,50.322],[8.102,50.31],[8.104,50.309],[8.104,50.307],[8.111,50.303],[8.116,50.303],[8.117,50.299],[8.119,50.3],[8.121,50.296],[8.12,50.293],[8.123,50.291],[8.12,50.289],[8.122,50.286],[8.12,50.283],[8.122,50.277],[8.113,50.271],[8.107,50.261],[8.103,50.26],[8.092,50.265],[8.084,50.261],[8.079,50.261],[8.083,50.266],[8.075,50.267],[8.072,50.273],[8.067,50.272],[8.053,50.274],[8.036,50.271],[8.036,50.265],[8.026,50.262],[8.025,50.26],[8.022,50.258],[8.025,50.254],[8.031,50.256],[8.038,50.249],[8.035,50.246],[8.039,50.246],[8.044,50.242],[8.049,50.244],[8.048,50.241],[8.059,50.234],[8.047,50.228],[8.044,50.227],[8.043,50.23],[8.04,50.229],[8.038,50.227],[8.041,50.226],[8.041,50.226],[8.033,50.221],[8.037,50.219],[8.035,50.216],[8.012,50.218],[8.013,50.22],[8.011,50.222],[8.003,50.224],[8.006,50.229],[8.001,50.229],[7.992,50.232],[7.997,50.236],[7.991,50.236],[7.99,50.239],[7.987,50.235],[7.989,50.231],[7.987,50.228],[7.978,50.225],[7.974,50.225],[7.971,50.222],[7.96,50.22],[7.953,50.22],[7.948,50.218],[7.952,50.214],[7.947,50.212],[7.947,50.21],[7.921,50.208],[7.911,50.204],[7.908,50.201],[7.912,50.196],[7.91,50.194],[7.897,50.189],[7.891,50.184],[7.883,50.181],[7.885,50.176],[7.887,50.176],[7.889,50.174],[7.884,50.17],[7.892,50.162],[7.908,50.156],[7.912,50.152],[7.917,50.151],[7.92,50.148],[7.933,50.144],[7.928,50.141],[7.923,50.135],[7.923,50.126],[7.925,50.121],[7.928,50.119],[7.925,50.115],[7.926,50.111],[7.925,50.109],[7.926,50.105],[7.93,50.104],[7.924,50.103],[7.923,50.102],[7.92,50.104],[7.92,50.108],[7.913,50.115],[7.903,50.122],[7.897,50.121],[7.885,50.114],[7.881,50.117],[7.879,50.116],[7.875,50.119],[7.865,50.121],[7.865,50.123],[7.86,50.128],[7.854,50.128],[7.845,50.123],[7.843,50.112],[7.835,50.11],[7.838,50.108],[7.838,50.107],[7.835,50.106],[7.835,50.104],[7.838,50.102],[7.837,50.1],[7.831,50.099],[7.83,50.098],[7.832,50.098],[7.832,50.096],[7.83,50.093],[7.835,50.095],[7.837,50.094],[7.833,50.092],[7.839,50.087],[7.837,50.084],[7.827,50.082],[7.822,50.084],[7.821,50.081],[7.817,50.081],[7.815,50.083],[7.803,50.085],[7.796,50.077],[7.787,50.072],[7.788,50.069],[7.782,50.067],[7.774,50.066],[7.773,50.059],[7.78,50.051],[7.792,50.044],[7.806,50.039],[7.828,50.023],[7.848,50.015],[7.854,50.011],[7.858,50.006],[7.859,50.001],[7.865,49.982],[7.871,49.976],[7.878,49.973],[7.887,49.972],[7.926,49.975],[7.939,49.974],[7.967,49.978],[8.007,49.99],[8.036,50.002],[8.05,50.005],[8.08,50.007],[8.13,50.024],[8.186,50.035],[8.233,50.031],[8.245,50.028],[8.272,50.01],[8.29,49.993],[8.308,49.984],[8.322,49.974],[8.335,49.961],[8.342,49.949],[8.343,49.941],[8.354,49.918],[8.354,49.908],[8.346,49.898],[8.343,49.889],[8.343,49.883],[8.347,49.875],[8.357,49.865],[8.375,49.862],[8.38,49.859],[8.384,49.855],[8.385,49.848],[8.378,49.831],[8.38,49.823],[8.406,49.797],[8.412,49.787],[8.415,49.776],[8.421,49.77],[8.429,49.766],[8.439,49.766],[8.47,49.769],[8.475,49.768],[8.479,49.764],[8.479,49.758],[8.455,49.742],[8.443,49.726],[8.436,49.721],[8.421,49.716],[8.388,49.709],[8.363,49.699],[8.357,49.692],[8.356,49.68],[8.363,49.666],[8.37,49.659],[8.376,49.641],[8.383,49.625],[8.393,49.615],[8.409,49.605],[8.423,49.582],[8.423,49.575],[8.415,49.562],[8.415,49.554],[8.424,49.541],[8.443,49.493],[8.457,49.48],[8.464,49.47],[8.461,49.465],[8.444,49.459],[8.442,49.455],[8.443,49.45],[8.447,49.446],[8.456,49.444],[8.488,49.444],[8.499,49.443],[8.506,49.439],[8.508,49.433],[8.497,49.411],[8.496,49.402],[8.488,49.397],[8.465,49.387],[8.463,49.384],[8.464,49.376],[8.473,49.373],[8.482,49.378],[8.494,49.387],[8.5,49.389],[8.501,49.376],[8.497,49.364],[8.492,49.357],[8.483,49.349],[8.456,49.332],[8.452,49.327],[8.45,49.323],[8.452,49.318],[8.456,49.314],[8.476,49.309],[8.485,49.304],[8.489,49.298],[8.488,49.292],[8.482,49.286],[8.469,49.284],[8.458,49.279],[8.436,49.26],[8.401,49.244],[8.391,49.236],[8.386,49.228],[8.385,49.22],[8.389,49.221],[8.394,49.225],[8.399,49.226],[8.403,49.225],[8.405,49.22],[8.399,49.208],[8.393,49.203],[8.385,49.198],[8.381,49.186],[8.368,49.168],[8.368,49.164],[8.373,49.152],[8.358,49.098],[8.346,49.085],[8.324,49.068],[8.312,49.054],[8.304,49.041],[8.297,49.014],[8.288,48.998],[8.277,48.99],[8.239,48.969],[8.233,48.967],[8.227,48.974],[8.221,48.976],[8.214,48.975],[8.208,48.97],[8.2,48.967],[8.195,48.969],[8.197,48.973],[8.196,48.973],[8.196,48.976],[8.194,48.977],[8.189,48.977],[8.185,48.978],[8.181,48.978],[8.173,48.979],[8.171,48.979],[8.17,48.977],[8.161,48.979],[8.153,48.977],[8.14,48.978],[8.131,48.983],[8.128,48.983],[8.124,48.986],[8.12,48.985],[8.115,48.987],[8.108,48.986],[8.106,48.989],[8.088,48.99],[8.085,48.993],[8.07,48.996],[8.068,48.999],[8.065,49.0],[8.064,49.005],[8.057,49.007],[8.049,49.014],[8.046,49.014],[8.031,49.019],[8.023,49.018],[8.019,49.022],[8.018,49.02],[8.013,49.021],[8.013,49.024],[8.011,49.026],[8.008,49.025],[7.996,49.029],[7.989,49.029],[7.982,49.026],[7.975,49.027],[7.975,49.03],[7.973,49.031],[7.974,49.032],[7.972,49.036],[7.967,49.036],[7.966,49.041],[7.957,49.043],[7.957,49.045],[7.949,49.047],[7.95,49.049],[7.945,49.05],[7.945,49.055],[7.941,49.054],[7.94,49.056],[7.933,49.058],[7.923,49.044],[7.917,49.041],[7.913,49.04],[7.914,49.042],[7.911,49.044],[7.911,49.045],[7.902,49.044],[7.889,49.049],[7.881,49.046],[7.88,49.044],[7.875,49.041],[7.867,49.033],[7.855,49.035],[7.852,49.038],[7.85,49.044],[7.846,49.043],[7.842,49.045],[7.83,49.047],[7.826,49.052],[7.813,49.057],[7.811,49.061],[7.794,49.066],[7.789,49.059],[7.78,49.058],[7.774,49.055],[7.769,49.048],[7.761,49.045],[7.757,49.045],[7.752,49.048],[7.747,49.046],[7.741,49.047],[7.737,49.044],[7.732,49.044],[7.731,49.056],[7.727,49.055],[7.721,49.051],[7.718,49.054],[7.708,49.053],[7.706,49.056],[7.698,49.056],[7.696,49.058],[7.692,49.054],[7.697,49.052],[7.698,49.05],[7.681,49.049],[7.675,49.045],[7.641,49.053]]]]}},{"type":"Feature","properties":{"name":"Saarland"},"geometry":{"type":"MultiPolygon","coordinates":[[[[7.197,49.119],[7.196,49.122],[7.191,49.126],[7.191,49.126],[7.19,49.128],[7.187,49.128],[7.186,49.131],[7.177,49.13],[7.178,49.129],[7.177,49.128],[7.174,49.129],[7.168,49.127],[7.165,49.129],[7.159,49.12],[7.15,49.125],[7.136,49.128],[7.131,49.132],[7.131,49.135],[7.126,49.142],[7.104,49.138],[7.103,49.142],[7.104,49.145],[7.113,49.152],[7.107,49.153],[7.106,49.155],[7.101,49.156],[7.095,49.153],[7.087,49.152],[7.084,49.153],[7.082,49.152],[7.082,49.147],[7.084,49.144],[7.082,49.142],[7.09,49.133],[7.089,49.13],[7.072,49.124],[7.069,49.12],[7.067,49.114],[7.057,49.112],[7.052,49.113],[7.047,49.116],[7.044,49.12],[7.046,49.137],[7.041,49.147],[7.032,49.157],[7.033,49.164],[7.029,49.167],[7.028,49.17],[7.029,49.176],[7.034,49.182],[7.033,49.188],[7.035,49.191],[7.028,49.191],[7.023,49.189],[7.021,49.193],[7.011,49.188],[7.009,49.194],[7.0,49.194],[6.993,49.201],[6.975,49.209],[6.973,49.209],[6.96,49.203],[6.951,49.208],[6.94,49.217],[6.938,49.222],[6.919,49.223],[6.919,49.22],[6.912,49.215],[6.901,49.214],[6.893,49.209],[6.873,49.215],[6.87,49.219],[6.859,49.223],[6.838,49.214],[6.836,49.211],[6.842,49.209],[6.852,49.2],[6.851,49.193],[6.858,49.187],[6.862,49.182],[6.862,49.179],[6.859,49.175],[6.844,49.173],[6.845,49.164],[6.848,49.157],[6.834,49.151],[6.817,49.158],[6.808,49.159],[6.803,49.162],[6.793,49.163],[6.79,49.166],[6.783,49.168],[6.761,49.165],[6.75,49.167],[6.739,49.164],[6.729,49.169],[6.727,49.173],[6.72,49.175],[6.711,49.188],[6.731,49.206],[6.723,49.219],[6.72,49.221],[6.706,49.216],[6.696,49.215],[6.689,49.222],[6.691,49.231],[6.689,49.238],[6.685,49.241],[6.686,49.243],[6.691,49.248],[6.69,49.25],[6.688,49.249],[6.684,49.253],[6.677,49.255],[6.676,49.258],[6.664,49.255],[6.661,49.258],[6.66,49.261],[6.668,49.271],[6.666,49.277],[6.67,49.28],[6.66,49.284],[6.653,49.281],[6.65,49.288],[6.644,49.29],[6.639,49.296],[6.632,49.296],[6.632,49.297],[6.622,49.303],[6.615,49.301],[6.612,49.306],[6.609,49.307],[6.605,49.312],[6.589,49.322],[6.596,49.33],[6.59,49.335],[6.591,49.336],[6.588,49.335],[6.586,49.337],[6.582,49.335],[6.578,49.335],[6.577,49.336],[6.578,49.338],[6.576,49.342],[6.571,49.343],[6.566,49.348],[6.564,49.356],[6.574,49.359],[6.582,49.356],[6.586,49.353],[6.585,49.351],[6.588,49.35],[6.59,49.355],[6.593,49.355],[6.592,49.358],[6.597,49.359],[6.596,49.36],[6.602,49.367],[6.6,49.367],[6.599,49.369],[6.595,49.372],[6.583,49.368],[6.588,49.383],[6.587,49.385],[6.58,49.386],[6.577,49.39],[6.564,49.388],[6.56,49.392],[6.552,49.394],[6.552,49.4],[6.547,49.4],[6.544,49.402],[6.541,49.401],[6.537,49.408],[6.539,49.412],[6.549,49.418],[6.553,49.417],[6.556,49.419],[6.557,49.419],[6.556,49.421],[6.554,49.42],[6.553,49.421],[6.551,49.425],[6.539,49.434],[6.538,49.433],[6.534,49.435],[6.525,49.435],[6.499,49.45],[6.486,49.452],[6.465,49.466],[6.456,49.463],[6.443,49.468],[6.441,49.467],[6.436,49.469],[6.433,49.472],[6.435,49.473],[6.429,49.476],[6.42,49.476],[6.415,49.471],[6.404,49.466],[6.393,49.464],[6.38,49.466],[6.38,49.465],[6.375,49.464],[6.374,49.466],[6.371,49.467],[6.371,49.469],[6.367,49.469],[6.369,49.489],[6.367,49.496],[6.367,49.503],[6.357,49.528],[6.357,49.532],[6.38,49.551],[6.394,49.547],[6.404,49.549],[6.411,49.547],[6.415,49.546],[6.414,49.543],[6.43,49.549],[6.438,49.546],[6.439,49.545],[6.443,49.545],[6.444,49.543],[6.447,49.542],[6.449,49.544],[6.45,49.54],[6.453,49.538],[6.464,49.544],[6.471,49.544],[6.48,49.54],[6.486,49.534],[6.494,49.531],[6.499,49.53],[6.508,49.535],[6.515,49.535],[6.515,49.529],[6.517,49.528],[6.52,49.529],[6.525,49.529],[6.539,49.539],[6.555,49.536],[6.564,49.541],[6.565,49.538],[6.572,49.536],[6.578,49.53],[6.58,49.522],[6.588,49.517],[6.595,49.519],[6.605,49.517],[6.61,49.521],[6.606,49.528],[6.61,49.53],[6.613,49.528],[6.62,49.529],[6.621,49.532],[6.618,49.536],[6.628,49.538],[6.633,49.542],[6.641,49.54],[6.641,49.538],[6.646,49.539],[6.652,49.544],[6.65,49.55],[6.652,49.551],[6.658,49.544],[6.664,49.543],[6.684,49.548],[6.689,49.536],[6.69,49.535],[6.694,49.54],[6.7,49.541],[6.709,49.553],[6.734,49.56],[6.735,49.559],[6.742,49.557],[6.754,49.56],[6.768,49.569],[6.778,49.57],[6.798,49.586],[6.813,49.592],[6.822,49.586],[6.824,49.588],[6.835,49.583],[6.84,49.587],[6.839,49.593],[6.842,49.593],[6.846,49.59],[6.857,49.605],[6.866,49.609],[6.871,49.608],[6.872,49.605],[6.88,49.601],[6.88,49.606],[6.883,49.608],[6.89,49.606],[6.891,49.608],[6.885,49.611],[6.886,49.613],[6.891,49.613],[6.89,49.615],[6.891,49.616],[6.906,49.614],[6.911,49.616],[6.921,49.617],[6.925,49.615],[6.926,49.612],[6.93,49.612],[6.931,49.614],[6.928,49.615],[6.928,49.618],[6.935,49.616],[6.938,49.618],[6.934,49.62],[6.934,49.623],[6.937,49.625],[6.933,49.629],[6.933,49.631],[6.945,49.636],[6.949,49.635],[6.949,49.626],[6.951,49.625],[6.955,49.627],[6.959,49.631],[6.96,49.629],[6.967,49.63],[6.975,49.634],[6.975,49.635],[6.978,49.636],[6.978,49.633],[6.989,49.633],[6.992,49.636],[6.992,49.633],[6.988,49.629],[6.989,49.626],[6.986,49.623],[6.986,49.621],[7.001,49.631],[7.012,49.628],[7.028,49.639],[7.059,49.63],[7.068,49.624],[7.073,49.617],[7.08,49.612],[7.085,49.605],[7.084,49.603],[7.087,49.602],[7.088,49.6],[7.093,49.604],[7.101,49.602],[7.1,49.606],[7.103,49.604],[7.105,49.599],[7.118,49.596],[7.139,49.597],[7.143,49.599],[7.146,49.603],[7.149,49.604],[7.154,49.603],[7.165,49.597],[7.174,49.599],[7.175,49.595],[7.173,49.588],[7.171,49.588],[7.173,49.585],[7.182,49.583],[7.187,49.58],[7.187,49.576],[7.188,49.576],[7.197,49.578],[7.21,49.577],[7.214,49.575],[7.21,49.568],[7.213,49.566],[7.224,49.565],[7.231,49.568],[7.241,49.569],[7.242,49.571],[7.241,49.573],[7.253,49.574],[7.259,49.578],[7.261,49.583],[7.269,49.584],[7.262,49.574],[7.268,49.568],[7.269,49.565],[7.268,49.564],[7.275,49.561],[7.273,49.555],[7.275,49.55],[7.277,49.549],[7.276,49.545],[7.276,49.538],[7.291,49.535],[7.302,49.535],[7.299,49.531],[7.3,49.53],[7.301,49.53],[7.303,49.527],[7.307,49.526],[7.31,49.523],[7.307,49.522],[7.308,49.52],[7.301,49.518],[7.299,49.518],[7.299,49.519],[7.302,49.52],[7.302,49.522],[7.299,49.521],[7.297,49.523],[7.292,49.522],[7.293,49.52],[7.286,49.517],[7.289,49.513],[7.283,49.511],[7.282,49.506],[7.285,49.505],[7.283,49.502],[7.287,49.501],[7.287,49.499],[7.283,49.495],[7.282,49.489],[7.28,49.487],[7.282,49.486],[7.278,49.484],[7.293,49.482],[7.297,49.484],[7.301,49.477],[7.304,49.476],[7.305,49.472],[7.301,49.469],[7.301,49.467],[7.286,49.46],[7.287,49.458],[7.275,49.456],[7.273,49.454],[7.274,49.452],[7.266,49.452],[7.246,49.446],[7.255,49.441],[7.252,49.437],[7.254,49.436],[7.25,49.435],[7.254,49.43],[7.256,49.43],[7.257,49.426],[7.26,49.426],[7.261,49.424],[7.273,49.424],[7.279,49.421],[7.279,49.419],[7.286,49.417],[7.29,49.415],[7.29,49.411],[7.297,49.405],[7.294,49.401],[7.299,49.398],[7.29,49.393],[7.292,49.393],[7.289,49.389],[7.3,49.388],[7.299,49.389],[7.302,49.389],[7.304,49.389],[7.303,49.387],[7.316,49.384],[7.318,49.381],[7.331,49.379],[7.341,49.381],[7.356,49.38],[7.355,49.374],[7.369,49.374],[7.369,49.37],[7.367,49.369],[7.367,49.363],[7.396,49.372],[7.4,49.372],[7.402,49.368],[7.393,49.364],[7.403,49.356],[7.399,49.354],[7.391,49.353],[7.39,49.35],[7.399,49.35],[7.398,49.348],[7.404,49.346],[7.401,49.344],[7.401,49.343],[7.403,49.343],[7.399,49.34],[7.4,49.337],[7.396,49.336],[7.396,49.332],[7.393,49.328],[7.384,49.322],[7.378,49.32],[7.378,49.319],[7.381,49.317],[7.386,49.321],[7.392,49.321],[7.394,49.315],[7.39,49.312],[7.392,49.31],[7.384,49.31],[7.381,49.307],[7.38,49.298],[7.385,49.294],[7.375,49.283],[7.372,49.281],[7.367,49.283],[7.365,49.282],[7.365,49.278],[7.355,49.282],[7.356,49.284],[7.348,49.281],[7.341,49.282],[7.335,49.278],[7.336,49.276],[7.343,49.274],[7.344,49.27],[7.339,49.264],[7.325,49.258],[7.328,49.255],[7.325,49.248],[7.323,49.248],[7.316,49.252],[7.312,49.255],[7.312,49.257],[7.306,49.256],[7.307,49.255],[7.303,49.251],[7.303,49.245],[7.289,49.238],[7.291,49.237],[7.289,49.236],[7.295,49.235],[7.289,49.231],[7.304,49.222],[7.303,49.222],[7.303,49.217],[7.298,49.214],[7.298,49.211],[7.301,49.209],[7.296,49.205],[7.298,49.204],[7.303,49.206],[7.306,49.201],[7.321,49.188],[7.327,49.188],[7.338,49.184],[7.335,49.181],[7.336,49.176],[7.343,49.173],[7.35,49.163],[7.354,49.161],[7.361,49.161],[7.363,49.158],[7.367,49.162],[7.369,49.161],[7.363,49.157],[7.361,49.153],[7.363,49.145],[7.362,49.145],[7.363,49.143],[7.345,49.143],[7.341,49.145],[7.33,49.145],[7.321,49.141],[7.314,49.137],[7.31,49.129],[7.306,49.127],[7.304,49.123],[7.298,49.117],[7.293,49.115],[7.282,49.117],[7.284,49.123],[7.282,49.124],[7.278,49.123],[7.272,49.124],[7.266,49.123],[7.249,49.127],[7.245,49.13],[7.227,49.126],[7.205,49.124],[7.2,49.116],[7.198,49.115],[7.197,49.119]]]]}},{"type":"Feature","properties":{"name":"Sachsen"},"geometry":{"type":"MultiPolygon","coordinates":[[[[12.355,50.248],[12.359,50.242],[12.357,50.243],[12.351,50.239],[12.355,50.238],[12.35,50.238],[12.349,50.236],[12.342,50.241],[12.331,50.243],[12.332,50.239],[12.328,50.235],[12.333,50.234],[12.329,50.225],[12.335,50.221],[12.335,50.217],[12.326,50.219],[12.328,50.212],[12.323,50.208],[12.326,50.202],[12.332,50.201],[12.338,50.193],[12.336,50.188],[12.329,50.186],[12.328,50.183],[12.324,50.181],[12.328,50.18],[12.328,50.176],[12.338,50.173],[12.333,50.172],[12.323,50.172],[12.303,50.175],[12.295,50.175],[12.29,50.177],[12.292,50.178],[12.29,50.178],[12.292,50.181],[12.289,50.186],[12.286,50.185],[12.284,50.187],[12.285,50.19],[12.282,50.188],[12.277,50.192],[12.277,50.195],[12.275,50.197],[12.278,50.2],[12.282,50.2],[12.289,50.204],[12.285,50.206],[12.289,50.209],[12.289,50.21],[12.282,50.208],[12.283,50.214],[12.294,50.221],[12.286,50.223],[12.279,50.222],[12.279,50.225],[12.286,50.225],[12.275,50.233],[12.267,50.232],[12.263,50.234],[12.266,50.234],[12.255,50.237],[12.251,50.242],[12.24,50.246],[12.242,50.251],[12.246,50.251],[12.25,50.254],[12.246,50.256],[12.248,50.258],[12.255,50.251],[12.259,50.252],[12.266,50.25],[12.265,50.252],[12.266,50.259],[12.261,50.261],[12.254,50.271],[12.248,50.27],[12.247,50.268],[12.23,50.271],[12.213,50.27],[12.201,50.273],[12.2,50.274],[12.202,50.276],[12.202,50.288],[12.196,50.293],[12.198,50.305],[12.201,50.309],[12.2,50.309],[12.198,50.307],[12.187,50.312],[12.183,50.318],[12.185,50.319],[12.184,50.322],[12.147,50.322],[12.13,50.319],[12.125,50.315],[12.116,50.316],[12.114,50.317],[12.116,50.321],[12.11,50.321],[12.107,50.322],[12.101,50.318],[12.098,50.323],[12.095,50.323],[12.094,50.325],[12.09,50.324],[12.092,50.329],[12.09,50.331],[12.092,50.332],[12.091,50.333],[12.086,50.332],[12.088,50.33],[12.085,50.331],[12.082,50.33],[12.083,50.328],[12.08,50.327],[12.076,50.328],[12.075,50.33],[12.071,50.329],[12.069,50.331],[12.064,50.333],[12.061,50.331],[12.063,50.329],[12.062,50.329],[12.056,50.332],[12.059,50.327],[12.058,50.326],[12.052,50.331],[12.046,50.331],[12.049,50.329],[12.049,50.326],[12.047,50.325],[12.046,50.33],[12.039,50.337],[12.037,50.336],[12.042,50.331],[12.032,50.33],[12.03,50.337],[12.031,50.339],[12.028,50.341],[12.022,50.339],[12.019,50.34],[12.015,50.344],[12.015,50.348],[12.008,50.346],[11.997,50.347],[11.996,50.349],[11.998,50.352],[11.997,50.354],[11.988,50.351],[11.982,50.35],[11.977,50.352],[11.976,50.352],[11.983,50.357],[11.981,50.362],[11.976,50.362],[11.98,50.364],[11.98,50.365],[11.985,50.365],[11.982,50.366],[11.984,50.367],[11.979,50.368],[11.979,50.37],[11.985,50.375],[11.979,50.38],[11.981,50.382],[11.981,50.384],[11.984,50.389],[11.981,50.388],[11.978,50.391],[11.975,50.391],[11.97,50.394],[11.969,50.397],[11.965,50.4],[11.96,50.395],[11.957,50.397],[11.949,50.395],[11.948,50.4],[11.954,50.406],[11.952,50.406],[11.954,50.407],[11.944,50.412],[11.946,50.416],[11.939,50.418],[11.935,50.424],[11.93,50.421],[11.919,50.425],[11.924,50.426],[11.927,50.429],[11.928,50.432],[11.916,50.433],[11.912,50.436],[11.909,50.435],[11.908,50.437],[11.906,50.434],[11.904,50.435],[11.904,50.437],[11.9,50.435],[11.893,50.44],[11.891,50.44],[11.889,50.444],[11.895,50.444],[11.895,50.45],[11.903,50.452],[11.905,50.454],[11.91,50.453],[11.919,50.454],[11.921,50.458],[11.92,50.46],[11.928,50.459],[11.932,50.464],[11.936,50.459],[11.939,50.459],[11.947,50.454],[11.951,50.454],[11.952,50.456],[11.943,50.46],[11.949,50.464],[11.948,50.465],[11.944,50.464],[11.944,50.465],[11.941,50.468],[11.944,50.471],[11.939,50.47],[11.938,50.472],[11.943,50.474],[11.943,50.477],[11.947,50.479],[11.959,50.479],[11.962,50.483],[11.965,50.484],[11.964,50.487],[11.96,50.492],[11.957,50.492],[11.951,50.496],[11.944,50.506],[11.94,50.503],[11.934,50.506],[11.93,50.513],[11.933,50.521],[11.928,50.523],[11.925,50.526],[11.919,50.522],[11.918,50.526],[11.916,50.525],[11.915,50.522],[11.919,50.519],[11.918,50.517],[11.899,50.516],[11.894,50.518],[11.888,50.517],[11.871,50.54],[11.88,50.546],[11.883,50.551],[11.885,50.552],[11.901,50.553],[11.905,50.556],[11.914,50.556],[11.918,50.561],[11.92,50.56],[11.919,50.558],[11.921,50.556],[11.926,50.557],[11.927,50.558],[11.922,50.558],[11.923,50.561],[11.925,50.564],[11.928,50.564],[11.927,50.566],[11.934,50.569],[11.929,50.574],[11.931,50.576],[11.93,50.578],[11.924,50.586],[11.936,50.587],[11.94,50.59],[11.95,50.594],[11.957,50.599],[11.957,50.601],[11.96,50.605],[11.962,50.601],[11.966,50.6],[11.987,50.609],[11.989,50.611],[11.983,50.615],[11.984,50.618],[11.979,50.621],[11.999,50.627],[12.003,50.63],[12.001,50.633],[12.004,50.635],[12.01,50.636],[12.022,50.626],[12.012,50.621],[12.009,50.616],[12.005,50.614],[12.005,50.612],[12.021,50.599],[12.028,50.597],[12.031,50.598],[12.035,50.595],[12.031,50.582],[12.034,50.583],[12.036,50.581],[12.018,50.568],[12.025,50.56],[12.031,50.558],[12.032,50.555],[12.028,50.554],[12.034,50.553],[12.031,50.552],[12.03,50.549],[12.041,50.553],[12.049,50.553],[12.052,50.551],[12.057,50.553],[12.06,50.552],[12.066,50.556],[12.073,50.555],[12.077,50.559],[12.078,50.562],[12.075,50.567],[12.079,50.569],[12.078,50.577],[12.084,50.579],[12.101,50.579],[12.106,50.573],[12.116,50.567],[12.123,50.568],[12.128,50.574],[12.156,50.574],[12.161,50.58],[12.156,50.586],[12.152,50.583],[12.145,50.586],[12.14,50.583],[12.135,50.582],[12.126,50.584],[12.133,50.588],[12.125,50.584],[12.11,50.589],[12.113,50.59],[12.116,50.597],[12.143,50.603],[12.147,50.606],[12.145,50.61],[12.15,50.613],[12.149,50.615],[12.151,50.616],[12.146,50.621],[12.148,50.625],[12.146,50.626],[12.15,50.627],[12.15,50.629],[12.154,50.63],[12.163,50.63],[12.165,50.628],[12.17,50.629],[12.17,50.628],[12.176,50.624],[12.174,50.621],[12.178,50.619],[12.175,50.614],[12.183,50.612],[12.191,50.614],[12.19,50.616],[12.192,50.619],[12.188,50.623],[12.2,50.633],[12.201,50.635],[12.198,50.641],[12.207,50.64],[12.207,50.637],[12.21,50.635],[12.217,50.634],[12.217,50.632],[12.226,50.63],[12.231,50.633],[12.231,50.628],[12.233,50.627],[12.241,50.629],[12.241,50.633],[12.245,50.634],[12.265,50.631],[12.267,50.635],[12.264,50.643],[12.268,50.645],[12.281,50.645],[12.28,50.647],[12.29,50.648],[12.299,50.652],[12.303,50.657],[12.303,50.662],[12.318,50.663],[12.314,50.671],[12.322,50.681],[12.319,50.684],[12.315,50.685],[12.309,50.683],[12.299,50.684],[12.297,50.687],[12.284,50.685],[12.278,50.688],[12.275,50.686],[12.263,50.695],[12.262,50.7],[12.266,50.701],[12.265,50.704],[12.261,50.706],[12.257,50.713],[12.253,50.716],[12.258,50.719],[12.263,50.72],[12.266,50.724],[12.271,50.725],[12.273,50.728],[12.273,50.73],[12.269,50.731],[12.265,50.737],[12.238,50.733],[12.235,50.733],[12.234,50.736],[12.231,50.738],[12.227,50.738],[12.23,50.743],[12.228,50.744],[12.227,50.742],[12.227,50.746],[12.229,50.75],[12.229,50.758],[12.234,50.76],[12.241,50.767],[12.242,50.768],[12.245,50.765],[12.264,50.761],[12.269,50.763],[12.276,50.769],[12.284,50.773],[12.29,50.783],[12.288,50.784],[12.288,50.79],[12.268,50.787],[12.253,50.789],[12.252,50.791],[12.255,50.795],[12.25,50.799],[12.254,50.8],[12.243,50.809],[12.251,50.815],[12.251,50.818],[12.253,50.818],[12.26,50.812],[12.267,50.814],[12.269,50.812],[12.275,50.814],[12.273,50.816],[12.277,50.818],[12.278,50.81],[12.28,50.81],[12.286,50.812],[12.286,50.82],[12.291,50.822],[12.29,50.824],[12.293,50.824],[12.296,50.817],[12.3,50.816],[12.302,50.817],[12.298,50.821],[12.296,50.828],[12.299,50.83],[12.307,50.819],[12.316,50.819],[12.321,50.822],[12.334,50.82],[12.333,50.822],[12.348,50.824],[12.347,50.832],[12.35,50.833],[12.348,50.835],[12.348,50.837],[12.362,50.842],[12.365,50.844],[12.365,50.846],[12.375,50.849],[12.374,50.853],[12.378,50.854],[12.377,50.849],[12.387,50.851],[12.393,50.849],[12.403,50.849],[12.406,50.85],[12.407,50.857],[12.415,50.856],[12.418,50.855],[12.412,50.847],[12.42,50.84],[12.429,50.844],[12.438,50.842],[12.443,50.844],[12.44,50.846],[12.441,50.849],[12.448,50.856],[12.444,50.863],[12.449,50.866],[12.448,50.867],[12.464,50.87],[12.461,50.872],[12.464,50.874],[12.459,50.88],[12.482,50.889],[12.48,50.891],[12.485,50.894],[12.487,50.891],[12.49,50.893],[12.511,50.894],[12.513,50.896],[12.508,50.904],[12.521,50.908],[12.525,50.903],[12.538,50.901],[12.553,50.906],[12.56,50.906],[12.566,50.903],[12.569,50.904],[12.573,50.901],[12.581,50.902],[12.585,50.904],[12.592,50.903],[12.606,50.906],[12.615,50.905],[12.62,50.909],[12.624,50.909],[12.625,50.906],[12.64,50.903],[12.641,50.911],[12.647,50.916],[12.654,50.919],[12.653,50.924],[12.642,50.929],[12.642,50.933],[12.638,50.933],[12.631,50.94],[12.624,50.94],[12.625,50.942],[12.63,50.943],[12.622,50.963],[12.621,50.976],[12.618,50.979],[12.616,50.985],[12.607,50.991],[12.607,50.997],[12.602,50.995],[12.601,50.993],[12.594,50.992],[12.592,50.993],[12.592,50.991],[12.581,50.989],[12.579,50.985],[12.584,50.983],[12.584,50.982],[12.577,50.984],[12.573,50.99],[12.556,50.996],[12.556,50.998],[12.551,50.998],[12.539,50.996],[12.527,50.999],[12.527,51.002],[12.534,51.005],[12.54,51.006],[12.539,51.011],[12.535,51.016],[12.536,51.016],[12.537,51.02],[12.539,51.02],[12.54,51.022],[12.538,51.022],[12.539,51.024],[12.531,51.025],[12.519,51.023],[12.518,51.027],[12.514,51.027],[12.516,51.018],[12.513,51.017],[12.507,51.017],[12.509,51.026],[12.512,51.026],[12.506,51.03],[12.503,51.035],[12.505,51.04],[12.504,51.044],[12.505,51.045],[12.502,51.052],[12.509,51.053],[12.502,51.064],[12.499,51.064],[12.496,51.066],[12.47,51.064],[12.468,51.068],[12.463,51.067],[12.463,51.069],[12.46,51.07],[12.461,51.073],[12.458,51.084],[12.453,51.084],[12.45,51.079],[12.451,51.077],[12.421,51.078],[12.413,51.076],[12.41,51.073],[12.398,51.078],[12.393,51.084],[12.386,51.084],[12.386,51.081],[12.385,51.08],[12.375,51.077],[12.361,51.08],[12.354,51.085],[12.357,51.094],[12.332,51.104],[12.322,51.097],[12.323,51.096],[12.322,51.095],[12.312,51.094],[12.307,51.094],[12.305,51.097],[12.292,51.092],[12.289,51.092],[12.289,51.09],[12.285,51.091],[12.28,51.096],[12.279,51.095],[12.278,51.097],[12.279,51.099],[12.263,51.1],[12.261,51.098],[12.253,51.097],[12.252,51.1],[12.244,51.1],[12.244,51.102],[12.241,51.102],[12.241,51.103],[12.23,51.104],[12.231,51.104],[12.227,51.106],[12.226,51.108],[12.221,51.11],[12.224,51.111],[12.223,51.112],[12.225,51.115],[12.223,51.116],[12.225,51.119],[12.222,51.119],[12.223,51.121],[12.22,51.121],[12.221,51.123],[12.224,51.123],[12.226,51.122],[12.226,51.12],[12.229,51.12],[12.232,51.124],[12.235,51.123],[12.239,51.126],[12.237,51.128],[12.242,51.131],[12.23,51.136],[12.196,51.142],[12.197,51.147],[12.198,51.149],[12.197,51.16],[12.202,51.161],[12.202,51.166],[12.206,51.171],[12.212,51.172],[12.212,51.175],[12.209,51.176],[12.212,51.179],[12.213,51.184],[12.193,51.185],[12.175,51.181],[12.174,51.19],[12.181,51.19],[12.187,51.191],[12.186,51.194],[12.192,51.196],[12.19,51.204],[12.201,51.213],[12.205,51.214],[12.204,51.217],[12.198,51.217],[12.193,51.235],[12.192,51.237],[12.2,51.238],[12.199,51.24],[12.195,51.239],[12.193,51.241],[12.189,51.258],[12.174,51.258],[12.173,51.266],[12.166,51.266],[12.166,51.268],[12.169,51.27],[12.171,51.275],[12.172,51.286],[12.17,51.286],[12.169,51.294],[12.157,51.292],[12.155,51.301],[12.158,51.302],[12.155,51.31],[12.148,51.32],[12.165,51.321],[12.165,51.326],[12.167,51.327],[12.194,51.33],[12.193,51.34],[12.194,51.343],[12.192,51.343],[12.19,51.351],[12.191,51.354],[12.195,51.354],[12.196,51.36],[12.192,51.36],[12.192,51.362],[12.186,51.362],[12.186,51.366],[12.194,51.369],[12.193,51.371],[12.183,51.368],[12.182,51.368],[12.183,51.374],[12.19,51.376],[12.19,51.38],[12.187,51.378],[12.184,51.378],[12.181,51.376],[12.178,51.375],[12.175,51.376],[12.178,51.377],[12.175,51.379],[12.177,51.38],[12.172,51.384],[12.185,51.388],[12.184,51.389],[12.178,51.389],[12.175,51.4],[12.178,51.401],[12.178,51.404],[12.174,51.41],[12.183,51.411],[12.183,51.414],[12.187,51.414],[12.19,51.421],[12.186,51.421],[12.182,51.432],[12.171,51.434],[12.17,51.43],[12.157,51.433],[12.158,51.444],[12.154,51.444],[12.154,51.446],[12.158,51.446],[12.158,51.451],[12.153,51.453],[12.153,51.458],[12.149,51.459],[12.149,51.463],[12.153,51.463],[12.155,51.465],[12.163,51.466],[12.163,51.467],[12.173,51.468],[12.173,51.47],[12.175,51.47],[12.176,51.482],[12.203,51.485],[12.201,51.49],[12.207,51.492],[12.205,51.498],[12.208,51.498],[12.208,51.503],[12.197,51.503],[12.196,51.507],[12.192,51.506],[12.19,51.508],[12.194,51.508],[12.194,51.519],[12.191,51.52],[12.191,51.525],[12.193,51.525],[12.193,51.531],[12.202,51.531],[12.201,51.535],[12.207,51.535],[12.207,51.54],[12.21,51.54],[12.21,51.542],[12.222,51.544],[12.219,51.547],[12.231,51.547],[12.23,51.553],[12.236,51.553],[12.236,51.556],[12.234,51.556],[12.233,51.561],[12.237,51.562],[12.241,51.566],[12.246,51.566],[12.25,51.562],[12.251,51.559],[12.253,51.561],[12.293,51.561],[12.293,51.565],[12.296,51.565],[12.297,51.567],[12.301,51.566],[12.313,51.569],[12.317,51.573],[12.321,51.575],[12.319,51.578],[12.337,51.58],[12.339,51.579],[12.344,51.581],[12.343,51.583],[12.336,51.585],[12.337,51.586],[12.348,51.584],[12.348,51.587],[12.368,51.583],[12.369,51.585],[12.374,51.584],[12.367,51.587],[12.367,51.588],[12.382,51.585],[12.385,51.587],[12.392,51.586],[12.39,51.587],[12.392,51.588],[12.396,51.587],[12.397,51.585],[12.411,51.582],[12.417,51.583],[12.425,51.582],[12.425,51.588],[12.424,51.588],[12.427,51.599],[12.433,51.598],[12.434,51.599],[12.437,51.599],[12.438,51.602],[12.433,51.604],[12.433,51.606],[12.438,51.605],[12.444,51.61],[12.448,51.61],[12.45,51.606],[12.461,51.603],[12.471,51.605],[12.486,51.604],[12.487,51.601],[12.477,51.596],[12.483,51.593],[12.49,51.598],[12.498,51.597],[12.498,51.603],[12.495,51.604],[12.504,51.605],[12.507,51.608],[12.516,51.606],[12.534,51.606],[12.539,51.602],[12.545,51.604],[12.542,51.607],[12.552,51.609],[12.56,51.608],[12.563,51.614],[12.57,51.617],[12.575,51.615],[12.58,51.626],[12.586,51.626],[12.586,51.622],[12.591,51.623],[12.592,51.618],[12.595,51.618],[12.599,51.623],[12.606,51.627],[12.624,51.628],[12.629,51.625],[12.624,51.622],[12.622,51.616],[12.612,51.614],[12.608,51.611],[12.623,51.616],[12.637,51.617],[12.649,51.62],[12.649,51.625],[12.653,51.626],[12.658,51.63],[12.666,51.632],[12.668,51.637],[12.666,51.642],[12.677,51.65],[12.679,51.656],[12.688,51.662],[12.699,51.66],[12.706,51.662],[12.717,51.661],[12.731,51.656],[12.74,51.656],[12.75,51.65],[12.76,51.65],[12.765,51.648],[12.765,51.647],[12.773,51.648],[12.782,51.654],[12.79,51.664],[12.793,51.666],[12.806,51.667],[12.818,51.67],[12.82,51.673],[12.832,51.676],[12.828,51.682],[12.832,51.681],[12.842,51.682],[12.844,51.685],[12.846,51.684],[12.849,51.681],[12.85,51.681],[12.854,51.678],[12.856,51.679],[12.859,51.676],[12.857,51.673],[12.859,51.672],[12.861,51.675],[12.862,51.674],[12.861,51.665],[12.867,51.664],[12.864,51.661],[12.865,51.658],[12.867,51.657],[12.865,51.656],[12.866,51.655],[12.873,51.658],[12.88,51.659],[12.889,51.667],[12.895,51.664],[12.893,51.655],[12.891,51.656],[12.891,51.654],[12.898,51.647],[12.909,51.647],[12.913,51.644],[12.915,51.645],[12.915,51.648],[12.928,51.65],[12.936,51.646],[12.942,51.638],[12.95,51.644],[12.952,51.644],[12.95,51.649],[12.958,51.651],[12.963,51.65],[12.965,51.651],[12.972,51.65],[12.967,51.666],[12.979,51.663],[12.982,51.665],[12.977,51.666],[12.978,51.668],[12.996,51.669],[12.999,51.667],[13.001,51.667],[13.005,51.662],[13.012,51.665],[13.018,51.66],[13.021,51.653],[13.018,51.644],[13.024,51.637],[13.051,51.648],[13.077,51.621],[13.076,51.62],[13.081,51.618],[13.086,51.608],[13.094,51.606],[13.098,51.608],[13.097,51.609],[13.105,51.61],[13.103,51.612],[13.1,51.611],[13.097,51.616],[13.104,51.617],[13.107,51.612],[13.112,51.613],[13.11,51.615],[13.115,51.616],[13.115,51.618],[13.121,51.619],[13.134,51.606],[13.144,51.6],[13.144,51.598],[13.155,51.6],[13.162,51.592],[13.155,51.589],[13.153,51.582],[13.141,51.571],[13.142,51.571],[13.143,51.568],[13.147,51.564],[13.147,51.563],[13.159,51.564],[13.161,51.559],[13.186,51.558],[13.19,51.54],[13.2,51.526],[13.208,51.524],[13.206,51.518],[13.208,51.51],[13.207,51.505],[13.202,51.504],[13.204,51.499],[13.201,51.498],[13.203,51.496],[13.197,51.495],[13.201,51.492],[13.197,51.488],[13.192,51.488],[13.189,51.491],[13.182,51.492],[13.186,51.489],[13.187,51.486],[13.183,51.476],[13.183,51.471],[13.19,51.465],[13.203,51.459],[13.204,51.457],[13.203,51.451],[13.193,51.442],[13.192,51.437],[13.185,51.438],[13.175,51.433],[13.174,51.428],[13.185,51.424],[13.188,51.426],[13.187,51.431],[13.189,51.434],[13.193,51.436],[13.198,51.434],[13.204,51.429],[13.202,51.416],[13.214,51.397],[13.217,51.395],[13.238,51.395],[13.243,51.393],[13.251,51.394],[13.251,51.393],[13.256,51.392],[13.263,51.388],[13.264,51.385],[13.268,51.385],[13.27,51.391],[13.264,51.391],[13.264,51.395],[13.259,51.395],[13.26,51.4],[13.286,51.399],[13.286,51.41],[13.287,51.411],[13.309,51.418],[13.311,51.422],[13.314,51.423],[13.328,51.427],[13.326,51.429],[13.326,51.434],[13.32,51.438],[13.333,51.437],[13.334,51.433],[13.338,51.429],[13.349,51.433],[13.357,51.432],[13.358,51.434],[13.37,51.43],[13.377,51.425],[13.383,51.426],[13.383,51.428],[13.377,51.433],[13.378,51.435],[13.375,51.435],[13.373,51.438],[13.382,51.436],[13.388,51.441],[13.389,51.444],[13.388,51.448],[13.401,51.454],[13.409,51.45],[13.406,51.446],[13.411,51.443],[13.412,51.439],[13.42,51.439],[13.422,51.435],[13.426,51.434],[13.428,51.431],[13.427,51.43],[13.428,51.429],[13.422,51.425],[13.421,51.422],[13.428,51.422],[13.433,51.428],[13.435,51.428],[13.434,51.426],[13.44,51.428],[13.446,51.426],[13.444,51.429],[13.446,51.431],[13.45,51.423],[13.461,51.422],[13.463,51.423],[13.463,51.426],[13.474,51.418],[13.466,51.422],[13.463,51.412],[13.491,51.408],[13.494,51.403],[13.503,51.405],[13.513,51.402],[13.521,51.402],[13.522,51.393],[13.525,51.384],[13.523,51.381],[13.538,51.381],[13.538,51.377],[13.543,51.369],[13.546,51.369],[13.551,51.379],[13.556,51.379],[13.57,51.386],[13.59,51.384],[13.588,51.382],[13.592,51.378],[13.591,51.375],[13.596,51.374],[13.594,51.369],[13.617,51.37],[13.617,51.371],[13.632,51.368],[13.648,51.37],[13.662,51.369],[13.668,51.376],[13.683,51.368],[13.691,51.374],[13.706,51.365],[13.713,51.364],[13.727,51.365],[13.739,51.361],[13.753,51.366],[13.758,51.371],[13.767,51.371],[13.769,51.369],[13.768,51.368],[13.765,51.368],[13.765,51.365],[13.763,51.365],[13.763,51.359],[13.765,51.361],[13.767,51.361],[13.768,51.363],[13.777,51.362],[13.781,51.369],[13.788,51.371],[13.808,51.373],[13.819,51.37],[13.829,51.376],[13.835,51.377],[13.836,51.381],[13.833,51.383],[13.833,51.384],[13.863,51.382],[13.868,51.377],[13.883,51.375],[13.894,51.378],[13.909,51.379],[13.91,51.379],[13.908,51.383],[13.92,51.385],[13.935,51.389],[13.939,51.389],[13.951,51.396],[13.961,51.397],[13.972,51.394],[13.972,51.384],[13.97,51.376],[14.001,51.373],[13.999,51.381],[13.996,51.383],[13.997,51.385],[14.006,51.388],[14.008,51.392],[14.004,51.393],[14.004,51.396],[14.013,51.398],[14.028,51.396],[14.026,51.401],[14.017,51.401],[14.016,51.405],[14.021,51.408],[14.027,51.408],[14.037,51.417],[14.045,51.419],[14.044,51.425],[14.038,51.428],[14.046,51.429],[14.043,51.433],[14.037,51.435],[14.04,51.437],[14.063,51.446],[14.055,51.449],[14.053,51.453],[14.055,51.461],[14.036,51.472],[14.033,51.475],[14.039,51.48],[14.073,51.472],[14.087,51.477],[14.089,51.479],[14.076,51.489],[14.074,51.493],[14.088,51.494],[14.093,51.498],[14.096,51.498],[14.095,51.502],[14.1,51.508],[14.101,51.514],[14.108,51.522],[14.117,51.523],[14.135,51.521],[14.138,51.523],[14.142,51.523],[14.133,51.528],[14.13,51.534],[14.131,51.538],[14.137,51.543],[14.144,51.544],[14.147,51.541],[14.158,51.54],[14.166,51.541],[14.175,51.539],[14.188,51.541],[14.199,51.539],[14.213,51.54],[14.221,51.538],[14.228,51.535],[14.226,51.534],[14.229,51.533],[14.244,51.533],[14.245,51.53],[14.242,51.53],[14.242,51.529],[14.247,51.528],[14.253,51.529],[14.254,51.532],[14.257,51.532],[14.274,51.532],[14.289,51.528],[14.293,51.525],[14.306,51.524],[14.323,51.519],[14.326,51.516],[14.325,51.507],[14.33,51.507],[14.332,51.505],[14.338,51.506],[14.342,51.511],[14.341,51.513],[14.344,51.517],[14.339,51.518],[14.34,51.521],[14.354,51.521],[14.363,51.525],[14.365,51.527],[14.376,51.533],[14.387,51.534],[14.387,51.538],[14.386,51.54],[14.387,51.542],[14.399,51.542],[14.409,51.537],[14.415,51.54],[14.441,51.545],[14.448,51.542],[14.447,51.553],[14.454,51.556],[14.5,51.559],[14.507,51.557],[14.509,51.558],[14.515,51.554],[14.525,51.559],[14.541,51.56],[14.545,51.562],[14.547,51.564],[14.544,51.574],[14.554,51.572],[14.561,51.574],[14.566,51.58],[14.57,51.581],[14.581,51.58],[14.582,51.579],[14.583,51.575],[14.593,51.574],[14.598,51.572],[14.602,51.561],[14.606,51.557],[14.604,51.555],[14.607,51.553],[14.61,51.55],[14.632,51.551],[14.64,51.554],[14.664,51.554],[14.664,51.553],[14.67,51.553],[14.674,51.551],[14.681,51.554],[14.691,51.563],[14.696,51.575],[14.693,51.576],[14.707,51.577],[14.704,51.583],[14.698,51.59],[14.697,51.597],[14.7,51.597],[14.708,51.597],[14.711,51.596],[14.721,51.589],[14.721,51.586],[14.73,51.582],[14.727,51.575],[14.711,51.563],[14.716,51.555],[14.724,51.554],[14.729,51.55],[14.731,51.544],[14.726,51.539],[14.729,51.536],[14.729,51.531],[14.734,51.529],[14.736,51.526],[14.743,51.525],[14.752,51.522],[14.761,51.523],[14.765,51.519],[14.784,51.519],[14.788,51.517],[14.796,51.518],[14.799,51.515],[14.805,51.514],[14.812,51.506],[14.819,51.508],[14.832,51.504],[14.835,51.499],[14.838,51.499],[14.84,51.496],[14.844,51.495],[14.852,51.49],[14.866,51.49],[14.871,51.485],[14.887,51.488],[14.898,51.482],[14.908,51.484],[14.922,51.482],[14.925,51.479],[14.926,51.474],[14.949,51.471],[14.956,51.463],[14.956,51.459],[14.963,51.453],[14.967,51.446],[14.974,51.442],[14.974,51.437],[14.971,51.433],[14.963,51.434],[14.959,51.431],[14.96,51.429],[14.966,51.427],[14.964,51.423],[14.967,51.417],[14.964,51.412],[14.959,51.41],[14.963,51.408],[14.968,51.403],[14.969,51.398],[14.963,51.398],[14.958,51.396],[14.963,51.394],[14.966,51.391],[14.965,51.387],[14.969,51.382],[14.969,51.379],[14.975,51.378],[14.984,51.374],[14.978,51.37],[14.977,51.365],[14.965,51.361],[14.967,51.359],[14.973,51.36],[14.976,51.357],[14.976,51.354],[14.977,51.353],[14.979,51.348],[14.977,51.346],[14.978,51.342],[14.981,51.34],[14.981,51.337],[14.986,51.332],[14.986,51.329],[14.993,51.329],[14.994,51.327],[14.992,51.324],[14.993,51.323],[14.998,51.321],[15.002,51.32],[15.005,51.317],[15.009,51.316],[15.007,51.311],[15.013,51.309],[15.014,51.304],[15.012,51.301],[15.022,51.301],[15.029,51.297],[15.03,51.295],[15.034,51.294],[15.032,51.288],[15.033,51.285],[15.035,51.283],[15.034,51.278],[15.042,51.274],[15.042,51.273],[15.037,51.27],[15.038,51.267],[15.036,51.265],[15.036,51.262],[15.038,51.258],[15.032,51.257],[15.03,51.255],[15.025,51.254],[15.023,51.25],[15.026,51.249],[15.03,51.251],[15.031,51.248],[15.038,51.244],[15.034,51.241],[15.028,51.242],[15.027,51.24],[15.029,51.237],[15.024,51.235],[15.027,51.234],[15.026,51.232],[15.016,51.227],[15.018,51.221],[15.016,51.217],[15.017,51.215],[15.01,51.214],[15.01,51.211],[15.013,51.211],[15.013,51.209],[15.008,51.205],[15.009,51.201],[15.008,51.2],[15.014,51.198],[15.014,51.196],[15.005,51.191],[15.009,51.183],[15.008,51.18],[15.005,51.178],[15.005,51.175],[15.002,51.172],[15.005,51.168],[14.993,51.162],[14.994,51.157],[15.001,51.15],[14.996,51.144],[14.991,51.143],[14.996,51.135],[14.997,51.132],[14.995,51.124],[14.998,51.122],[14.989,51.117],[14.983,51.118],[14.981,51.116],[14.983,51.113],[14.98,51.111],[14.981,51.109],[14.978,51.108],[14.984,51.102],[14.983,51.099],[14.984,51.097],[14.98,51.096],[14.983,51.095],[14.982,51.093],[14.984,51.091],[14.98,51.09],[14.98,51.087],[14.976,51.087],[14.978,51.086],[14.976,51.084],[14.978,51.084],[14.977,51.082],[14.979,51.077],[14.968,51.071],[14.968,51.07],[14.971,51.069],[14.97,51.068],[14.971,51.066],[14.963,51.058],[14.965,51.05],[14.962,51.05],[14.958,51.047],[14.954,51.047],[14.952,51.042],[14.949,51.043],[14.95,51.041],[14.948,51.039],[14.952,51.038],[14.947,51.032],[14.949,51.031],[14.945,51.026],[14.94,51.026],[14.942,51.024],[14.939,51.024],[14.94,51.021],[14.938,51.022],[14.935,51.02],[14.936,51.018],[14.939,51.017],[14.938,51.011],[14.929,50.998],[14.925,50.997],[14.92,50.998],[14.917,50.995],[14.918,50.99],[14.92,50.988],[14.918,50.983],[14.919,50.975],[14.903,50.972],[14.904,50.968],[14.9,50.963],[14.904,50.961],[14.898,50.959],[14.893,50.95],[14.895,50.947],[14.897,50.941],[14.891,50.935],[14.877,50.932],[14.868,50.918],[14.852,50.911],[14.843,50.901],[14.83,50.893],[14.82,50.885],[14.817,50.88],[14.819,50.874],[14.825,50.87],[14.825,50.867],[14.822,50.863],[14.822,50.86],[14.819,50.856],[14.81,50.851],[14.811,50.849],[14.803,50.837],[14.801,50.829],[14.802,50.825],[14.797,50.821],[14.793,50.82],[14.792,50.824],[14.79,50.824],[14.779,50.82],[14.766,50.819],[14.764,50.822],[14.762,50.822],[14.759,50.825],[14.75,50.824],[14.747,50.829],[14.745,50.83],[14.739,50.829],[14.734,50.825],[14.722,50.822],[14.716,50.824],[14.717,50.831],[14.72,50.832],[14.709,50.841],[14.69,50.838],[14.665,50.849],[14.648,50.849],[14.633,50.855],[14.619,50.858],[14.62,50.86],[14.619,50.865],[14.624,50.869],[14.625,50.873],[14.633,50.887],[14.636,50.897],[14.648,50.904],[14.653,50.906],[14.652,50.913],[14.652,50.926],[14.65,50.931],[14.639,50.93],[14.628,50.925],[14.617,50.925],[14.613,50.922],[14.603,50.921],[14.593,50.916],[14.589,50.917],[14.583,50.914],[14.565,50.918],[14.561,50.925],[14.572,50.938],[14.581,50.942],[14.586,50.952],[14.596,50.963],[14.592,50.967],[14.597,50.969],[14.597,50.974],[14.601,50.98],[14.598,50.98],[14.599,50.987],[14.595,50.987],[14.581,50.993],[14.579,51.0],[14.569,51.004],[14.565,51.01],[14.561,51.007],[14.535,51.004],[14.533,51.006],[14.535,51.007],[14.535,51.009],[14.54,51.01],[14.532,51.017],[14.499,51.022],[14.501,51.032],[14.508,51.043],[14.5,51.047],[14.491,51.044],[14.494,51.036],[14.493,51.023],[14.474,51.026],[14.475,51.029],[14.471,51.031],[14.466,51.035],[14.454,51.036],[14.435,51.027],[14.432,51.023],[14.422,51.02],[14.408,51.019],[14.405,51.021],[14.39,51.024],[14.385,51.027],[14.383,51.029],[14.383,51.039],[14.374,51.039],[14.362,51.045],[14.347,51.041],[14.345,51.039],[14.337,51.039],[14.327,51.047],[14.326,51.05],[14.317,51.055],[14.302,51.055],[14.292,51.047],[14.292,51.043],[14.288,51.039],[14.274,51.04],[14.274,51.038],[14.28,51.036],[14.285,51.032],[14.286,51.027],[14.278,51.019],[14.282,51.016],[14.28,51.014],[14.265,51.008],[14.261,51.009],[14.262,51.004],[14.269,51.0],[14.258,50.992],[14.259,50.987],[14.276,50.983],[14.282,50.978],[14.286,50.977],[14.299,50.979],[14.311,50.985],[14.324,50.985],[14.33,50.982],[14.327,50.981],[14.326,50.978],[14.329,50.974],[14.328,50.974],[14.325,50.972],[14.317,50.973],[14.313,50.972],[14.309,50.968],[14.303,50.965],[14.307,50.963],[14.317,50.961],[14.317,50.958],[14.311,50.955],[14.312,50.954],[14.325,50.95],[14.346,50.949],[14.349,50.945],[14.356,50.945],[14.361,50.943],[14.361,50.941],[14.37,50.942],[14.369,50.94],[14.373,50.938],[14.387,50.942],[14.397,50.937],[14.401,50.933],[14.399,50.931],[14.402,50.924],[14.392,50.921],[14.394,50.918],[14.389,50.919],[14.39,50.917],[14.386,50.916],[14.386,50.912],[14.389,50.908],[14.386,50.903],[14.388,50.901],[14.388,50.899],[14.375,50.898],[14.374,50.896],[14.358,50.9],[14.355,50.898],[14.349,50.901],[14.348,50.898],[14.35,50.896],[14.348,50.893],[14.319,50.889],[14.305,50.884],[14.29,50.886],[14.282,50.893],[14.268,50.895],[14.252,50.888],[14.244,50.886],[14.233,50.888],[14.236,50.883],[14.236,50.876],[14.232,50.869],[14.223,50.859],[14.216,50.86],[14.201,50.851],[14.196,50.852],[14.191,50.85],[14.17,50.847],[14.162,50.847],[14.155,50.843],[14.145,50.841],[14.133,50.834],[14.127,50.834],[14.111,50.83],[14.107,50.83],[14.099,50.826],[14.089,50.826],[14.079,50.819],[14.078,50.812],[14.064,50.81],[14.058,50.812],[14.052,50.81],[14.041,50.811],[14.035,50.805],[14.031,50.804],[14.023,50.809],[14.016,50.811],[14.004,50.81],[14.003,50.814],[13.99,50.82],[13.986,50.816],[13.971,50.811],[13.959,50.81],[13.954,50.807],[13.956,50.801],[13.939,50.79],[13.918,50.789],[13.904,50.794],[13.901,50.793],[13.898,50.792],[13.896,50.789],[13.9,50.785],[13.895,50.78],[13.892,50.774],[13.887,50.77],[13.89,50.763],[13.903,50.753],[13.901,50.752],[13.898,50.745],[13.88,50.738],[13.868,50.743],[13.862,50.743],[13.862,50.735],[13.858,50.729],[13.855,50.727],[13.844,50.725],[13.835,50.727],[13.827,50.724],[13.82,50.728],[13.815,50.728],[13.807,50.733],[13.8,50.733],[13.797,50.734],[13.791,50.733],[13.79,50.735],[13.785,50.734],[13.777,50.736],[13.769,50.733],[13.758,50.736],[13.751,50.73],[13.74,50.727],[13.728,50.734],[13.714,50.725],[13.708,50.725],[13.711,50.724],[13.712,50.72],[13.707,50.717],[13.688,50.72],[13.681,50.725],[13.664,50.732],[13.643,50.729],[13.637,50.725],[13.625,50.723],[13.627,50.716],[13.611,50.714],[13.602,50.71],[13.589,50.713],[13.569,50.712],[13.556,50.715],[13.545,50.711],[13.539,50.706],[13.527,50.705],[13.525,50.704],[13.526,50.702],[13.527,50.699],[13.533,50.696],[13.54,50.69],[13.544,50.677],[13.539,50.673],[13.54,50.668],[13.531,50.668],[13.518,50.659],[13.513,50.654],[13.513,50.652],[13.517,50.648],[13.526,50.649],[13.524,50.644],[13.524,50.639],[13.517,50.636],[13.502,50.634],[13.497,50.631],[13.494,50.624],[13.477,50.615],[13.477,50.613],[13.467,50.606],[13.465,50.602],[13.451,50.606],[13.441,50.611],[13.429,50.611],[13.425,50.613],[13.427,50.615],[13.425,50.616],[13.415,50.616],[13.412,50.618],[13.413,50.622],[13.407,50.628],[13.405,50.635],[13.402,50.635],[13.396,50.641],[13.393,50.642],[13.392,50.646],[13.385,50.647],[13.383,50.645],[13.376,50.65],[13.371,50.651],[13.375,50.641],[13.373,50.641],[13.374,50.638],[13.376,50.636],[13.375,50.633],[13.378,50.628],[13.37,50.625],[13.367,50.618],[13.36,50.619],[13.359,50.616],[13.352,50.614],[13.337,50.612],[13.339,50.611],[13.336,50.61],[13.335,50.607],[13.325,50.608],[13.326,50.605],[13.319,50.602],[13.322,50.597],[13.321,50.59],[13.324,50.588],[13.325,50.583],[13.324,50.582],[13.302,50.579],[13.291,50.575],[13.284,50.585],[13.284,50.588],[13.279,50.593],[13.261,50.592],[13.255,50.595],[13.248,50.592],[13.248,50.587],[13.24,50.585],[13.237,50.58],[13.234,50.579],[13.236,50.57],[13.226,50.566],[13.223,50.563],[13.224,50.558],[13.229,50.556],[13.229,50.55],[13.222,50.546],[13.222,50.542],[13.216,50.535],[13.21,50.53],[13.207,50.522],[13.195,50.515],[13.197,50.505],[13.195,50.503],[13.178,50.503],[13.171,50.506],[13.154,50.508],[13.144,50.506],[13.137,50.506],[13.139,50.512],[13.134,50.514],[13.133,50.518],[13.12,50.514],[13.115,50.51],[13.101,50.503],[13.085,50.5],[13.056,50.501],[13.051,50.507],[13.043,50.511],[13.039,50.51],[13.032,50.51],[13.032,50.501],[13.023,50.487],[13.023,50.483],[13.02,50.475],[13.019,50.467],[13.02,50.461],[13.024,50.454],[13.02,50.447],[12.996,50.434],[12.988,50.423],[12.983,50.42],[12.965,50.415],[12.946,50.413],[12.942,50.411],[12.941,50.408],[12.944,50.406],[12.947,50.407],[12.948,50.404],[12.937,50.406],[12.936,50.407],[12.936,50.412],[12.925,50.416],[12.912,50.424],[12.903,50.423],[12.895,50.43],[12.849,50.448],[12.838,50.454],[12.819,50.46],[12.817,50.45],[12.807,50.444],[12.808,50.439],[12.811,50.436],[12.811,50.431],[12.795,50.449],[12.735,50.432],[12.73,50.422],[12.721,50.417],[12.708,50.408],[12.707,50.404],[12.709,50.402],[12.707,50.397],[12.697,50.401],[12.696,50.404],[12.681,50.41],[12.673,50.417],[12.662,50.412],[12.649,50.411],[12.642,50.411],[12.627,50.416],[12.617,50.416],[12.609,50.411],[12.607,50.409],[12.6,50.406],[12.593,50.407],[12.58,50.407],[12.575,50.403],[12.558,50.399],[12.551,50.399],[12.546,50.401],[12.543,50.398],[12.534,50.4],[12.529,50.397],[12.512,50.397],[12.509,50.391],[12.503,50.387],[12.496,50.379],[12.489,50.374],[12.486,50.371],[12.488,50.367],[12.488,50.363],[12.492,50.356],[12.489,50.35],[12.482,50.347],[12.469,50.355],[12.46,50.352],[12.458,50.349],[12.45,50.346],[12.442,50.341],[12.435,50.333],[12.437,50.328],[12.431,50.323],[12.426,50.324],[12.421,50.322],[12.416,50.325],[12.409,50.323],[12.403,50.324],[12.398,50.321],[12.4,50.319],[12.401,50.316],[12.398,50.308],[12.403,50.301],[12.4,50.298],[12.401,50.295],[12.394,50.29],[12.382,50.289],[12.371,50.285],[12.369,50.281],[12.365,50.28],[12.36,50.273],[12.361,50.27],[12.352,50.262],[12.35,50.254],[12.355,50.248]]]]}},{"type":"Feature","properties":{"name":"Sachsen-Anhalt"},"geometry":{"type":"MultiPolygon","coordinates":[[[[12.24,50.962],[12.242,50.961],[12.242,50.957],[12.239,50.952],[12.23,50.947],[12.227,50.943],[12.22,50.942],[12.218,50.939],[12.215,50.938],[12.214,50.943],[12.213,50.944],[12.213,50.947],[12.211,50.95],[12.215,50.953],[12.215,50.956],[12.213,50.958],[12.214,50.958],[12.213,50.959],[12.201,50.956],[12.198,50.957],[12.182,50.976],[12.174,50.973],[12.163,50.967],[12.166,50.959],[12.164,50.959],[12.158,50.963],[12.15,50.964],[12.132,50.961],[12.135,50.965],[12.118,50.968],[12.105,50.974],[12.094,50.975],[12.092,50.977],[12.073,50.974],[12.055,50.969],[12.048,50.969],[12.037,50.973],[12.014,50.969],[12.014,50.97],[12.011,50.97],[12.011,50.975],[12.017,50.977],[12.017,50.979],[12.014,50.982],[12.014,50.984],[12.009,50.984],[12.007,50.986],[12.008,50.99],[12.007,50.991],[11.999,50.989],[11.996,50.993],[11.974,50.99],[11.973,50.994],[11.97,50.994],[11.969,50.999],[11.976,50.999],[11.979,51.004],[11.975,51.007],[11.975,51.01],[11.976,51.012],[11.98,51.012],[11.98,51.014],[11.977,51.017],[11.972,51.019],[11.97,51.017],[11.965,51.018],[11.965,51.02],[11.963,51.022],[11.961,51.02],[11.958,51.021],[11.954,51.026],[11.943,51.032],[11.921,51.026],[11.912,51.028],[11.911,51.029],[11.915,51.032],[11.913,51.036],[11.915,51.038],[11.911,51.041],[11.911,51.045],[11.896,51.045],[11.894,51.049],[11.897,51.05],[11.891,51.053],[11.891,51.055],[11.889,51.056],[11.876,51.058],[11.868,51.054],[11.869,51.053],[11.863,51.051],[11.86,51.055],[11.852,51.052],[11.847,51.053],[11.834,51.052],[11.804,51.047],[11.803,51.049],[11.799,51.048],[11.797,51.05],[11.787,51.05],[11.787,51.053],[11.775,51.053],[11.77,51.049],[11.772,51.045],[11.76,51.043],[11.76,51.048],[11.752,51.049],[11.751,51.052],[11.746,51.052],[11.745,51.054],[11.753,51.057],[11.745,51.062],[11.737,51.063],[11.732,51.068],[11.723,51.068],[11.721,51.071],[11.714,51.071],[11.71,51.068],[11.701,51.069],[11.702,51.074],[11.7,51.075],[11.702,51.078],[11.698,51.084],[11.702,51.084],[11.702,51.086],[11.697,51.087],[11.696,51.09],[11.697,51.092],[11.693,51.093],[11.694,51.094],[11.692,51.097],[11.693,51.097],[11.692,51.1],[11.689,51.101],[11.689,51.099],[11.675,51.104],[11.672,51.103],[11.667,51.107],[11.666,51.109],[11.668,51.109],[11.667,51.111],[11.653,51.11],[11.647,51.107],[11.643,51.11],[11.64,51.109],[11.638,51.111],[11.635,51.107],[11.624,51.105],[11.62,51.097],[11.616,51.098],[11.62,51.105],[11.607,51.111],[11.607,51.112],[11.572,51.119],[11.568,51.118],[11.558,51.109],[11.555,51.109],[11.556,51.111],[11.548,51.112],[11.546,51.102],[11.523,51.105],[11.512,51.108],[11.511,51.103],[11.505,51.104],[11.505,51.102],[11.485,51.102],[11.484,51.108],[11.478,51.108],[11.463,51.113],[11.465,51.118],[11.464,51.118],[11.466,51.127],[11.463,51.127],[11.463,51.13],[11.46,51.13],[11.459,51.136],[11.451,51.147],[11.472,51.148],[11.479,51.159],[11.473,51.161],[11.475,51.166],[11.485,51.166],[11.486,51.168],[11.471,51.17],[11.471,51.177],[11.47,51.18],[11.467,51.181],[11.47,51.184],[11.47,51.19],[11.469,51.193],[11.456,51.195],[11.452,51.193],[11.449,51.196],[11.448,51.204],[11.445,51.205],[11.446,51.208],[11.431,51.212],[11.415,51.208],[11.405,51.207],[11.408,51.204],[11.406,51.203],[11.401,51.204],[11.402,51.206],[11.399,51.206],[11.396,51.204],[11.391,51.203],[11.388,51.209],[11.391,51.211],[11.39,51.213],[11.391,51.217],[11.389,51.216],[11.39,51.218],[11.365,51.221],[11.369,51.231],[11.372,51.231],[11.376,51.234],[11.378,51.238],[11.376,51.239],[11.385,51.246],[11.387,51.246],[11.387,51.244],[11.401,51.243],[11.398,51.237],[11.402,51.236],[11.413,51.241],[11.414,51.243],[11.42,51.246],[11.418,51.248],[11.422,51.253],[11.426,51.256],[11.429,51.255],[11.44,51.263],[11.441,51.267],[11.437,51.269],[11.442,51.273],[11.447,51.271],[11.456,51.277],[11.452,51.28],[11.455,51.287],[11.46,51.294],[11.463,51.291],[11.468,51.288],[11.474,51.295],[11.474,51.298],[11.475,51.298],[11.467,51.305],[11.45,51.314],[11.446,51.312],[11.447,51.316],[11.434,51.32],[11.435,51.322],[11.428,51.325],[11.426,51.327],[11.428,51.328],[11.414,51.333],[11.419,51.336],[11.426,51.336],[11.429,51.34],[11.429,51.343],[11.412,51.343],[11.409,51.34],[11.399,51.345],[11.401,51.349],[11.397,51.35],[11.396,51.352],[11.393,51.354],[11.394,51.357],[11.392,51.361],[11.393,51.365],[11.39,51.368],[11.391,51.373],[11.396,51.373],[11.398,51.377],[11.397,51.381],[11.394,51.381],[11.393,51.384],[11.378,51.387],[11.377,51.386],[11.371,51.386],[11.368,51.388],[11.366,51.386],[11.365,51.383],[11.362,51.383],[11.359,51.386],[11.357,51.39],[11.35,51.388],[11.347,51.385],[11.342,51.388],[11.342,51.389],[11.34,51.392],[11.334,51.39],[11.331,51.39],[11.329,51.4],[11.321,51.41],[11.307,51.406],[11.305,51.406],[11.285,51.402],[11.275,51.405],[11.274,51.401],[11.253,51.401],[11.248,51.395],[11.244,51.397],[11.247,51.401],[11.248,51.405],[11.23,51.406],[11.231,51.408],[11.224,51.413],[11.21,51.412],[11.21,51.408],[11.208,51.407],[11.203,51.407],[11.202,51.406],[11.197,51.408],[11.196,51.405],[11.193,51.405],[11.192,51.403],[11.184,51.403],[11.183,51.406],[11.177,51.406],[11.153,51.402],[11.152,51.404],[11.149,51.404],[11.142,51.403],[11.14,51.403],[11.141,51.405],[11.135,51.406],[11.132,51.404],[11.131,51.408],[11.126,51.408],[11.129,51.41],[11.128,51.413],[11.121,51.413],[11.116,51.411],[11.115,51.412],[11.118,51.414],[11.117,51.416],[11.114,51.415],[11.102,51.417],[11.104,51.419],[11.095,51.419],[11.096,51.42],[11.072,51.429],[11.061,51.43],[11.057,51.428],[11.055,51.43],[11.052,51.429],[11.05,51.427],[11.046,51.426],[11.046,51.424],[11.051,51.421],[11.05,51.42],[11.04,51.425],[11.035,51.422],[11.025,51.421],[11.024,51.418],[11.019,51.417],[10.992,51.418],[11.0,51.423],[11.01,51.424],[11.011,51.425],[11.008,51.429],[10.998,51.429],[10.989,51.426],[10.978,51.427],[10.98,51.432],[10.967,51.432],[10.971,51.442],[10.969,51.443],[10.969,51.445],[10.967,51.446],[10.972,51.451],[10.973,51.454],[10.968,51.454],[10.97,51.459],[10.963,51.46],[10.964,51.463],[10.961,51.463],[10.963,51.469],[10.961,51.471],[10.97,51.481],[10.973,51.482],[10.966,51.485],[10.957,51.493],[10.952,51.495],[10.954,51.498],[10.95,51.499],[10.949,51.502],[10.947,51.499],[10.94,51.501],[10.943,51.504],[10.945,51.504],[10.944,51.505],[10.946,51.506],[10.936,51.511],[10.935,51.518],[10.931,51.518],[10.934,51.519],[10.927,51.521],[10.928,51.522],[10.933,51.522],[10.935,51.533],[10.94,51.536],[10.948,51.533],[10.948,51.538],[10.94,51.542],[10.916,51.547],[10.913,51.55],[10.911,51.555],[10.909,51.555],[10.909,51.553],[10.905,51.55],[10.9,51.551],[10.896,51.554],[10.895,51.558],[10.897,51.56],[10.9,51.561],[10.9,51.564],[10.896,51.566],[10.893,51.571],[10.893,51.577],[10.882,51.581],[10.884,51.586],[10.888,51.589],[10.889,51.596],[10.894,51.599],[10.895,51.602],[10.896,51.602],[10.896,51.597],[10.903,51.594],[10.907,51.595],[10.91,51.593],[10.931,51.592],[10.931,51.594],[10.935,51.597],[10.937,51.603],[10.934,51.605],[10.914,51.61],[10.916,51.613],[10.921,51.614],[10.922,51.618],[10.902,51.612],[10.894,51.611],[10.887,51.612],[10.886,51.614],[10.882,51.617],[10.883,51.618],[10.88,51.618],[10.877,51.622],[10.859,51.633],[10.849,51.631],[10.834,51.631],[10.831,51.627],[10.823,51.623],[10.821,51.624],[10.822,51.633],[10.818,51.637],[10.818,51.639],[10.785,51.642],[10.771,51.645],[10.764,51.649],[10.756,51.645],[10.756,51.642],[10.749,51.64],[10.737,51.645],[10.726,51.645],[10.709,51.641],[10.696,51.643],[10.692,51.647],[10.683,51.661],[10.671,51.667],[10.669,51.676],[10.666,51.68],[10.667,51.685],[10.664,51.689],[10.665,51.69],[10.663,51.691],[10.668,51.697],[10.673,51.697],[10.668,51.71],[10.656,51.718],[10.649,51.719],[10.647,51.723],[10.642,51.725],[10.643,51.73],[10.634,51.735],[10.632,51.739],[10.631,51.752],[10.626,51.759],[10.606,51.762],[10.593,51.768],[10.582,51.78],[10.58,51.783],[10.585,51.788],[10.584,51.799],[10.574,51.811],[10.578,51.816],[10.577,51.819],[10.579,51.821],[10.579,51.829],[10.588,51.836],[10.585,51.84],[10.577,51.843],[10.579,51.848],[10.585,51.853],[10.603,51.855],[10.606,51.861],[10.616,51.867],[10.616,51.87],[10.632,51.872],[10.636,51.878],[10.65,51.891],[10.649,51.907],[10.64,51.915],[10.613,51.922],[10.616,51.931],[10.618,51.931],[10.618,51.934],[10.614,51.936],[10.613,51.94],[10.617,51.94],[10.618,51.943],[10.621,51.943],[10.623,51.947],[10.633,51.949],[10.635,51.951],[10.648,51.954],[10.651,51.958],[10.642,51.963],[10.635,51.959],[10.62,51.958],[10.62,51.967],[10.615,51.967],[10.614,51.969],[10.606,51.969],[10.606,51.977],[10.596,51.975],[10.586,51.976],[10.587,51.983],[10.561,52.004],[10.575,52.006],[10.573,52.01],[10.592,52.011],[10.592,52.014],[10.597,52.014],[10.596,52.01],[10.601,52.01],[10.6,52.007],[10.612,52.01],[10.614,52.008],[10.619,52.01],[10.621,52.008],[10.626,52.008],[10.621,52.01],[10.639,52.015],[10.639,52.018],[10.642,52.023],[10.655,52.025],[10.657,52.029],[10.654,52.033],[10.652,52.033],[10.648,52.042],[10.667,52.044],[10.687,52.048],[10.704,52.05],[10.736,52.048],[10.745,52.049],[10.758,52.048],[10.76,52.045],[10.765,52.045],[10.764,52.048],[10.775,52.05],[10.829,52.048],[10.84,52.05],[10.851,52.05],[10.879,52.059],[10.918,52.059],[10.936,52.06],[10.964,52.057],[10.968,52.065],[10.973,52.073],[10.971,52.086],[10.967,52.088],[10.959,52.088],[10.942,52.094],[10.941,52.097],[10.944,52.1],[10.942,52.103],[10.966,52.107],[10.977,52.106],[11.009,52.12],[11.018,52.128],[11.028,52.129],[11.028,52.131],[11.038,52.134],[11.044,52.134],[11.046,52.137],[11.045,52.144],[11.06,52.154],[11.055,52.16],[11.062,52.165],[11.06,52.172],[11.036,52.172],[11.018,52.179],[11.014,52.182],[11.013,52.188],[11.015,52.195],[11.014,52.2],[11.018,52.198],[11.025,52.201],[11.022,52.203],[11.021,52.205],[11.027,52.208],[11.024,52.209],[11.029,52.211],[11.034,52.21],[11.045,52.215],[11.077,52.219],[11.079,52.225],[11.086,52.229],[11.08,52.234],[11.079,52.239],[11.073,52.243],[11.059,52.241],[11.06,52.243],[11.052,52.254],[11.056,52.259],[11.051,52.263],[11.05,52.266],[11.052,52.267],[11.043,52.272],[11.036,52.272],[11.029,52.27],[11.02,52.282],[11.014,52.287],[11.012,52.291],[11.022,52.297],[11.03,52.297],[11.039,52.302],[11.036,52.303],[11.037,52.306],[11.036,52.31],[11.033,52.31],[11.033,52.312],[11.02,52.319],[11.02,52.321],[11.011,52.327],[11.012,52.328],[11.009,52.328],[11.009,52.327],[11.006,52.329],[11.001,52.328],[11.0,52.33],[11.005,52.331],[11.002,52.337],[10.99,52.337],[10.991,52.335],[10.988,52.335],[10.984,52.342],[10.993,52.344],[10.994,52.342],[10.996,52.342],[11.002,52.345],[11.005,52.344],[11.007,52.346],[11.023,52.347],[11.024,52.344],[11.03,52.346],[11.037,52.345],[11.04,52.347],[11.044,52.347],[11.044,52.349],[11.057,52.35],[11.062,52.358],[11.064,52.354],[11.069,52.355],[11.069,52.358],[11.067,52.37],[11.074,52.372],[11.075,52.374],[11.07,52.374],[11.069,52.377],[11.066,52.373],[11.063,52.375],[11.065,52.377],[11.061,52.38],[11.055,52.381],[11.047,52.388],[11.039,52.389],[11.042,52.386],[11.036,52.385],[11.034,52.389],[11.023,52.393],[11.018,52.388],[11.015,52.388],[11.019,52.392],[11.017,52.395],[11.019,52.397],[11.008,52.405],[11.006,52.409],[10.992,52.413],[10.995,52.415],[10.989,52.419],[10.989,52.42],[10.973,52.431],[10.962,52.435],[10.956,52.445],[10.949,52.449],[10.948,52.454],[10.934,52.461],[10.935,52.476],[10.941,52.477],[10.943,52.481],[10.942,52.484],[10.944,52.487],[10.944,52.492],[10.95,52.496],[10.96,52.497],[10.975,52.501],[10.982,52.497],[11.005,52.496],[11.009,52.497],[10.979,52.518],[10.959,52.536],[10.942,52.556],[10.943,52.56],[10.938,52.567],[10.941,52.572],[10.94,52.575],[10.942,52.58],[10.947,52.583],[10.94,52.59],[10.953,52.593],[10.955,52.595],[10.958,52.596],[10.96,52.599],[10.96,52.6],[10.972,52.603],[10.976,52.607],[10.974,52.61],[10.977,52.613],[10.977,52.624],[10.969,52.626],[10.964,52.626],[10.945,52.62],[10.943,52.615],[10.927,52.609],[10.921,52.61],[10.925,52.615],[10.915,52.618],[10.913,52.624],[10.904,52.627],[10.902,52.636],[10.899,52.638],[10.897,52.643],[10.884,52.651],[10.879,52.656],[10.878,52.664],[10.866,52.672],[10.86,52.675],[10.85,52.684],[10.846,52.69],[10.838,52.696],[10.838,52.697],[10.833,52.701],[10.836,52.708],[10.83,52.716],[10.825,52.718],[10.803,52.714],[10.797,52.714],[10.793,52.73],[10.788,52.733],[10.791,52.738],[10.792,52.748],[10.788,52.753],[10.776,52.755],[10.775,52.762],[10.77,52.769],[10.768,52.769],[10.755,52.785],[10.762,52.803],[10.757,52.82],[10.767,52.826],[10.766,52.829],[10.764,52.83],[10.772,52.834],[10.765,52.84],[10.767,52.842],[10.796,52.844],[10.801,52.85],[10.824,52.847],[10.835,52.847],[10.842,52.852],[10.848,52.851],[10.852,52.853],[10.86,52.852],[10.859,52.853],[10.866,52.856],[10.874,52.853],[10.877,52.848],[10.885,52.846],[10.891,52.846],[10.893,52.848],[10.896,52.856],[10.915,52.853],[10.94,52.853],[10.958,52.868],[10.958,52.87],[10.968,52.876],[10.968,52.879],[10.974,52.877],[10.979,52.878],[10.986,52.882],[10.99,52.888],[10.989,52.899],[10.994,52.904],[10.993,52.907],[11.002,52.911],[11.013,52.91],[11.036,52.912],[11.039,52.913],[11.065,52.909],[11.079,52.913],[11.099,52.913],[11.096,52.909],[11.093,52.9],[11.106,52.896],[11.139,52.898],[11.155,52.902],[11.155,52.906],[11.181,52.901],[11.221,52.898],[11.219,52.893],[11.231,52.891],[11.236,52.889],[11.238,52.884],[11.238,52.881],[11.241,52.879],[11.267,52.88],[11.271,52.882],[11.271,52.883],[11.277,52.888],[11.291,52.889],[11.294,52.887],[11.295,52.882],[11.293,52.879],[11.295,52.875],[11.314,52.878],[11.337,52.886],[11.337,52.888],[11.348,52.889],[11.354,52.89],[11.363,52.894],[11.363,52.896],[11.375,52.9],[11.386,52.902],[11.385,52.904],[11.393,52.902],[11.407,52.904],[11.424,52.916],[11.426,52.92],[11.433,52.92],[11.454,52.933],[11.47,52.939],[11.492,52.942],[11.505,52.941],[11.492,52.96],[11.502,52.984],[11.503,52.992],[11.506,53.0],[11.512,53.007],[11.519,53.007],[11.526,53.008],[11.533,53.003],[11.543,52.999],[11.556,52.999],[11.56,53.004],[11.552,53.005],[11.559,53.013],[11.564,53.013],[11.569,53.019],[11.596,53.033],[11.598,53.036],[11.623,53.042],[11.638,53.039],[11.642,53.035],[11.641,53.032],[11.626,53.02],[11.625,53.015],[11.628,53.011],[11.634,53.008],[11.646,53.005],[11.667,53.009],[11.678,53.008],[11.684,53.0],[11.683,52.986],[11.687,52.981],[11.691,52.979],[11.703,52.978],[11.731,52.988],[11.743,52.989],[11.755,52.986],[11.764,52.981],[11.771,52.976],[11.78,52.965],[11.786,52.961],[11.811,52.957],[11.829,52.957],[11.846,52.952],[11.849,52.947],[11.848,52.941],[11.829,52.931],[11.823,52.923],[11.823,52.919],[11.825,52.916],[11.834,52.91],[11.871,52.909],[11.878,52.906],[11.887,52.898],[11.897,52.893],[11.932,52.892],[11.949,52.888],[11.959,52.88],[11.962,52.881],[11.982,52.876],[11.987,52.877],[11.991,52.881],[12.005,52.882],[12.006,52.888],[12.019,52.888],[12.023,52.89],[12.029,52.888],[12.043,52.889],[12.048,52.886],[12.056,52.889],[12.061,52.888],[12.068,52.886],[12.066,52.884],[12.076,52.886],[12.081,52.883],[12.081,52.877],[12.098,52.878],[12.113,52.876],[12.115,52.882],[12.125,52.894],[12.129,52.893],[12.127,52.89],[12.123,52.889],[12.12,52.876],[12.133,52.866],[12.124,52.854],[12.126,52.853],[12.172,52.865],[12.185,52.871],[12.193,52.877],[12.197,52.878],[12.2,52.871],[12.202,52.868],[12.208,52.867],[12.21,52.862],[12.214,52.862],[12.215,52.866],[12.217,52.866],[12.224,52.865],[12.234,52.859],[12.232,52.851],[12.24,52.844],[12.238,52.839],[12.244,52.821],[12.258,52.805],[12.252,52.804],[12.256,52.799],[12.248,52.797],[12.249,52.792],[12.245,52.787],[12.236,52.788],[12.23,52.79],[12.22,52.79],[12.224,52.787],[12.223,52.779],[12.223,52.776],[12.221,52.774],[12.216,52.775],[12.213,52.774],[12.213,52.768],[12.212,52.766],[12.215,52.764],[12.208,52.764],[12.206,52.761],[12.209,52.753],[12.218,52.753],[12.219,52.751],[12.219,52.747],[12.221,52.745],[12.218,52.743],[12.223,52.74],[12.22,52.738],[12.221,52.736],[12.209,52.735],[12.209,52.732],[12.201,52.729],[12.206,52.727],[12.203,52.726],[12.205,52.725],[12.198,52.719],[12.2,52.717],[12.204,52.72],[12.208,52.719],[12.21,52.716],[12.204,52.713],[12.21,52.709],[12.216,52.709],[12.218,52.706],[12.224,52.703],[12.218,52.7],[12.217,52.698],[12.223,52.688],[12.233,52.689],[12.233,52.687],[12.227,52.684],[12.229,52.682],[12.235,52.68],[12.236,52.676],[12.239,52.672],[12.239,52.666],[12.236,52.666],[12.235,52.664],[12.238,52.663],[12.234,52.66],[12.236,52.654],[12.232,52.654],[12.238,52.646],[12.237,52.641],[12.231,52.64],[12.231,52.63],[12.237,52.63],[12.237,52.629],[12.213,52.625],[12.208,52.623],[12.204,52.619],[12.187,52.621],[12.172,52.626],[12.169,52.621],[12.169,52.617],[12.176,52.617],[12.171,52.612],[12.17,52.608],[12.177,52.606],[12.173,52.6],[12.173,52.582],[12.177,52.577],[12.181,52.575],[12.159,52.561],[12.152,52.544],[12.149,52.54],[12.143,52.537],[12.145,52.533],[12.142,52.528],[12.155,52.53],[12.158,52.534],[12.174,52.539],[12.18,52.534],[12.189,52.532],[12.186,52.527],[12.178,52.524],[12.174,52.519],[12.167,52.515],[12.17,52.507],[12.18,52.501],[12.185,52.496],[12.191,52.499],[12.203,52.498],[12.208,52.5],[12.211,52.503],[12.217,52.5],[12.222,52.501],[12.228,52.506],[12.224,52.51],[12.224,52.511],[12.232,52.516],[12.233,52.519],[12.231,52.522],[12.236,52.524],[12.245,52.522],[12.247,52.519],[12.254,52.519],[12.258,52.518],[12.258,52.511],[12.259,52.509],[12.26,52.504],[12.27,52.501],[12.262,52.495],[12.27,52.494],[12.271,52.487],[12.278,52.487],[12.286,52.493],[12.294,52.492],[12.297,52.496],[12.31,52.491],[12.321,52.495],[12.33,52.496],[12.328,52.491],[12.316,52.491],[12.309,52.486],[12.31,52.483],[12.309,52.479],[12.316,52.475],[12.324,52.476],[12.328,52.479],[12.331,52.479],[12.325,52.472],[12.325,52.464],[12.315,52.461],[12.317,52.456],[12.317,52.452],[12.304,52.45],[12.305,52.447],[12.303,52.446],[12.308,52.444],[12.302,52.439],[12.303,52.434],[12.289,52.431],[12.297,52.424],[12.274,52.416],[12.275,52.412],[12.292,52.407],[12.299,52.409],[12.302,52.405],[12.301,52.401],[12.303,52.398],[12.295,52.392],[12.292,52.386],[12.294,52.381],[12.306,52.377],[12.301,52.371],[12.286,52.369],[12.284,52.364],[12.298,52.353],[12.298,52.351],[12.308,52.345],[12.303,52.34],[12.29,52.323],[12.284,52.321],[12.281,52.318],[12.273,52.305],[12.263,52.295],[12.263,52.294],[12.251,52.273],[12.251,52.264],[12.255,52.262],[12.248,52.255],[12.245,52.248],[12.261,52.246],[12.258,52.243],[12.271,52.242],[12.27,52.241],[12.275,52.237],[12.262,52.236],[12.264,52.233],[12.284,52.234],[12.287,52.233],[12.287,52.23],[12.296,52.229],[12.297,52.227],[12.293,52.224],[12.289,52.225],[12.279,52.217],[12.268,52.214],[12.26,52.217],[12.248,52.211],[12.245,52.207],[12.254,52.206],[12.251,52.201],[12.242,52.196],[12.243,52.195],[12.242,52.194],[12.242,52.191],[12.245,52.191],[12.245,52.187],[12.248,52.184],[12.242,52.182],[12.229,52.186],[12.217,52.17],[12.221,52.166],[12.234,52.163],[12.231,52.155],[12.237,52.15],[12.245,52.139],[12.263,52.133],[12.265,52.131],[12.265,52.128],[12.269,52.124],[12.272,52.11],[12.276,52.105],[12.292,52.101],[12.3,52.096],[12.316,52.092],[12.32,52.089],[12.32,52.083],[12.329,52.07],[12.333,52.066],[12.348,52.059],[12.36,52.047],[12.39,52.044],[12.398,52.036],[12.409,52.029],[12.42,52.026],[12.424,52.022],[12.43,52.018],[12.45,52.016],[12.453,52.026],[12.458,52.03],[12.461,52.035],[12.481,52.033],[12.481,52.029],[12.485,52.017],[12.499,52.009],[12.536,52.003],[12.535,52.001],[12.541,51.988],[12.539,51.986],[12.539,51.985],[12.603,51.981],[12.615,51.982],[12.614,51.992],[12.645,51.994],[12.649,52.008],[12.656,52.013],[12.669,52.013],[12.673,52.012],[12.676,52.007],[12.682,52.003],[12.698,52.003],[12.712,52.0],[12.712,51.997],[12.73,51.989],[12.743,51.989],[12.755,51.986],[12.759,51.982],[12.774,51.978],[12.777,51.977],[12.776,51.965],[12.778,51.965],[12.794,51.962],[12.811,51.963],[12.844,51.968],[12.845,51.963],[12.85,51.959],[12.852,51.95],[12.853,51.935],[12.888,51.935],[12.89,51.928],[12.918,51.933],[12.918,51.939],[12.936,51.936],[12.936,51.937],[12.961,51.935],[12.956,51.923],[12.976,51.92],[12.973,51.901],[12.985,51.904],[13.01,51.903],[13.016,51.901],[13.022,51.897],[13.023,51.903],[13.045,51.901],[13.049,51.892],[13.038,51.891],[13.039,51.883],[13.037,51.88],[13.029,51.881],[13.03,51.879],[13.039,51.871],[13.081,51.867],[13.085,51.874],[13.096,51.873],[13.107,51.875],[13.114,51.875],[13.114,51.877],[13.119,51.877],[13.119,51.883],[13.124,51.883],[13.132,51.883],[13.132,51.88],[13.139,51.88],[13.142,51.873],[13.15,51.872],[13.151,51.86],[13.123,51.858],[13.123,51.855],[13.136,51.833],[13.139,51.831],[13.139,51.829],[13.142,51.829],[13.143,51.826],[13.139,51.825],[13.142,51.821],[13.149,51.821],[13.15,51.819],[13.148,51.818],[13.154,51.815],[13.163,51.802],[13.16,51.8],[13.161,51.797],[13.159,51.798],[13.163,51.793],[13.158,51.788],[13.17,51.787],[13.169,51.783],[13.16,51.784],[13.16,51.781],[13.161,51.781],[13.161,51.779],[13.16,51.775],[13.148,51.767],[13.156,51.765],[13.15,51.759],[13.163,51.755],[13.164,51.752],[13.163,51.751],[13.158,51.751],[13.154,51.745],[13.157,51.744],[13.155,51.742],[13.161,51.74],[13.164,51.742],[13.168,51.739],[13.167,51.738],[13.167,51.735],[13.178,51.732],[13.183,51.723],[13.187,51.722],[13.184,51.722],[13.184,51.72],[13.187,51.716],[13.179,51.716],[13.175,51.718],[13.172,51.717],[13.169,51.719],[13.165,51.718],[13.171,51.712],[13.17,51.708],[13.162,51.713],[13.154,51.711],[13.161,51.699],[13.161,51.695],[13.156,51.695],[13.162,51.692],[13.155,51.689],[13.155,51.687],[13.024,51.637],[13.018,51.644],[13.021,51.653],[13.018,51.66],[13.012,51.665],[13.005,51.662],[13.001,51.667],[12.999,51.667],[12.996,51.669],[12.978,51.668],[12.977,51.666],[12.982,51.665],[12.979,51.663],[12.967,51.666],[12.972,51.65],[12.965,51.651],[12.963,51.65],[12.958,51.651],[12.95,51.649],[12.952,51.644],[12.95,51.644],[12.942,51.638],[12.936,51.646],[12.928,51.65],[12.915,51.648],[12.915,51.645],[12.913,51.644],[12.909,51.647],[12.898,51.647],[12.891,51.654],[12.891,51.656],[12.893,51.655],[12.895,51.664],[12.889,51.667],[12.88,51.659],[12.873,51.658],[12.866,51.655],[12.865,51.656],[12.867,51.657],[12.865,51.658],[12.864,51.661],[12.867,51.664],[12.861,51.665],[12.862,51.674],[12.861,51.675],[12.859,51.672],[12.857,51.673],[12.859,51.676],[12.856,51.679],[12.854,51.678],[12.85,51.681],[12.849,51.681],[12.846,51.684],[12.844,51.685],[12.842,51.682],[12.832,51.681],[12.828,51.682],[12.832,51.676],[12.82,51.673],[12.818,51.67],[12.806,51.667],[12.793,51.666],[12.79,51.664],[12.782,51.654],[12.773,51.648],[12.765,51.647],[12.765,51.648],[12.76,51.65],[12.75,51.65],[12.74,51.656],[12.731,51.656],[12.717,51.661],[12.706,51.662],[12.699,51.66],[12.688,51.662],[12.679,51.656],[12.677,51.65],[12.666,51.642],[12.668,51.637],[12.666,51.632],[12.658,51.63],[12.653,51.626],[12.649,51.625],[12.649,51.62],[12.637,51.617],[12.623,51.616],[12.608,51.611],[12.612,51.614],[12.622,51.616],[12.624,51.622],[12.629,51.625],[12.624,51.628],[12.606,51.627],[12.599,51.623],[12.595,51.618],[12.592,51.618],[12.591,51.623],[12.586,51.622],[12.586,51.626],[12.58,51.626],[12.575,51.615],[12.57,51.617],[12.563,51.614],[12.56,51.608],[12.552,51.609],[12.542,51.607],[12.545,51.604],[12.539,51.602],[12.534,51.606],[12.516,51.606],[12.507,51.608],[12.504,51.605],[12.495,51.604],[12.498,51.603],[12.498,51.597],[12.49,51.598],[12.483,51.593],[12.477,51.596],[12.487,51.601],[12.486,51.604],[12.471,51.605],[12.461,51.603],[12.45,51.606],[12.448,51.61],[12.444,51.61],[12.438,51.605],[12.433,51.606],[12.433,51.604],[12.438,51.602],[12.437,51.599],[12.434,51.599],[12.433,51.598],[12.427,51.599],[12.424,51.588],[12.425,51.588],[12.425,51.582],[12.417,51.583],[12.411,51.582],[12.397,51.585],[12.396,51.587],[12.392,51.588],[12.39,51.587],[12.392,51.586],[12.385,51.587],[12.382,51.585],[12.367,51.588],[12.367,51.587],[12.374,51.584],[12.369,51.585],[12.368,51.583],[12.348,51.587],[12.348,51.584],[12.337,51.586],[12.336,51.585],[12.343,51.583],[12.344,51.581],[12.339,51.579],[12.337,51.58],[12.319,51.578],[12.321,51.575],[12.317,51.573],[12.313,51.569],[12.301,51.566],[12.297,51.567],[12.296,51.565],[12.293,51.565],[12.293,51.561],[12.253,51.561],[12.251,51.559],[12.25,51.562],[12.246,51.566],[12.243,51.567],[12.237,51.562],[12.233,51.561],[12.234,51.556],[12.236,51.556],[12.236,51.553],[12.23,51.553],[12.231,51.547],[12.219,51.547],[12.222,51.544],[12.21,51.542],[12.21,51.54],[12.207,51.54],[12.207,51.535],[12.201,51.535],[12.202,51.531],[12.193,51.531],[12.193,51.525],[12.191,51.525],[12.191,51.52],[12.194,51.519],[12.194,51.508],[12.19,51.508],[12.192,51.506],[12.196,51.507],[12.197,51.503],[12.208,51.503],[12.208,51.498],[12.205,51.498],[12.207,51.492],[12.201,51.49],[12.203,51.485],[12.176,51.482],[12.175,51.47],[12.173,51.47],[12.173,51.468],[12.163,51.467],[12.163,51.466],[12.155,51.465],[12.153,51.463],[12.149,51.463],[12.149,51.459],[12.153,51.458],[12.153,51.453],[12.158,51.451],[12.158,51.446],[12.154,51.446],[12.154,51.444],[12.158,51.444],[12.157,51.433],[12.17,51.43],[12.171,51.434],[12.182,51.432],[12.186,51.421],[12.19,51.421],[12.187,51.414],[12.183,51.414],[12.183,51.411],[12.174,51.41],[12.178,51.404],[12.178,51.401],[12.175,51.4],[12.178,51.389],[12.184,51.389],[12.185,51.388],[12.172,51.384],[12.177,51.38],[12.175,51.379],[12.178,51.377],[12.175,51.376],[12.178,51.375],[12.181,51.376],[12.184,51.378],[12.187,51.378],[12.19,51.38],[12.19,51.376],[12.183,51.374],[12.182,51.368],[12.183,51.368],[12.193,51.371],[12.194,51.369],[12.186,51.366],[12.186,51.362],[12.192,51.362],[12.192,51.36],[12.196,51.36],[12.195,51.354],[12.191,51.354],[12.19,51.351],[12.192,51.343],[12.194,51.343],[12.193,51.34],[12.194,51.33],[12.167,51.327],[12.165,51.326],[12.165,51.321],[12.148,51.32],[12.155,51.31],[12.158,51.302],[12.155,51.301],[12.157,51.292],[12.169,51.294],[12.17,51.286],[12.172,51.286],[12.171,51.275],[12.169,51.27],[12.166,51.268],[12.166,51.266],[12.173,51.266],[12.174,51.258],[12.189,51.258],[12.193,51.241],[12.195,51.239],[12.199,51.24],[12.2,51.238],[12.192,51.237],[12.193,51.235],[12.198,51.217],[12.204,51.217],[12.205,51.214],[12.201,51.213],[12.19,51.204],[12.192,51.196],[12.186,51.194],[12.187,51.191],[12.181,51.19],[12.174,51.19],[12.175,51.181],[12.193,51.185],[12.213,51.184],[12.212,51.179],[12.209,51.176],[12.212,51.175],[12.212,51.172],[12.206,51.171],[12.202,51.166],[12.202,51.161],[12.197,51.16],[12.198,51.149],[12.197,51.147],[12.196,51.142],[12.23,51.136],[12.242,51.131],[12.237,51.128],[12.239,51.126],[12.235,51.123],[12.232,51.124],[12.229,51.12],[12.226,51.12],[12.226,51.122],[12.224,51.123],[12.22,51.123],[12.22,51.121],[12.223,51.121],[12.222,51.119],[12.225,51.119],[12.223,51.116],[12.225,51.115],[12.223,51.112],[12.224,51.111],[12.221,51.11],[12.226,51.108],[12.227,51.106],[12.231,51.104],[12.23,51.104],[12.241,51.103],[12.241,51.102],[12.244,51.102],[12.244,51.1],[12.252,51.1],[12.253,51.097],[12.261,51.098],[12.263,51.1],[12.279,51.099],[12.278,51.097],[12.279,51.095],[12.28,51.096],[12.285,51.091],[12.284,51.083],[12.28,51.082],[12.28,51.08],[12.278,51.079],[12.269,51.078],[12.269,51.072],[12.258,51.066],[12.261,51.063],[12.26,51.058],[12.263,51.054],[12.261,51.054],[12.262,51.05],[12.256,51.049],[12.257,51.045],[12.251,51.044],[12.252,51.04],[12.25,51.038],[12.254,51.039],[12.256,51.038],[12.265,51.038],[12.273,51.041],[12.281,51.04],[12.283,51.038],[12.287,51.038],[12.29,51.03],[12.294,51.031],[12.292,51.024],[12.293,51.022],[12.292,51.019],[12.287,51.017],[12.288,51.015],[12.283,51.012],[12.284,51.008],[12.284,51.006],[12.278,51.006],[12.266,50.992],[12.255,50.985],[12.248,50.982],[12.24,50.976],[12.236,50.965],[12.232,50.961],[12.24,50.962]],[[12.281,52.229],[12.277,52.228],[12.286,52.228],[12.286,52.228],[12.281,52.229]],[[12.265,52.23],[12.274,52.229],[12.275,52.231],[12.264,52.232],[12.265,52.23]],[[12.217,52.862],[12.217,52.86],[12.222,52.862],[12.221,52.864],[12.217,52.862]]],[[[11.447,51.199],[11.447,51.196],[11.445,51.194],[11.444,51.197],[11.44,51.198],[11.439,51.2],[11.447,51.199]]]]}},{"type":"Feature","properties":{"name":"Schleswig-Holstein"},"geometry":{"type":"MultiPolygon","coordinates":[[[[10.511,53.372],[10.499,53.374],[10.468,53.386],[10.444,53.393],[10.422,53.401],[10.398,53.411],[10.375,53.424],[10.364,53.426],[10.331,53.425],[10.315,53.432],[10.308,53.433],[10.308,53.435],[10.318,53.435],[10.319,53.438],[10.315,53.44],[10.316,53.441],[10.326,53.45],[10.312,53.452],[10.308,53.443],[10.301,53.444],[10.296,53.449],[10.299,53.45],[10.298,53.452],[10.269,53.464],[10.273,53.468],[10.265,53.47],[10.266,53.473],[10.264,53.475],[10.26,53.474],[10.259,53.476],[10.26,53.477],[10.258,53.478],[10.252,53.477],[10.248,53.48],[10.238,53.483],[10.237,53.489],[10.235,53.491],[10.237,53.496],[10.226,53.495],[10.219,53.499],[10.219,53.502],[10.224,53.506],[10.219,53.508],[10.219,53.511],[10.215,53.513],[10.211,53.52],[10.2,53.514],[10.19,53.513],[10.164,53.52],[10.162,53.526],[10.167,53.537],[10.16,53.538],[10.155,53.536],[10.154,53.54],[10.153,53.54],[10.152,53.543],[10.154,53.544],[10.151,53.545],[10.153,53.55],[10.159,53.555],[10.161,53.558],[10.157,53.56],[10.149,53.562],[10.147,53.566],[10.152,53.572],[10.152,53.577],[10.159,53.581],[10.162,53.586],[10.164,53.586],[10.163,53.584],[10.166,53.583],[10.196,53.585],[10.198,53.582],[10.201,53.584],[10.194,53.59],[10.192,53.596],[10.196,53.598],[10.197,53.6],[10.195,53.608],[10.189,53.613],[10.206,53.622],[10.206,53.623],[10.211,53.623],[10.217,53.626],[10.217,53.63],[10.222,53.634],[10.21,53.636],[10.199,53.636],[10.19,53.638],[10.199,53.646],[10.195,53.652],[10.196,53.655],[10.187,53.657],[10.188,53.658],[10.183,53.664],[10.178,53.663],[10.174,53.664],[10.172,53.669],[10.166,53.668],[10.162,53.671],[10.156,53.669],[10.155,53.671],[10.16,53.672],[10.156,53.673],[10.154,53.676],[10.153,53.675],[10.143,53.676],[10.14,53.68],[10.151,53.682],[10.153,53.684],[10.152,53.687],[10.159,53.691],[10.161,53.7],[10.157,53.703],[10.158,53.705],[10.169,53.709],[10.166,53.711],[10.174,53.713],[10.182,53.709],[10.191,53.722],[10.194,53.731],[10.189,53.73],[10.171,53.737],[10.163,53.738],[10.162,53.733],[10.151,53.73],[10.145,53.725],[10.14,53.726],[10.126,53.72],[10.121,53.713],[10.118,53.714],[10.115,53.716],[10.113,53.715],[10.104,53.715],[10.102,53.718],[10.082,53.72],[10.076,53.715],[10.08,53.714],[10.075,53.711],[10.071,53.712],[10.069,53.711],[10.074,53.709],[10.07,53.706],[10.079,53.704],[10.076,53.701],[10.078,53.7],[10.074,53.699],[10.071,53.696],[10.069,53.696],[10.066,53.689],[10.061,53.688],[10.062,53.686],[10.067,53.686],[10.066,53.685],[10.069,53.679],[10.05,53.677],[10.041,53.682],[9.999,53.681],[9.993,53.677],[9.991,53.671],[9.991,53.658],[9.988,53.656],[9.99,53.65],[9.985,53.647],[9.982,53.649],[9.975,53.65],[9.974,53.648],[9.969,53.651],[9.966,53.649],[9.954,53.652],[9.95,53.651],[9.945,53.653],[9.925,53.653],[9.921,53.656],[9.918,53.654],[9.915,53.655],[9.914,53.654],[9.905,53.652],[9.905,53.642],[9.9,53.64],[9.901,53.637],[9.897,53.635],[9.896,53.632],[9.892,53.631],[9.895,53.63],[9.888,53.627],[9.885,53.623],[9.89,53.622],[9.879,53.62],[9.873,53.616],[9.868,53.609],[9.862,53.607],[9.858,53.602],[9.858,53.6],[9.845,53.596],[9.845,53.595],[9.84,53.595],[9.84,53.593],[9.837,53.592],[9.837,53.587],[9.825,53.584],[9.816,53.586],[9.805,53.594],[9.798,53.596],[9.79,53.604],[9.797,53.606],[9.798,53.608],[9.795,53.61],[9.791,53.609],[9.789,53.611],[9.771,53.616],[9.769,53.623],[9.77,53.627],[9.764,53.627],[9.764,53.625],[9.76,53.624],[9.758,53.618],[9.754,53.613],[9.759,53.611],[9.756,53.602],[9.748,53.604],[9.743,53.598],[9.747,53.592],[9.746,53.589],[9.741,53.586],[9.74,53.583],[9.736,53.582],[9.738,53.58],[9.741,53.58],[9.742,53.578],[9.737,53.577],[9.734,53.565],[9.7,53.569],[9.694,53.571],[9.692,53.569],[9.675,53.571],[9.67,53.573],[9.672,53.576],[9.663,53.578],[9.641,53.59],[9.623,53.597],[9.618,53.596],[9.613,53.598],[9.592,53.607],[9.556,53.621],[9.556,53.623],[9.562,53.627],[9.566,53.632],[9.572,53.63],[9.574,53.626],[9.58,53.623],[9.574,53.627],[9.574,53.632],[9.562,53.64],[9.552,53.652],[9.549,53.659],[9.553,53.664],[9.554,53.669],[9.549,53.675],[9.554,53.674],[9.548,53.676],[9.543,53.683],[9.538,53.692],[9.521,53.712],[9.522,53.713],[9.518,53.713],[9.488,53.726],[9.457,53.732],[9.443,53.74],[9.439,53.744],[9.439,53.747],[9.434,53.748],[9.428,53.753],[9.427,53.761],[9.423,53.769],[9.41,53.784],[9.415,53.785],[9.409,53.785],[9.411,53.788],[9.408,53.796],[9.406,53.797],[9.405,53.795],[9.401,53.795],[9.405,53.799],[9.4,53.811],[9.395,53.817],[9.402,53.824],[9.399,53.826],[9.388,53.824],[9.377,53.832],[9.354,53.839],[9.328,53.86],[9.287,53.874],[9.276,53.876],[9.266,53.876],[9.261,53.88],[9.259,53.879],[9.219,53.889],[9.179,53.889],[9.179,53.887],[9.17,53.887],[9.17,53.889],[9.138,53.888],[9.127,53.888],[9.122,53.89],[9.117,53.888],[9.094,53.888],[9.078,53.891],[9.068,53.895],[9.054,53.897],[9.051,53.899],[9.029,53.899],[9.012,53.894],[8.972,53.892],[8.964,53.895],[8.962,53.897],[8.95,53.902],[8.945,53.908],[8.935,53.912],[8.929,53.918],[8.922,53.92],[8.919,53.924],[8.915,53.925],[8.915,53.927],[8.902,53.938],[8.9,53.944],[8.892,53.952],[8.889,53.957],[8.884,53.961],[8.884,53.963],[8.879,53.964],[8.877,53.965],[8.877,53.967],[8.875,53.967],[8.877,53.974],[8.874,53.977],[8.877,53.979],[8.87,53.982],[8.867,53.985],[8.868,53.986],[8.865,53.988],[8.864,53.991],[8.852,53.993],[8.852,53.995],[8.848,54.001],[8.844,54.003],[8.844,54.004],[8.839,54.008],[8.839,54.012],[8.835,54.013],[8.836,54.015],[8.831,54.019],[8.831,54.022],[8.835,54.023],[8.821,54.021],[8.82,54.024],[8.838,54.028],[8.841,54.037],[8.848,54.038],[8.849,54.04],[8.855,54.043],[8.878,54.046],[8.924,54.043],[8.944,54.035],[8.964,54.035],[8.977,54.041],[8.982,54.046],[8.986,54.061],[8.979,54.07],[8.956,54.085],[8.953,54.09],[8.949,54.092],[8.949,54.096],[8.944,54.105],[8.94,54.11],[8.939,54.114],[8.928,54.132],[8.911,54.135],[8.896,54.134],[8.879,54.129],[8.87,54.123],[8.859,54.123],[8.859,54.126],[8.856,54.129],[8.841,54.132],[8.836,54.135],[8.839,54.137],[8.834,54.137],[8.826,54.145],[8.818,54.167],[8.81,54.17],[8.807,54.175],[8.81,54.179],[8.809,54.183],[8.809,54.191],[8.812,54.193],[8.815,54.203],[8.823,54.21],[8.832,54.215],[8.835,54.218],[8.838,54.232],[8.834,54.236],[8.83,54.237],[8.832,54.239],[8.831,54.24],[8.831,54.245],[8.833,54.245],[8.832,54.248],[8.838,54.249],[8.836,54.252],[8.84,54.252],[8.841,54.256],[8.844,54.258],[8.877,54.258],[8.886,54.259],[8.894,54.258],[8.903,54.26],[8.921,54.275],[8.933,54.279],[8.932,54.281],[8.939,54.284],[8.942,54.288],[8.94,54.292],[8.942,54.294],[8.941,54.298],[8.945,54.303],[8.943,54.304],[8.946,54.305],[8.945,54.306],[8.946,54.309],[8.952,54.313],[8.945,54.313],[8.942,54.31],[8.936,54.307],[8.935,54.305],[8.93,54.303],[8.926,54.299],[8.905,54.29],[8.9,54.285],[8.886,54.281],[8.878,54.274],[8.872,54.273],[8.871,54.271],[8.866,54.272],[8.862,54.269],[8.859,54.27],[8.861,54.276],[8.86,54.281],[8.856,54.284],[8.851,54.285],[8.85,54.287],[8.844,54.288],[8.842,54.287],[8.846,54.287],[8.86,54.279],[8.859,54.275],[8.855,54.272],[8.855,54.27],[8.859,54.267],[8.847,54.265],[8.846,54.263],[8.84,54.266],[8.844,54.268],[8.844,54.274],[8.841,54.28],[8.831,54.289],[8.823,54.291],[8.814,54.29],[8.793,54.282],[8.783,54.281],[8.772,54.281],[8.769,54.287],[8.75,54.288],[8.744,54.29],[8.734,54.289],[8.726,54.285],[8.723,54.285],[8.725,54.287],[8.719,54.286],[8.71,54.288],[8.7,54.284],[8.7,54.282],[8.696,54.28],[8.697,54.279],[8.689,54.276],[8.689,54.273],[8.685,54.271],[8.69,54.27],[8.686,54.268],[8.666,54.27],[8.662,54.271],[8.657,54.278],[8.652,54.278],[8.648,54.278],[8.651,54.277],[8.651,54.275],[8.645,54.273],[8.643,54.277],[8.635,54.281],[8.635,54.284],[8.624,54.29],[8.624,54.294],[8.62,54.295],[8.621,54.296],[8.616,54.296],[8.611,54.301],[8.607,54.303],[8.603,54.31],[8.602,54.309],[8.604,54.306],[8.6,54.308],[8.599,54.307],[8.603,54.305],[8.602,54.303],[8.606,54.301],[8.612,54.292],[8.601,54.295],[8.594,54.302],[8.592,54.302],[8.592,54.3],[8.604,54.291],[8.614,54.288],[8.621,54.282],[8.61,54.284],[8.593,54.29],[8.583,54.299],[8.58,54.304],[8.581,54.307],[8.58,54.31],[8.588,54.338],[8.595,54.35],[8.605,54.358],[8.62,54.356],[8.619,54.352],[8.622,54.35],[8.617,54.35],[8.616,54.348],[8.62,54.345],[8.626,54.345],[8.638,54.34],[8.639,54.341],[8.634,54.342],[8.633,54.344],[8.639,54.342],[8.637,54.346],[8.644,54.346],[8.645,54.348],[8.65,54.349],[8.649,54.351],[8.654,54.352],[8.658,54.351],[8.658,54.353],[8.663,54.352],[8.665,54.355],[8.676,54.353],[8.686,54.357],[8.684,54.358],[8.681,54.357],[8.681,54.36],[8.673,54.36],[8.673,54.364],[8.677,54.364],[8.676,54.366],[8.681,54.368],[8.669,54.366],[8.661,54.368],[8.66,54.37],[8.654,54.372],[8.655,54.366],[8.646,54.367],[8.643,54.367],[8.643,54.369],[8.637,54.369],[8.635,54.376],[8.628,54.375],[8.626,54.377],[8.624,54.377],[8.624,54.37],[8.606,54.37],[8.605,54.373],[8.602,54.374],[8.605,54.376],[8.604,54.379],[8.606,54.384],[8.609,54.386],[8.637,54.395],[8.639,54.394],[8.634,54.391],[8.64,54.394],[8.643,54.394],[8.641,54.391],[8.646,54.394],[8.654,54.393],[8.666,54.397],[8.671,54.401],[8.694,54.398],[8.694,54.401],[8.707,54.402],[8.708,54.401],[8.709,54.402],[8.725,54.404],[8.724,54.404],[8.724,54.406],[8.783,54.409],[8.784,54.41],[8.806,54.413],[8.82,54.412],[8.829,54.409],[8.843,54.407],[8.855,54.403],[8.866,54.404],[8.894,54.412],[8.906,54.419],[8.91,54.42],[8.922,54.428],[8.922,54.431],[8.929,54.433],[8.928,54.435],[8.931,54.435],[8.93,54.437],[8.935,54.437],[8.934,54.439],[8.946,54.445],[8.946,54.447],[8.95,54.449],[8.95,54.451],[8.961,54.458],[8.969,54.459],[8.975,54.459],[8.977,54.458],[8.986,54.459],[8.999,54.463],[8.999,54.465],[8.997,54.468],[8.999,54.471],[9.002,54.471],[9.011,54.475],[9.021,54.472],[9.024,54.474],[9.005,54.479],[9.012,54.485],[9.012,54.49],[9.009,54.493],[9.008,54.497],[9.005,54.498],[9.005,54.5],[9.003,54.5],[9.002,54.503],[8.998,54.504],[8.998,54.506],[8.995,54.507],[8.995,54.509],[8.99,54.511],[8.989,54.514],[8.99,54.517],[8.989,54.519],[8.984,54.519],[8.981,54.521],[8.972,54.519],[8.971,54.516],[8.967,54.516],[8.969,54.514],[8.964,54.513],[8.965,54.51],[8.963,54.508],[8.965,54.506],[8.963,54.505],[8.963,54.502],[8.96,54.501],[8.959,54.497],[8.955,54.497],[8.955,54.495],[8.95,54.492],[8.941,54.49],[8.94,54.488],[8.942,54.487],[8.939,54.487],[8.939,54.485],[8.936,54.485],[8.937,54.482],[8.934,54.482],[8.93,54.479],[8.928,54.471],[8.918,54.465],[8.909,54.462],[8.896,54.459],[8.88,54.459],[8.842,54.461],[8.836,54.463],[8.828,54.462],[8.806,54.47],[8.807,54.475],[8.818,54.484],[8.819,54.487],[8.81,54.49],[8.805,54.498],[8.809,54.498],[8.813,54.503],[8.83,54.508],[8.834,54.507],[8.85,54.514],[8.872,54.528],[8.877,54.538],[8.879,54.543],[8.875,54.553],[8.87,54.56],[8.87,54.563],[8.879,54.576],[8.877,54.578],[8.88,54.578],[8.88,54.581],[8.884,54.585],[8.884,54.587],[8.887,54.589],[8.89,54.593],[8.887,54.593],[8.888,54.59],[8.881,54.59],[8.884,54.592],[8.884,54.594],[8.881,54.596],[8.881,54.599],[8.877,54.6],[8.879,54.606],[8.875,54.606],[8.87,54.602],[8.86,54.6],[8.845,54.601],[8.826,54.6],[8.819,54.595],[8.813,54.597],[8.809,54.603],[8.818,54.603],[8.824,54.605],[8.831,54.608],[8.832,54.612],[8.835,54.613],[8.835,54.615],[8.842,54.615],[8.839,54.617],[8.841,54.619],[8.837,54.621],[8.838,54.623],[8.833,54.625],[8.834,54.627],[8.826,54.631],[8.828,54.633],[8.825,54.635],[8.826,54.637],[8.825,54.638],[8.826,54.642],[8.82,54.644],[8.822,54.646],[8.818,54.647],[8.818,54.65],[8.814,54.651],[8.815,54.654],[8.807,54.655],[8.799,54.661],[8.779,54.666],[8.774,54.67],[8.77,54.669],[8.773,54.671],[8.755,54.681],[8.751,54.681],[8.751,54.683],[8.754,54.684],[8.75,54.69],[8.752,54.7],[8.747,54.703],[8.745,54.708],[8.738,54.711],[8.734,54.711],[8.732,54.713],[8.723,54.714],[8.721,54.714],[8.722,54.716],[8.719,54.716],[8.716,54.718],[8.713,54.717],[8.711,54.722],[8.707,54.724],[8.694,54.725],[8.692,54.729],[8.688,54.73],[8.689,54.732],[8.695,54.731],[8.702,54.734],[8.706,54.74],[8.705,54.743],[8.707,54.745],[8.705,54.746],[8.706,54.748],[8.693,54.762],[8.694,54.765],[8.692,54.767],[8.693,54.77],[8.69,54.771],[8.688,54.773],[8.689,54.775],[8.684,54.78],[8.68,54.786],[8.676,54.787],[8.675,54.789],[8.669,54.788],[8.668,54.791],[8.658,54.795],[8.658,54.797],[8.649,54.81],[8.643,54.812],[8.638,54.818],[8.635,54.819],[8.634,54.822],[8.626,54.824],[8.619,54.83],[8.617,54.834],[8.605,54.841],[8.606,54.849],[8.604,54.853],[8.605,54.856],[8.604,54.857],[8.604,54.859],[8.605,54.859],[8.606,54.871],[8.602,54.874],[8.602,54.877],[8.594,54.882],[8.582,54.885],[8.51,54.882],[8.481,54.873],[8.465,54.863],[8.456,54.86],[8.452,54.857],[8.444,54.856],[8.429,54.852],[8.426,54.853],[8.422,54.849],[8.416,54.847],[8.404,54.848],[8.377,54.859],[8.371,54.869],[8.367,54.871],[8.366,54.875],[8.346,54.876],[8.34,54.881],[8.335,54.876],[8.332,54.871],[8.334,54.868],[8.329,54.867],[8.329,54.869],[8.331,54.871],[8.33,54.875],[8.334,54.878],[8.33,54.88],[8.326,54.879],[8.328,54.876],[8.324,54.877],[8.316,54.876],[8.314,54.871],[8.311,54.871],[8.312,54.874],[8.31,54.874],[8.31,54.87],[8.306,54.871],[8.306,54.87],[8.302,54.867],[8.301,54.864],[8.304,54.861],[8.301,54.86],[8.303,54.859],[8.329,54.862],[8.331,54.864],[8.332,54.863],[8.329,54.861],[8.305,54.858],[8.308,54.855],[8.304,54.856],[8.303,54.853],[8.304,54.853],[8.3,54.851],[8.3,54.845],[8.296,54.842],[8.298,54.835],[8.294,54.828],[8.296,54.821],[8.3,54.819],[8.297,54.811],[8.3,54.803],[8.295,54.798],[8.296,54.794],[8.293,54.788],[8.293,54.785],[8.296,54.779],[8.3,54.776],[8.299,54.766],[8.301,54.763],[8.297,54.76],[8.297,54.757],[8.294,54.756],[8.295,54.747],[8.299,54.744],[8.299,54.742],[8.29,54.744],[8.284,54.748],[8.284,54.751],[8.28,54.752],[8.285,54.834],[8.289,54.882],[8.291,54.885],[8.291,54.892],[8.299,54.911],[8.31,54.931],[8.314,54.934],[8.315,54.939],[8.32,54.944],[8.324,54.953],[8.33,54.962],[8.346,54.979],[8.357,54.998],[8.366,55.008],[8.367,55.011],[8.37,55.014],[8.387,55.04],[8.399,55.053],[8.412,55.056],[8.423,55.055],[8.434,55.052],[8.434,55.05],[8.436,55.05],[8.463,55.046],[8.456,55.044],[8.447,55.044],[8.435,55.049],[8.416,55.048],[8.411,55.05],[8.407,55.048],[8.406,55.05],[8.399,55.05],[8.398,55.049],[8.401,55.047],[8.395,55.045],[8.398,55.041],[8.397,55.036],[8.403,55.034],[8.422,55.034],[8.428,55.032],[8.428,55.028],[8.431,55.025],[8.44,55.023],[8.441,55.021],[8.439,55.019],[8.443,55.017],[8.443,55.016],[8.441,55.015],[8.433,55.015],[8.416,55.007],[8.395,55.004],[8.392,55.001],[8.379,54.997],[8.369,54.987],[8.37,54.986],[8.361,54.975],[8.354,54.968],[8.362,54.957],[8.359,54.953],[8.359,54.95],[8.363,54.945],[8.363,54.943],[8.36,54.938],[8.359,54.931],[8.363,54.927],[8.361,54.924],[8.364,54.922],[8.361,54.917],[8.363,54.909],[8.367,54.902],[8.375,54.894],[8.381,54.891],[8.388,54.89],[8.392,54.887],[8.415,54.881],[8.428,54.879],[8.43,54.878],[8.461,54.877],[8.474,54.879],[8.486,54.877],[8.49,54.879],[8.516,54.884],[8.564,54.885],[8.564,54.886],[8.588,54.887],[8.588,54.889],[8.591,54.889],[8.597,54.888],[8.621,54.893],[8.63,54.9],[8.632,54.899],[8.633,54.903],[8.635,54.904],[8.636,54.906],[8.638,54.905],[8.638,54.911],[8.66,54.909],[8.668,54.911],[8.68,54.91],[8.728,54.893],[8.738,54.893],[8.755,54.897],[8.76,54.895],[8.777,54.893],[8.776,54.895],[8.799,54.903],[8.799,54.905],[8.811,54.906],[8.814,54.904],[8.819,54.904],[8.824,54.907],[8.837,54.906],[8.849,54.897],[8.859,54.897],[8.866,54.9],[8.873,54.899],[8.877,54.902],[8.887,54.903],[8.892,54.905],[8.911,54.904],[8.914,54.902],[8.925,54.903],[8.948,54.903],[8.977,54.896],[8.984,54.892],[9.015,54.886],[9.03,54.88],[9.029,54.878],[9.048,54.872],[9.058,54.873],[9.063,54.871],[9.076,54.872],[9.091,54.87],[9.11,54.874],[9.123,54.873],[9.136,54.874],[9.143,54.873],[9.186,54.863],[9.188,54.861],[9.195,54.859],[9.205,54.859],[9.24,54.85],[9.245,54.844],[9.235,54.835],[9.236,54.831],[9.25,54.81],[9.273,54.812],[9.284,54.81],[9.286,54.804],[9.295,54.802],[9.295,54.803],[9.292,54.806],[9.293,54.809],[9.329,54.806],[9.344,54.8],[9.345,54.802],[9.342,54.804],[9.343,54.807],[9.347,54.807],[9.356,54.815],[9.364,54.815],[9.364,54.817],[9.374,54.821],[9.373,54.822],[9.376,54.829],[9.374,54.831],[9.375,54.833],[9.379,54.833],[9.382,54.835],[9.381,54.837],[9.383,54.839],[9.392,54.838],[9.403,54.84],[9.404,54.839],[9.407,54.842],[9.411,54.842],[9.418,54.838],[9.418,54.837],[9.416,54.836],[9.416,54.834],[9.42,54.832],[9.421,54.827],[9.427,54.816],[9.433,54.81],[9.438,54.809],[9.434,54.803],[9.43,54.803],[9.428,54.8],[9.434,54.795],[9.435,54.79],[9.437,54.789],[9.437,54.8],[9.438,54.803],[9.442,54.805],[9.44,54.801],[9.444,54.805],[9.453,54.807],[9.458,54.818],[9.465,54.822],[9.467,54.824],[9.473,54.822],[9.476,54.823],[9.485,54.823],[9.49,54.824],[9.494,54.822],[9.499,54.823],[9.502,54.826],[9.504,54.829],[9.517,54.839],[9.523,54.837],[9.531,54.844],[9.54,54.848],[9.565,54.855],[9.569,54.858],[9.572,54.857],[9.57,54.858],[9.574,54.864],[9.581,54.864],[9.586,54.866],[9.587,54.868],[9.585,54.87],[9.589,54.876],[9.594,54.878],[9.593,54.877],[9.605,54.876],[9.611,54.876],[9.613,54.877],[9.613,54.874],[9.602,54.869],[9.597,54.864],[9.59,54.852],[9.59,54.845],[9.6,54.834],[9.607,54.83],[9.623,54.832],[9.654,54.82],[9.654,54.822],[9.663,54.824],[9.71,54.809],[9.762,54.801],[9.769,54.796],[9.766,54.794],[9.768,54.793],[9.768,54.79],[9.77,54.787],[9.774,54.786],[9.777,54.788],[9.778,54.785],[9.775,54.783],[9.784,54.777],[9.783,54.777],[9.786,54.77],[9.777,54.767],[9.779,54.764],[9.775,54.764],[9.775,54.763],[9.772,54.762],[9.772,54.76],[9.77,54.759],[9.773,54.757],[9.773,54.755],[9.775,54.755],[9.775,54.752],[9.773,54.753],[9.772,54.747],[9.769,54.748],[9.77,54.744],[9.773,54.745],[9.777,54.742],[9.777,54.741],[9.784,54.742],[9.784,54.739],[9.787,54.737],[9.783,54.737],[9.781,54.736],[9.781,54.735],[9.782,54.733],[9.786,54.733],[9.786,54.731],[9.791,54.732],[9.791,54.735],[9.796,54.732],[9.799,54.734],[9.802,54.734],[9.805,54.737],[9.806,54.736],[9.803,54.734],[9.811,54.733],[9.815,54.731],[9.816,54.729],[9.816,54.731],[9.817,54.731],[9.818,54.73],[9.822,54.729],[9.82,54.731],[9.828,54.736],[9.825,54.739],[9.826,54.74],[9.828,54.74],[9.828,54.742],[9.835,54.742],[9.837,54.744],[9.84,54.743],[9.858,54.743],[9.864,54.74],[9.87,54.741],[9.875,54.734],[9.872,54.732],[9.872,54.729],[9.875,54.728],[9.874,54.726],[9.876,54.723],[9.881,54.721],[9.884,54.72],[9.886,54.724],[9.899,54.725],[9.914,54.73],[9.916,54.724],[9.913,54.723],[9.918,54.721],[9.92,54.719],[9.921,54.71],[9.962,54.714],[10.034,54.692],[10.037,54.689],[10.037,54.683],[10.036,54.675],[10.035,54.672],[10.033,54.672],[10.031,54.673],[10.033,54.675],[10.03,54.677],[10.031,54.678],[10.027,54.679],[10.03,54.68],[10.029,54.682],[10.024,54.682],[10.028,54.684],[10.03,54.686],[10.027,54.684],[10.022,54.684],[10.029,54.689],[10.021,54.688],[10.02,54.69],[10.023,54.692],[10.015,54.693],[10.013,54.69],[9.998,54.687],[9.995,54.684],[9.996,54.681],[9.995,54.68],[9.991,54.681],[9.988,54.683],[9.987,54.686],[9.99,54.686],[9.995,54.689],[9.995,54.691],[9.991,54.694],[9.993,54.699],[9.988,54.701],[9.982,54.701],[9.981,54.698],[9.982,54.697],[9.974,54.694],[9.975,54.691],[9.974,54.689],[9.98,54.687],[9.977,54.683],[9.969,54.684],[9.961,54.678],[9.95,54.678],[9.938,54.673],[9.94,54.671],[9.937,54.667],[9.939,54.666],[9.938,54.664],[9.935,54.662],[9.935,54.658],[9.938,54.655],[9.933,54.651],[9.931,54.646],[9.932,54.642],[9.93,54.642],[9.93,54.635],[9.932,54.633],[9.938,54.633],[9.933,54.628],[9.913,54.629],[9.911,54.63],[9.912,54.634],[9.908,54.635],[9.905,54.632],[9.905,54.63],[9.909,54.628],[9.892,54.623],[9.89,54.621],[9.879,54.616],[9.876,54.61],[9.862,54.605],[9.859,54.602],[9.854,54.6],[9.844,54.601],[9.842,54.599],[9.836,54.599],[9.832,54.596],[9.832,54.595],[9.839,54.594],[9.825,54.592],[9.821,54.589],[9.822,54.586],[9.819,54.585],[9.812,54.586],[9.812,54.588],[9.821,54.591],[9.825,54.594],[9.82,54.594],[9.814,54.592],[9.81,54.589],[9.805,54.589],[9.805,54.586],[9.801,54.582],[9.802,54.58],[9.804,54.58],[9.81,54.587],[9.81,54.586],[9.815,54.584],[9.81,54.579],[9.797,54.578],[9.792,54.574],[9.785,54.573],[9.774,54.575],[9.781,54.578],[9.781,54.58],[9.773,54.578],[9.773,54.58],[9.77,54.581],[9.768,54.579],[9.767,54.575],[9.764,54.569],[9.764,54.566],[9.769,54.566],[9.769,54.565],[9.754,54.559],[9.753,54.554],[9.74,54.545],[9.738,54.541],[9.739,54.538],[9.735,54.532],[9.726,54.531],[9.723,54.531],[9.719,54.535],[9.714,54.533],[9.72,54.53],[9.717,54.528],[9.717,54.526],[9.712,54.52],[9.703,54.519],[9.701,54.526],[9.699,54.527],[9.67,54.525],[9.659,54.523],[9.651,54.522],[9.646,54.524],[9.645,54.523],[9.649,54.521],[9.639,54.522],[9.635,54.519],[9.635,54.515],[9.633,54.514],[9.627,54.523],[9.633,54.525],[9.634,54.527],[9.627,54.531],[9.616,54.528],[9.604,54.527],[9.6,54.523],[9.603,54.522],[9.605,54.523],[9.605,54.521],[9.597,54.519],[9.587,54.512],[9.587,54.51],[9.579,54.511],[9.573,54.512],[9.558,54.511],[9.557,54.511],[9.557,54.513],[9.549,54.512],[9.545,54.509],[9.549,54.508],[9.549,54.505],[9.551,54.503],[9.557,54.504],[9.561,54.501],[9.571,54.502],[9.578,54.5],[9.567,54.495],[9.57,54.489],[9.576,54.486],[9.575,54.484],[9.574,54.475],[9.578,54.475],[9.578,54.477],[9.582,54.478],[9.582,54.483],[9.578,54.489],[9.582,54.494],[9.582,54.5],[9.581,54.501],[9.596,54.506],[9.614,54.508],[9.624,54.511],[9.629,54.511],[9.636,54.508],[9.644,54.51],[9.665,54.506],[9.668,54.504],[9.67,54.499],[9.674,54.496],[9.684,54.495],[9.69,54.493],[9.692,54.49],[9.709,54.492],[9.715,54.491],[9.716,54.493],[9.713,54.495],[9.714,54.497],[9.71,54.508],[9.7,54.515],[9.706,54.517],[9.716,54.517],[9.716,54.524],[9.721,54.529],[9.726,54.528],[9.724,54.527],[9.724,54.52],[9.727,54.521],[9.729,54.523],[9.737,54.525],[9.734,54.528],[9.739,54.528],[9.742,54.53],[9.742,54.533],[9.739,54.536],[9.744,54.536],[9.745,54.54],[9.749,54.544],[9.749,54.547],[9.762,54.549],[9.763,54.554],[9.771,54.558],[9.779,54.557],[9.779,54.556],[9.776,54.554],[9.777,54.553],[9.786,54.559],[9.803,54.567],[9.807,54.572],[9.814,54.575],[9.822,54.581],[9.841,54.584],[9.842,54.591],[9.844,54.591],[9.844,54.589],[9.845,54.589],[9.861,54.595],[9.876,54.598],[9.889,54.606],[9.894,54.607],[9.905,54.614],[9.926,54.619],[9.93,54.623],[9.933,54.622],[9.932,54.624],[9.938,54.623],[9.94,54.626],[9.936,54.629],[9.941,54.632],[9.943,54.635],[9.945,54.637],[9.944,54.638],[9.945,54.641],[9.938,54.645],[9.936,54.651],[9.941,54.654],[9.939,54.658],[9.941,54.666],[9.945,54.669],[9.945,54.67],[9.948,54.672],[9.948,54.674],[9.954,54.675],[9.976,54.674],[9.984,54.67],[9.989,54.67],[9.99,54.666],[9.998,54.666],[9.999,54.668],[9.999,54.672],[10.002,54.674],[10.004,54.673],[10.005,54.667],[10.01,54.663],[10.01,54.662],[10.013,54.662],[10.016,54.664],[10.03,54.664],[10.031,54.667],[10.033,54.667],[10.033,54.67],[10.034,54.67],[10.035,54.667],[10.033,54.662],[10.018,54.663],[10.015,54.661],[10.024,54.658],[10.032,54.66],[10.032,54.658],[10.034,54.658],[10.031,54.651],[10.03,54.638],[10.033,54.632],[10.034,54.622],[10.033,54.617],[10.027,54.608],[10.027,54.604],[10.025,54.596],[10.026,54.585],[10.03,54.583],[10.025,54.579],[10.027,54.57],[10.025,54.565],[10.027,54.557],[10.027,54.55],[10.021,54.547],[10.015,54.545],[10.011,54.541],[10.009,54.534],[9.998,54.521],[9.99,54.518],[9.984,54.512],[9.976,54.511],[9.966,54.503],[9.953,54.5],[9.94,54.496],[9.94,54.494],[9.935,54.494],[9.928,54.491],[9.912,54.488],[9.887,54.478],[9.874,54.476],[9.87,54.474],[9.871,54.471],[9.865,54.47],[9.858,54.471],[9.856,54.474],[9.851,54.477],[9.84,54.476],[9.84,54.475],[9.845,54.474],[9.841,54.472],[9.84,54.467],[9.844,54.46],[9.848,54.456],[9.855,54.456],[9.856,54.455],[9.853,54.453],[9.856,54.45],[9.869,54.447],[9.891,54.451],[9.914,54.452],[9.922,54.457],[9.934,54.461],[9.924,54.461],[9.925,54.462],[9.947,54.463],[9.96,54.467],[9.996,54.468],[10.019,54.475],[10.059,54.478],[10.067,54.48],[10.083,54.48],[10.109,54.484],[10.127,54.485],[10.136,54.484],[10.156,54.476],[10.172,54.469],[10.19,54.457],[10.199,54.456],[10.196,54.45],[10.186,54.448],[10.175,54.436],[10.169,54.434],[10.172,54.43],[10.173,54.428],[10.171,54.427],[10.19,54.41],[10.193,54.402],[10.189,54.398],[10.189,54.392],[10.192,54.39],[10.175,54.39],[10.165,54.386],[10.161,54.386],[10.161,54.382],[10.166,54.378],[10.159,54.376],[10.155,54.369],[10.148,54.369],[10.148,54.364],[10.151,54.363],[10.146,54.363],[10.15,54.359],[10.145,54.361],[10.143,54.359],[10.141,54.353],[10.155,54.345],[10.158,54.337],[10.153,54.335],[10.147,54.328],[10.144,54.322],[10.135,54.318],[10.132,54.311],[10.134,54.311],[10.136,54.315],[10.14,54.317],[10.149,54.321],[10.152,54.32],[10.151,54.324],[10.155,54.325],[10.155,54.322],[10.159,54.324],[10.162,54.323],[10.164,54.324],[10.163,54.325],[10.168,54.328],[10.17,54.327],[10.17,54.33],[10.184,54.328],[10.17,54.333],[10.174,54.335],[10.177,54.334],[10.173,54.338],[10.175,54.339],[10.174,54.349],[10.177,54.35],[10.178,54.355],[10.18,54.357],[10.178,54.361],[10.196,54.366],[10.196,54.37],[10.194,54.372],[10.197,54.374],[10.197,54.376],[10.194,54.379],[10.202,54.381],[10.207,54.387],[10.209,54.387],[10.21,54.396],[10.215,54.398],[10.215,54.4],[10.219,54.402],[10.215,54.404],[10.218,54.405],[10.22,54.408],[10.228,54.412],[10.228,54.413],[10.241,54.416],[10.274,54.419],[10.279,54.418],[10.284,54.421],[10.294,54.422],[10.295,54.425],[10.289,54.425],[10.281,54.42],[10.277,54.42],[10.29,54.429],[10.303,54.434],[10.319,54.436],[10.335,54.435],[10.391,54.426],[10.448,54.401],[10.459,54.399],[10.477,54.392],[10.498,54.386],[10.54,54.38],[10.574,54.37],[10.604,54.363],[10.639,54.348],[10.649,54.336],[10.649,54.334],[10.65,54.332],[10.656,54.328],[10.678,54.322],[10.682,54.319],[10.678,54.316],[10.683,54.31],[10.697,54.305],[10.705,54.305],[10.713,54.305],[10.735,54.31],[10.755,54.306],[10.766,54.307],[10.789,54.312],[10.803,54.317],[10.826,54.328],[10.869,54.357],[10.889,54.365],[10.905,54.367],[10.929,54.382],[10.951,54.385],[10.956,54.382],[10.981,54.382],[10.993,54.38],[11.023,54.381],[11.025,54.377],[11.013,54.377],[11.011,54.375],[11.004,54.377],[10.999,54.375],[10.997,54.376],[10.987,54.376],[10.986,54.377],[10.987,54.38],[10.982,54.379],[10.985,54.375],[10.993,54.371],[11.0,54.37],[11.002,54.371],[11.003,54.373],[11.006,54.373],[11.011,54.37],[11.016,54.37],[11.016,54.368],[11.026,54.368],[11.059,54.375],[11.069,54.375],[11.076,54.378],[11.08,54.377],[11.079,54.379],[11.08,54.382],[11.087,54.387],[11.09,54.392],[11.096,54.394],[11.107,54.395],[11.115,54.391],[11.119,54.395],[11.13,54.39],[11.131,54.385],[11.126,54.374],[11.12,54.37],[11.114,54.369],[11.104,54.363],[11.086,54.356],[11.082,54.353],[11.078,54.345],[11.077,54.346],[11.08,54.352],[11.073,54.357],[11.062,54.357],[11.059,54.354],[11.059,54.351],[11.063,54.344],[11.075,54.346],[11.072,54.345],[11.072,54.341],[11.075,54.311],[11.078,54.304],[11.078,54.297],[11.081,54.29],[11.083,54.283],[11.085,54.282],[11.081,54.247],[11.084,54.237],[11.085,54.236],[11.086,54.231],[11.09,54.223],[11.09,54.211],[11.094,54.198],[11.086,54.197],[11.067,54.191],[11.046,54.176],[11.01,54.163],[10.981,54.15],[10.954,54.14],[10.943,54.133],[10.938,54.127],[10.929,54.121],[10.925,54.117],[10.907,54.108],[10.896,54.1],[10.893,54.095],[10.879,54.089],[10.867,54.085],[10.864,54.085],[10.855,54.089],[10.829,54.088],[10.818,54.091],[10.812,54.096],[10.805,54.096],[10.807,54.092],[10.802,54.091],[10.8,54.083],[10.796,54.081],[10.792,54.075],[10.776,54.066],[10.758,54.059],[10.751,54.049],[10.75,54.042],[10.753,54.033],[10.772,54.009],[10.787,53.996],[10.803,53.992],[10.811,53.993],[10.81,53.995],[10.838,53.991],[10.855,53.994],[10.865,53.992],[10.876,53.988],[10.885,53.978],[10.881,53.965],[10.887,53.957],[10.891,53.956],[10.904,53.956],[10.904,53.954],[10.909,53.951],[10.909,53.946],[10.898,53.938],[10.896,53.934],[10.895,53.925],[10.898,53.922],[10.903,53.924],[10.913,53.924],[10.925,53.922],[10.93,53.918],[10.939,53.919],[10.949,53.913],[10.963,53.914],[10.968,53.909],[10.964,53.907],[10.96,53.909],[10.963,53.91],[10.959,53.91],[10.954,53.909],[10.95,53.904],[10.943,53.904],[10.937,53.901],[10.911,53.898],[10.902,53.903],[10.902,53.906],[10.903,53.909],[10.912,53.914],[10.911,53.915],[10.896,53.918],[10.889,53.921],[10.886,53.925],[10.883,53.925],[10.876,53.919],[10.875,53.914],[10.859,53.909],[10.855,53.905],[10.848,53.905],[10.849,53.899],[10.847,53.897],[10.839,53.895],[10.836,53.897],[10.832,53.894],[10.826,53.893],[10.819,53.894],[10.815,53.888],[10.807,53.886],[10.808,53.883],[10.802,53.877],[10.799,53.876],[10.771,53.873],[10.77,53.871],[10.765,53.867],[10.764,53.864],[10.76,53.861],[10.759,53.858],[10.748,53.852],[10.748,53.85],[10.754,53.849],[10.749,53.845],[10.748,53.833],[10.755,53.83],[10.762,53.823],[10.763,53.811],[10.767,53.806],[10.765,53.803],[10.772,53.797],[10.773,53.792],[10.772,53.789],[10.769,53.789],[10.769,53.784],[10.766,53.78],[10.77,53.776],[10.766,53.77],[10.762,53.769],[10.758,53.764],[10.757,53.758],[10.758,53.748],[10.773,53.749],[10.806,53.739],[10.809,53.737],[10.808,53.733],[10.81,53.731],[10.806,53.73],[10.807,53.727],[10.811,53.72],[10.825,53.711],[10.83,53.711],[10.84,53.707],[10.843,53.708],[10.846,53.704],[10.852,53.706],[10.85,53.702],[10.851,53.7],[10.853,53.7],[10.853,53.702],[10.862,53.702],[10.863,53.704],[10.868,53.704],[10.872,53.702],[10.88,53.702],[10.881,53.704],[10.886,53.706],[10.905,53.703],[10.915,53.699],[10.922,53.7],[10.926,53.692],[10.918,53.691],[10.919,53.689],[10.927,53.69],[10.929,53.687],[10.937,53.687],[10.942,53.684],[10.944,53.674],[10.94,53.673],[10.942,53.669],[10.939,53.666],[10.943,53.664],[10.942,53.662],[10.944,53.662],[10.945,53.659],[10.949,53.661],[10.949,53.658],[10.955,53.659],[10.955,53.656],[10.951,53.646],[10.945,53.647],[10.948,53.642],[10.93,53.629],[10.922,53.602],[10.918,53.599],[10.919,53.594],[10.924,53.589],[10.924,53.584],[10.909,53.571],[10.895,53.572],[10.883,53.569],[10.872,53.569],[10.864,53.565],[10.856,53.566],[10.85,53.565],[10.846,53.569],[10.846,53.572],[10.842,53.575],[10.837,53.576],[10.833,53.575],[10.827,53.576],[10.823,53.575],[10.822,53.573],[10.827,53.567],[10.826,53.559],[10.824,53.556],[10.827,53.554],[10.832,53.543],[10.819,53.535],[10.819,53.528],[10.822,53.524],[10.815,53.522],[10.816,53.52],[10.825,53.518],[10.824,53.514],[10.811,53.516],[10.786,53.511],[10.778,53.497],[10.778,53.495],[10.765,53.491],[10.756,53.483],[10.752,53.484],[10.731,53.48],[10.727,53.481],[10.721,53.476],[10.702,53.478],[10.693,53.455],[10.652,53.462],[10.642,53.456],[10.632,53.455],[10.633,53.452],[10.63,53.451],[10.631,53.449],[10.626,53.443],[10.626,53.442],[10.629,53.441],[10.624,53.439],[10.626,53.438],[10.624,53.435],[10.625,53.434],[10.621,53.431],[10.621,53.428],[10.623,53.426],[10.618,53.425],[10.62,53.42],[10.618,53.416],[10.619,53.407],[10.617,53.405],[10.621,53.404],[10.619,53.399],[10.621,53.399],[10.619,53.397],[10.62,53.395],[10.618,53.394],[10.618,53.388],[10.616,53.387],[10.617,53.385],[10.606,53.379],[10.599,53.378],[10.597,53.37],[10.594,53.368],[10.595,53.364],[10.584,53.36],[10.577,53.36],[10.568,53.362],[10.557,53.369],[10.511,53.372]]],[[[9.564,53.634],[9.565,53.632],[9.561,53.628],[9.555,53.626],[9.551,53.633],[9.536,53.644],[9.535,53.649],[9.538,53.655],[9.541,53.656],[9.542,53.665],[9.544,53.662],[9.546,53.648],[9.549,53.643],[9.555,53.637],[9.564,53.634]]],[[[9.555,53.639],[9.55,53.645],[9.549,53.647],[9.556,53.642],[9.557,53.638],[9.555,53.639]]],[[[9.511,53.687],[9.51,53.694],[9.501,53.703],[9.496,53.711],[9.511,53.707],[9.52,53.699],[9.529,53.683],[9.53,53.672],[9.527,53.664],[9.511,53.687]]],[[[11.091,54.438],[11.089,54.436],[11.081,54.438],[11.086,54.439],[11.091,54.438]]],[[[11.071,54.533],[11.08,54.531],[11.096,54.531],[11.099,54.53],[11.116,54.528],[11.131,54.525],[11.171,54.522],[11.188,54.516],[11.19,54.514],[11.19,54.511],[11.193,54.51],[11.217,54.505],[11.224,54.504],[11.23,54.508],[11.234,54.507],[11.235,54.504],[11.234,54.499],[11.242,54.494],[11.246,54.481],[11.252,54.471],[11.268,54.465],[11.271,54.459],[11.276,54.456],[11.276,54.452],[11.279,54.446],[11.287,54.438],[11.298,54.431],[11.301,54.42],[11.305,54.418],[11.307,54.412],[11.312,54.409],[11.314,54.402],[11.311,54.401],[11.279,54.405],[11.261,54.41],[11.245,54.412],[11.213,54.411],[11.2,54.409],[11.197,54.408],[11.2,54.406],[11.197,54.406],[11.194,54.408],[11.194,54.412],[11.21,54.413],[11.211,54.414],[11.207,54.416],[11.212,54.417],[11.204,54.417],[11.196,54.42],[11.189,54.419],[11.186,54.42],[11.174,54.42],[11.169,54.414],[11.166,54.413],[11.166,54.411],[11.181,54.405],[11.181,54.404],[11.178,54.401],[11.119,54.403],[11.109,54.407],[11.095,54.41],[11.098,54.414],[11.098,54.419],[11.095,54.421],[11.095,54.423],[11.102,54.429],[11.101,54.436],[11.096,54.439],[11.097,54.444],[11.095,54.446],[11.086,54.444],[11.085,54.446],[11.088,54.447],[11.088,54.448],[11.076,54.45],[11.077,54.447],[11.074,54.445],[11.073,54.447],[11.074,54.449],[11.064,54.453],[11.054,54.45],[11.054,54.446],[11.051,54.445],[11.047,54.448],[11.044,54.448],[11.033,54.445],[11.031,54.443],[11.025,54.445],[11.021,54.443],[11.021,54.438],[11.029,54.436],[11.033,54.437],[11.037,54.431],[11.046,54.428],[11.041,54.429],[11.027,54.435],[11.009,54.441],[11.006,54.445],[11.004,54.45],[11.008,54.458],[11.01,54.476],[11.012,54.48],[11.01,54.482],[11.019,54.497],[11.025,54.502],[11.027,54.509],[11.03,54.509],[11.034,54.515],[11.035,54.515],[11.037,54.519],[11.044,54.524],[11.064,54.535],[11.07,54.536],[11.071,54.533]]],[[[9.406,53.77],[9.389,53.799],[9.389,53.8],[9.412,53.771],[9.416,53.764],[9.417,53.757],[9.406,53.77]]],[[[8.98,54.066],[8.982,54.064],[8.978,54.062],[8.966,54.063],[8.967,54.066],[8.974,54.065],[8.975,54.068],[8.98,54.066]]],[[[8.692,54.063],[8.692,54.062],[8.694,54.06],[8.699,54.06],[8.701,54.058],[8.693,54.055],[8.69,54.052],[8.687,54.052],[8.69,54.047],[8.682,54.048],[8.682,54.05],[8.676,54.053],[8.677,54.06],[8.683,54.066],[8.693,54.066],[8.692,54.063]]],[[[8.615,54.087],[8.615,54.083],[8.602,54.08],[8.6,54.076],[8.592,54.075],[8.586,54.08],[8.586,54.081],[8.591,54.085],[8.609,54.089],[8.615,54.087]]],[[[7.865,54.192],[7.867,54.19],[7.873,54.188],[7.885,54.189],[7.892,54.184],[7.893,54.18],[7.891,54.179],[7.895,54.177],[7.894,54.176],[7.897,54.176],[7.891,54.173],[7.891,54.17],[7.898,54.171],[7.9,54.17],[7.894,54.169],[7.889,54.17],[7.888,54.175],[7.883,54.177],[7.879,54.183],[7.865,54.189],[7.86,54.194],[7.862,54.194],[7.865,54.192]]],[[[9.71,54.493],[9.714,54.494],[9.714,54.492],[9.711,54.492],[9.71,54.493]]],[[[9.807,54.735],[9.81,54.735],[9.811,54.734],[9.806,54.734],[9.806,54.736],[9.807,54.735]]],[[[9.786,54.739],[9.785,54.741],[9.787,54.742],[9.788,54.74],[9.786,54.739]]],[[[9.795,54.748],[9.796,54.746],[9.792,54.746],[9.792,54.748],[9.795,54.748]]],[[[9.788,54.789],[9.787,54.786],[9.781,54.785],[9.78,54.787],[9.791,54.791],[9.791,54.789],[9.788,54.789]]],[[[7.918,54.187],[7.918,54.185],[7.922,54.185],[7.919,54.183],[7.918,54.181],[7.916,54.182],[7.908,54.181],[7.905,54.184],[7.9,54.185],[7.902,54.187],[7.913,54.19],[7.919,54.19],[7.918,54.187]]],[[[8.619,54.424],[8.615,54.423],[8.613,54.423],[8.613,54.425],[8.621,54.426],[8.619,54.424]]],[[[8.475,54.471],[8.475,54.466],[8.484,54.462],[8.484,54.46],[8.482,54.459],[8.485,54.459],[8.485,54.455],[8.488,54.454],[8.482,54.452],[8.493,54.45],[8.493,54.447],[8.498,54.447],[8.503,54.443],[8.501,54.442],[8.509,54.437],[8.518,54.434],[8.526,54.437],[8.526,54.434],[8.513,54.425],[8.49,54.413],[8.486,54.413],[8.47,54.422],[8.466,54.427],[8.462,54.436],[8.452,54.445],[8.45,54.453],[8.454,54.463],[8.456,54.464],[8.459,54.468],[8.465,54.47],[8.47,54.476],[8.474,54.477],[8.478,54.475],[8.475,54.474],[8.475,54.471]]],[[[8.554,54.467],[8.563,54.464],[8.556,54.46],[8.55,54.46],[8.545,54.465],[8.547,54.468],[8.554,54.467]]],[[[8.733,54.466],[8.73,54.463],[8.725,54.462],[8.719,54.465],[8.718,54.467],[8.735,54.468],[8.733,54.466]]],[[[8.481,54.544],[8.486,54.541],[8.491,54.54],[8.501,54.536],[8.505,54.531],[8.494,54.529],[8.492,54.525],[8.491,54.517],[8.494,54.515],[8.494,54.51],[8.498,54.508],[8.499,54.506],[8.488,54.5],[8.472,54.496],[8.47,54.501],[8.471,54.507],[8.467,54.512],[8.467,54.519],[8.465,54.524],[8.466,54.536],[8.467,54.54],[8.469,54.54],[8.47,54.545],[8.477,54.546],[8.481,54.544]]],[[[8.701,54.556],[8.707,54.554],[8.706,54.549],[8.704,54.547],[8.703,54.542],[8.703,54.54],[8.706,54.538],[8.697,54.523],[8.691,54.522],[8.694,54.52],[8.694,54.518],[8.691,54.515],[8.686,54.506],[8.682,54.505],[8.679,54.499],[8.672,54.495],[8.643,54.49],[8.623,54.489],[8.61,54.496],[8.607,54.501],[8.592,54.507],[8.589,54.512],[8.586,54.526],[8.587,54.529],[8.592,54.533],[8.625,54.535],[8.639,54.539],[8.641,54.545],[8.645,54.547],[8.653,54.546],[8.668,54.548],[8.674,54.552],[8.678,54.552],[8.676,54.555],[8.69,54.555],[8.691,54.557],[8.701,54.556]]],[[[8.516,54.527],[8.505,54.526],[8.505,54.527],[8.509,54.53],[8.516,54.53],[8.518,54.529],[8.516,54.527]]],[[[8.811,54.555],[8.818,54.553],[8.826,54.553],[8.828,54.552],[8.837,54.551],[8.83,54.55],[8.83,54.547],[8.824,54.543],[8.807,54.548],[8.797,54.549],[8.79,54.551],[8.804,54.556],[8.811,54.555]]],[[[8.557,54.579],[8.561,54.575],[8.565,54.569],[8.575,54.566],[8.572,54.558],[8.565,54.556],[8.549,54.556],[8.544,54.559],[8.54,54.565],[8.529,54.566],[8.521,54.57],[8.515,54.57],[8.509,54.574],[8.51,54.578],[8.514,54.579],[8.53,54.575],[8.547,54.577],[8.551,54.58],[8.557,54.579]]],[[[8.48,54.581],[8.479,54.577],[8.482,54.575],[8.491,54.576],[8.491,54.571],[8.494,54.569],[8.495,54.566],[8.501,54.558],[8.496,54.556],[8.467,54.558],[8.465,54.555],[8.461,54.555],[8.455,54.559],[8.455,54.565],[8.457,54.567],[8.456,54.57],[8.46,54.571],[8.461,54.574],[8.466,54.576],[8.467,54.579],[8.471,54.579],[8.475,54.583],[8.484,54.584],[8.48,54.581]]],[[[8.383,54.631],[8.386,54.628],[8.388,54.627],[8.394,54.627],[8.395,54.629],[8.4,54.63],[8.404,54.626],[8.386,54.624],[8.386,54.622],[8.391,54.616],[8.4,54.618],[8.399,54.615],[8.395,54.612],[8.38,54.612],[8.37,54.608],[8.363,54.608],[8.361,54.611],[8.356,54.616],[8.339,54.627],[8.338,54.63],[8.332,54.632],[8.307,54.65],[8.293,54.666],[8.292,54.67],[8.297,54.675],[8.303,54.676],[8.303,54.678],[8.305,54.679],[8.305,54.683],[8.317,54.686],[8.341,54.703],[8.343,54.706],[8.357,54.712],[8.361,54.709],[8.359,54.709],[8.358,54.707],[8.355,54.707],[8.355,54.705],[8.351,54.703],[8.34,54.699],[8.343,54.697],[8.339,54.694],[8.339,54.689],[8.345,54.68],[8.354,54.673],[8.354,54.668],[8.356,54.665],[8.356,54.661],[8.36,54.659],[8.361,54.65],[8.367,54.647],[8.373,54.646],[8.376,54.643],[8.382,54.641],[8.38,54.633],[8.383,54.633],[8.383,54.631]]],[[[8.737,54.643],[8.738,54.642],[8.736,54.64],[8.739,54.638],[8.738,54.636],[8.74,54.635],[8.73,54.629],[8.72,54.627],[8.71,54.632],[8.711,54.637],[8.718,54.642],[8.723,54.641],[8.731,54.644],[8.737,54.643]]],[[[8.771,54.636],[8.768,54.636],[8.761,54.635],[8.765,54.638],[8.773,54.637],[8.771,54.636]]],[[[8.664,54.659],[8.664,54.65],[8.661,54.649],[8.661,54.647],[8.649,54.64],[8.61,54.633],[8.603,54.632],[8.597,54.635],[8.584,54.634],[8.568,54.626],[8.562,54.627],[8.553,54.62],[8.548,54.62],[8.549,54.617],[8.539,54.623],[8.531,54.625],[8.529,54.627],[8.531,54.629],[8.53,54.631],[8.54,54.636],[8.555,54.635],[8.575,54.64],[8.582,54.639],[8.605,54.642],[8.639,54.65],[8.645,54.652],[8.65,54.656],[8.659,54.657],[8.662,54.662],[8.665,54.661],[8.664,54.659]]],[[[8.716,54.69],[8.721,54.688],[8.722,54.685],[8.72,54.685],[8.71,54.672],[8.681,54.673],[8.682,54.676],[8.69,54.676],[8.7,54.681],[8.7,54.682],[8.704,54.685],[8.71,54.685],[8.711,54.692],[8.716,54.69]]],[[[8.523,54.681],[8.48,54.681],[8.466,54.684],[8.452,54.692],[8.434,54.693],[8.412,54.699],[8.402,54.7],[8.399,54.702],[8.397,54.706],[8.396,54.718],[8.399,54.721],[8.4,54.721],[8.4,54.724],[8.402,54.724],[8.402,54.727],[8.406,54.732],[8.421,54.743],[8.431,54.746],[8.464,54.75],[8.473,54.753],[8.498,54.749],[8.517,54.755],[8.54,54.756],[8.566,54.751],[8.584,54.744],[8.586,54.741],[8.586,54.734],[8.581,54.73],[8.584,54.726],[8.592,54.722],[8.595,54.718],[8.583,54.713],[8.583,54.712],[8.58,54.71],[8.575,54.703],[8.575,54.698],[8.579,54.694],[8.577,54.694],[8.578,54.692],[8.572,54.69],[8.568,54.681],[8.563,54.679],[8.534,54.681],[8.523,54.681]]],[[[8.428,55.036],[8.434,55.037],[8.436,55.037],[8.429,55.034],[8.428,55.036]]]]}},{"type":"Feature","properties":{"name":"Thüringen"},"geometry":{"type":"MultiPolygon","coordinates":[[[[11.253,50.27],[11.248,50.268],[11.238,50.272],[11.236,50.275],[11.224,50.277],[11.219,50.281],[11.214,50.281],[11.216,50.284],[11.212,50.285],[11.198,50.292],[11.19,50.281],[11.19,50.278],[11.191,50.277],[11.189,50.275],[11.191,50.274],[11.187,50.27],[11.175,50.27],[11.174,50.271],[11.177,50.276],[11.179,50.275],[11.184,50.281],[11.177,50.281],[11.172,50.283],[11.165,50.282],[11.159,50.289],[11.154,50.283],[11.152,50.286],[11.146,50.285],[11.142,50.289],[11.143,50.293],[11.14,50.293],[11.14,50.295],[11.138,50.3],[11.133,50.3],[11.132,50.308],[11.135,50.314],[11.139,50.316],[11.152,50.321],[11.156,50.324],[11.158,50.324],[11.159,50.326],[11.157,50.327],[11.159,50.33],[11.136,50.35],[11.139,50.353],[11.127,50.356],[11.122,50.349],[11.117,50.349],[11.114,50.352],[11.117,50.354],[11.119,50.359],[11.115,50.367],[11.1,50.367],[11.097,50.366],[11.09,50.366],[11.088,50.365],[11.088,50.363],[11.086,50.362],[11.087,50.359],[11.082,50.354],[11.086,50.352],[11.081,50.352],[11.074,50.354],[11.064,50.349],[11.059,50.349],[11.043,50.345],[11.041,50.347],[11.037,50.345],[11.032,50.352],[11.043,50.352],[11.043,50.353],[11.032,50.355],[11.036,50.359],[11.033,50.361],[11.033,50.36],[11.024,50.361],[11.022,50.362],[11.018,50.361],[11.008,50.365],[10.993,50.365],[10.992,50.36],[10.994,50.353],[10.998,50.354],[10.999,50.352],[10.996,50.347],[10.993,50.349],[10.986,50.347],[10.982,50.352],[10.962,50.368],[10.957,50.368],[10.963,50.373],[10.963,50.376],[10.962,50.378],[10.96,50.375],[10.948,50.382],[10.95,50.383],[10.938,50.392],[10.93,50.392],[10.916,50.388],[10.912,50.385],[10.909,50.387],[10.899,50.385],[10.893,50.38],[10.885,50.389],[10.887,50.393],[10.878,50.393],[10.876,50.397],[10.873,50.397],[10.868,50.394],[10.866,50.389],[10.862,50.388],[10.851,50.388],[10.85,50.39],[10.83,50.393],[10.82,50.385],[10.817,50.386],[10.811,50.384],[10.81,50.382],[10.804,50.379],[10.79,50.382],[10.786,50.385],[10.774,50.372],[10.767,50.37],[10.766,50.372],[10.763,50.37],[10.765,50.369],[10.762,50.368],[10.761,50.362],[10.755,50.358],[10.749,50.358],[10.739,50.363],[10.715,50.364],[10.718,50.355],[10.713,50.355],[10.714,50.346],[10.72,50.35],[10.729,50.348],[10.727,50.347],[10.729,50.345],[10.727,50.341],[10.728,50.338],[10.72,50.333],[10.715,50.333],[10.716,50.328],[10.714,50.325],[10.715,50.321],[10.722,50.318],[10.727,50.319],[10.737,50.314],[10.742,50.316],[10.751,50.309],[10.752,50.307],[10.759,50.304],[10.762,50.298],[10.771,50.293],[10.775,50.295],[10.787,50.294],[10.794,50.295],[10.797,50.293],[10.803,50.292],[10.804,50.289],[10.802,50.283],[10.804,50.28],[10.811,50.28],[10.812,50.278],[10.815,50.279],[10.82,50.277],[10.826,50.278],[10.832,50.274],[10.836,50.273],[10.842,50.276],[10.846,50.275],[10.845,50.27],[10.851,50.265],[10.85,50.26],[10.852,50.253],[10.848,50.245],[10.845,50.243],[10.836,50.242],[10.836,50.239],[10.834,50.239],[10.824,50.237],[10.807,50.24],[10.808,50.242],[10.806,50.244],[10.807,50.244],[10.801,50.251],[10.793,50.25],[10.782,50.251],[10.784,50.248],[10.77,50.241],[10.75,50.242],[10.746,50.244],[10.748,50.248],[10.732,50.252],[10.726,50.248],[10.73,50.245],[10.729,50.243],[10.726,50.241],[10.728,50.237],[10.727,50.231],[10.729,50.23],[10.729,50.222],[10.731,50.213],[10.724,50.206],[10.717,50.205],[10.709,50.21],[10.703,50.211],[10.7,50.212],[10.696,50.212],[10.688,50.219],[10.686,50.222],[10.687,50.226],[10.672,50.221],[10.664,50.221],[10.658,50.224],[10.662,50.227],[10.659,50.231],[10.643,50.226],[10.638,50.223],[10.612,50.224],[10.604,50.24],[10.597,50.246],[10.604,50.246],[10.611,50.249],[10.611,50.251],[10.608,50.251],[10.606,50.253],[10.605,50.26],[10.598,50.263],[10.603,50.27],[10.607,50.271],[10.606,50.272],[10.594,50.27],[10.591,50.272],[10.593,50.278],[10.602,50.283],[10.601,50.284],[10.598,50.284],[10.598,50.289],[10.602,50.29],[10.605,50.294],[10.596,50.307],[10.593,50.307],[10.592,50.308],[10.592,50.311],[10.595,50.313],[10.592,50.317],[10.595,50.319],[10.601,50.334],[10.596,50.333],[10.589,50.334],[10.583,50.332],[10.575,50.337],[10.562,50.337],[10.552,50.344],[10.55,50.349],[10.555,50.355],[10.553,50.358],[10.544,50.364],[10.537,50.363],[10.535,50.366],[10.531,50.365],[10.529,50.363],[10.53,50.361],[10.527,50.361],[10.527,50.358],[10.524,50.355],[10.518,50.354],[10.515,50.35],[10.514,50.354],[10.513,50.354],[10.512,50.36],[10.507,50.358],[10.506,50.354],[10.503,50.353],[10.501,50.356],[10.5,50.355],[10.499,50.358],[10.492,50.355],[10.489,50.361],[10.486,50.363],[10.49,50.364],[10.493,50.362],[10.492,50.364],[10.495,50.365],[10.494,50.366],[10.496,50.367],[10.494,50.369],[10.491,50.369],[10.487,50.375],[10.473,50.373],[10.467,50.378],[10.464,50.376],[10.459,50.383],[10.46,50.388],[10.457,50.388],[10.453,50.393],[10.453,50.395],[10.456,50.396],[10.453,50.401],[10.45,50.403],[10.438,50.401],[10.438,50.395],[10.424,50.392],[10.42,50.394],[10.415,50.394],[10.414,50.395],[10.406,50.394],[10.406,50.395],[10.396,50.397],[10.395,50.397],[10.396,50.395],[10.395,50.394],[10.391,50.398],[10.388,50.398],[10.386,50.403],[10.384,50.403],[10.384,50.409],[10.39,50.41],[10.389,50.411],[10.394,50.414],[10.395,50.418],[10.401,50.419],[10.4,50.422],[10.405,50.423],[10.404,50.425],[10.403,50.426],[10.393,50.427],[10.393,50.43],[10.379,50.43],[10.379,50.432],[10.371,50.432],[10.37,50.435],[10.373,50.435],[10.373,50.437],[10.381,50.439],[10.376,50.441],[10.367,50.439],[10.366,50.441],[10.368,50.442],[10.361,50.446],[10.363,50.448],[10.36,50.449],[10.357,50.455],[10.352,50.456],[10.348,50.463],[10.336,50.466],[10.337,50.473],[10.339,50.475],[10.341,50.483],[10.333,50.487],[10.334,50.488],[10.333,50.491],[10.331,50.492],[10.331,50.494],[10.318,50.492],[10.309,50.494],[10.307,50.492],[10.292,50.496],[10.275,50.506],[10.268,50.504],[10.256,50.513],[10.251,50.511],[10.244,50.513],[10.244,50.515],[10.241,50.513],[10.231,50.512],[10.232,50.513],[10.226,50.519],[10.232,50.531],[10.225,50.53],[10.225,50.533],[10.222,50.539],[10.208,50.541],[10.204,50.546],[10.204,50.555],[10.199,50.554],[10.196,50.555],[10.193,50.555],[10.178,50.552],[10.175,50.546],[10.175,50.543],[10.16,50.55],[10.153,50.549],[10.151,50.552],[10.148,50.55],[10.149,50.549],[10.147,50.546],[10.148,50.544],[10.147,50.543],[10.14,50.543],[10.131,50.549],[10.127,50.553],[10.121,50.556],[10.123,50.558],[10.127,50.559],[10.126,50.561],[10.119,50.564],[10.107,50.564],[10.1,50.558],[10.098,50.552],[10.094,50.554],[10.094,50.548],[10.09,50.545],[10.074,50.539],[10.073,50.537],[10.07,50.535],[10.071,50.533],[10.069,50.53],[10.073,50.529],[10.072,50.528],[10.066,50.529],[10.052,50.519],[10.041,50.517],[10.043,50.522],[10.04,50.525],[10.038,50.529],[10.04,50.533],[10.048,50.539],[10.047,50.545],[10.057,50.555],[10.062,50.557],[10.053,50.561],[10.046,50.571],[10.045,50.575],[10.046,50.581],[10.05,50.585],[10.048,50.594],[10.049,50.599],[10.04,50.605],[10.037,50.613],[10.048,50.619],[10.046,50.621],[10.05,50.624],[10.055,50.624],[10.057,50.626],[10.067,50.624],[10.068,50.622],[10.072,50.62],[10.081,50.62],[10.083,50.634],[10.079,50.635],[10.08,50.636],[10.074,50.643],[10.07,50.656],[10.058,50.665],[10.054,50.671],[10.051,50.673],[10.033,50.675],[10.02,50.673],[10.002,50.677],[9.989,50.675],[9.977,50.668],[9.975,50.669],[9.974,50.666],[9.969,50.667],[9.963,50.666],[9.961,50.668],[9.958,50.666],[9.951,50.666],[9.948,50.662],[9.951,50.66],[9.949,50.658],[9.95,50.656],[9.969,50.641],[9.96,50.636],[9.961,50.63],[9.946,50.627],[9.94,50.629],[9.93,50.629],[9.922,50.635],[9.916,50.637],[9.91,50.636],[9.906,50.64],[9.9,50.637],[9.886,50.634],[9.879,50.635],[9.877,50.642],[9.884,50.65],[9.885,50.655],[9.88,50.666],[9.882,50.669],[9.88,50.67],[9.883,50.672],[9.881,50.673],[9.889,50.677],[9.895,50.684],[9.899,50.682],[9.906,50.684],[9.913,50.688],[9.912,50.691],[9.915,50.691],[9.915,50.694],[9.923,50.694],[9.924,50.696],[9.922,50.696],[9.92,50.698],[9.911,50.701],[9.909,50.705],[9.912,50.709],[9.935,50.724],[9.934,50.726],[9.938,50.733],[9.936,50.734],[9.941,50.739],[9.941,50.743],[9.939,50.744],[9.94,50.748],[9.939,50.753],[9.94,50.756],[9.934,50.758],[9.927,50.757],[9.92,50.76],[9.923,50.765],[9.929,50.77],[9.925,50.775],[9.928,50.777],[9.931,50.777],[9.937,50.774],[9.938,50.776],[9.942,50.775],[9.945,50.779],[9.949,50.779],[9.943,50.771],[9.952,50.773],[9.952,50.778],[9.954,50.779],[9.95,50.78],[9.955,50.785],[9.949,50.788],[9.944,50.794],[9.944,50.798],[9.946,50.801],[9.957,50.81],[9.955,50.811],[9.957,50.812],[9.956,50.816],[9.95,50.815],[9.952,50.821],[9.967,50.827],[9.977,50.833],[9.984,50.832],[9.984,50.83],[9.988,50.828],[9.992,50.828],[9.992,50.83],[9.995,50.826],[9.998,50.827],[9.998,50.828],[10.002,50.829],[10.003,50.834],[10.007,50.838],[10.01,50.835],[10.023,50.832],[10.028,50.836],[10.028,50.84],[10.027,50.841],[10.034,50.843],[10.034,50.845],[10.038,50.845],[10.036,50.847],[10.039,50.853],[10.036,50.854],[10.022,50.848],[10.019,50.856],[10.022,50.864],[10.024,50.867],[10.033,50.869],[10.039,50.874],[10.056,50.88],[10.059,50.883],[10.057,50.883],[10.057,50.885],[10.06,50.885],[10.056,50.887],[10.058,50.89],[10.053,50.893],[10.053,50.89],[10.05,50.891],[10.048,50.889],[10.042,50.893],[10.047,50.895],[10.047,50.898],[10.051,50.898],[10.051,50.9],[10.041,50.901],[10.038,50.903],[10.04,50.904],[10.034,50.909],[10.035,50.91],[10.025,50.912],[10.025,50.914],[10.016,50.917],[10.016,50.921],[10.004,50.922],[9.987,50.911],[9.985,50.907],[9.978,50.905],[9.972,50.907],[9.968,50.911],[9.97,50.913],[9.98,50.921],[9.982,50.92],[9.986,50.925],[9.985,50.925],[9.986,50.928],[9.988,50.928],[9.987,50.93],[9.989,50.931],[9.989,50.933],[9.992,50.934],[9.975,50.932],[9.966,50.934],[9.964,50.931],[9.966,50.93],[9.966,50.929],[9.957,50.923],[9.95,50.926],[9.953,50.928],[9.957,50.934],[9.95,50.942],[9.964,50.943],[9.968,50.941],[9.975,50.943],[9.975,50.942],[9.981,50.941],[9.982,50.939],[9.987,50.942],[9.992,50.941],[9.99,50.943],[9.991,50.944],[9.998,50.939],[9.999,50.937],[10.003,50.941],[10.011,50.935],[10.014,50.935],[10.018,50.937],[10.017,50.94],[10.024,50.941],[10.025,50.944],[10.027,50.943],[10.029,50.938],[10.054,50.94],[10.062,50.944],[10.064,50.945],[10.061,50.948],[10.048,50.946],[10.048,50.947],[10.043,50.949],[10.043,50.95],[10.045,50.95],[10.042,50.957],[10.032,50.96],[10.041,50.968],[10.033,50.971],[10.032,50.974],[10.024,50.976],[10.02,50.981],[10.024,50.985],[10.021,50.994],[10.025,50.997],[10.028,51.003],[10.028,51.007],[10.032,51.011],[10.036,51.012],[10.054,51.013],[10.066,51.009],[10.073,51.011],[10.094,51.007],[10.104,51.003],[10.109,51.01],[10.121,51.012],[10.128,51.009],[10.133,51.005],[10.128,51.003],[10.129,51.0],[10.132,50.999],[10.133,50.997],[10.136,50.997],[10.137,50.995],[10.147,50.994],[10.166,50.998],[10.168,51.001],[10.173,51.0],[10.17,50.998],[10.172,50.996],[10.174,50.999],[10.178,50.996],[10.181,50.998],[10.191,50.999],[10.192,51.002],[10.196,51.002],[10.197,51.007],[10.203,51.008],[10.201,51.014],[10.194,51.016],[10.193,51.019],[10.195,51.021],[10.203,51.019],[10.204,51.02],[10.209,51.019],[10.215,51.026],[10.203,51.032],[10.205,51.035],[10.198,51.039],[10.199,51.04],[10.185,51.046],[10.185,51.049],[10.182,51.048],[10.171,51.049],[10.16,51.053],[10.146,51.055],[10.146,51.057],[10.141,51.059],[10.141,51.06],[10.147,51.061],[10.147,51.063],[10.144,51.066],[10.155,51.07],[10.151,51.073],[10.152,51.074],[10.15,51.075],[10.151,51.078],[10.147,51.082],[10.148,51.084],[10.145,51.085],[10.147,51.087],[10.156,51.093],[10.157,51.096],[10.166,51.099],[10.164,51.103],[10.159,51.105],[10.16,51.108],[10.167,51.108],[10.172,51.105],[10.175,51.107],[10.176,51.109],[10.173,51.111],[10.175,51.117],[10.17,51.119],[10.154,51.118],[10.149,51.12],[10.146,51.126],[10.14,51.125],[10.14,51.128],[10.135,51.13],[10.131,51.135],[10.121,51.137],[10.118,51.14],[10.128,51.144],[10.126,51.146],[10.147,51.145],[10.153,51.149],[10.158,51.148],[10.169,51.153],[10.176,51.147],[10.178,51.142],[10.185,51.141],[10.186,51.138],[10.183,51.138],[10.185,51.133],[10.178,51.131],[10.18,51.128],[10.179,51.128],[10.19,51.122],[10.188,51.12],[10.19,51.117],[10.2,51.113],[10.207,51.117],[10.207,51.118],[10.209,51.118],[10.206,51.122],[10.211,51.123],[10.211,51.126],[10.206,51.127],[10.204,51.136],[10.21,51.141],[10.211,51.142],[10.2,51.15],[10.201,51.152],[10.208,51.155],[10.207,51.165],[10.23,51.175],[10.236,51.185],[10.235,51.188],[10.23,51.188],[10.22,51.186],[10.214,51.187],[10.211,51.19],[10.197,51.192],[10.195,51.194],[10.197,51.197],[10.188,51.204],[10.178,51.21],[10.168,51.212],[10.164,51.212],[10.161,51.208],[10.15,51.206],[10.144,51.213],[10.143,51.217],[10.145,51.218],[10.138,51.22],[10.135,51.218],[10.129,51.219],[10.113,51.215],[10.111,51.219],[10.106,51.222],[10.094,51.221],[10.09,51.227],[10.076,51.224],[10.069,51.227],[10.067,51.228],[10.071,51.236],[10.071,51.238],[10.073,51.24],[10.079,51.243],[10.069,51.244],[10.066,51.246],[10.069,51.247],[10.068,51.249],[10.062,51.253],[10.054,51.255],[10.051,51.255],[10.048,51.252],[10.047,51.253],[10.05,51.255],[10.05,51.259],[10.047,51.26],[10.047,51.264],[10.05,51.265],[10.053,51.268],[10.055,51.266],[10.057,51.268],[10.06,51.274],[10.06,51.276],[10.054,51.279],[10.049,51.278],[10.041,51.28],[10.03,51.278],[10.024,51.282],[10.01,51.283],[10.004,51.287],[9.997,51.285],[9.991,51.287],[9.983,51.283],[9.972,51.285],[9.976,51.291],[9.975,51.293],[9.971,51.294],[9.97,51.3],[9.96,51.305],[9.947,51.303],[9.94,51.307],[9.949,51.318],[9.947,51.321],[9.948,51.326],[9.944,51.329],[9.943,51.334],[9.93,51.34],[9.933,51.346],[9.93,51.348],[9.93,51.351],[9.925,51.354],[9.926,51.359],[9.923,51.368],[9.925,51.372],[9.928,51.372],[9.928,51.375],[9.942,51.378],[9.948,51.382],[9.954,51.389],[9.966,51.395],[9.987,51.398],[9.99,51.402],[9.994,51.404],[10.0,51.404],[10.001,51.408],[10.006,51.408],[10.008,51.411],[10.009,51.421],[10.024,51.419],[10.034,51.421],[10.038,51.42],[10.042,51.423],[10.041,51.426],[10.043,51.428],[10.051,51.43],[10.052,51.431],[10.049,51.433],[10.048,51.434],[10.049,51.435],[10.046,51.436],[10.047,51.437],[10.059,51.435],[10.061,51.432],[10.06,51.428],[10.066,51.425],[10.065,51.42],[10.069,51.418],[10.075,51.419],[10.08,51.425],[10.08,51.435],[10.091,51.436],[10.117,51.43],[10.121,51.434],[10.128,51.435],[10.131,51.434],[10.132,51.435],[10.14,51.43],[10.15,51.429],[10.155,51.431],[10.141,51.437],[10.14,51.439],[10.143,51.44],[10.14,51.443],[10.142,51.445],[10.152,51.447],[10.156,51.444],[10.159,51.447],[10.168,51.444],[10.174,51.446],[10.18,51.456],[10.177,51.457],[10.186,51.462],[10.186,51.465],[10.179,51.467],[10.178,51.47],[10.184,51.472],[10.19,51.481],[10.194,51.481],[10.202,51.486],[10.206,51.487],[10.214,51.48],[10.213,51.479],[10.218,51.478],[10.215,51.477],[10.217,51.477],[10.215,51.473],[10.217,51.47],[10.221,51.472],[10.224,51.471],[10.227,51.474],[10.233,51.471],[10.236,51.471],[10.235,51.473],[10.238,51.477],[10.244,51.479],[10.245,51.484],[10.252,51.484],[10.273,51.488],[10.274,51.489],[10.272,51.491],[10.273,51.491],[10.284,51.494],[10.293,51.492],[10.3,51.494],[10.301,51.496],[10.299,51.499],[10.3,51.505],[10.301,51.508],[10.305,51.509],[10.309,51.515],[10.315,51.516],[10.318,51.514],[10.342,51.52],[10.344,51.524],[10.344,51.527],[10.348,51.529],[10.348,51.532],[10.368,51.543],[10.368,51.549],[10.372,51.553],[10.365,51.556],[10.374,51.559],[10.379,51.563],[10.379,51.569],[10.378,51.571],[10.379,51.579],[10.378,51.579],[10.376,51.583],[10.373,51.584],[10.37,51.587],[10.377,51.589],[10.39,51.586],[10.398,51.588],[10.406,51.587],[10.429,51.593],[10.444,51.59],[10.451,51.584],[10.459,51.584],[10.463,51.582],[10.467,51.583],[10.468,51.582],[10.472,51.582],[10.496,51.573],[10.504,51.562],[10.506,51.563],[10.508,51.562],[10.51,51.557],[10.519,51.554],[10.53,51.557],[10.534,51.559],[10.546,51.556],[10.56,51.557],[10.567,51.56],[10.57,51.563],[10.576,51.563],[10.577,51.566],[10.584,51.566],[10.584,51.567],[10.588,51.568],[10.593,51.573],[10.598,51.576],[10.599,51.578],[10.604,51.58],[10.612,51.579],[10.622,51.576],[10.628,51.572],[10.626,51.57],[10.627,51.568],[10.633,51.566],[10.636,51.562],[10.646,51.563],[10.645,51.56],[10.652,51.559],[10.653,51.56],[10.657,51.558],[10.659,51.561],[10.661,51.561],[10.658,51.567],[10.665,51.575],[10.666,51.578],[10.659,51.58],[10.658,51.582],[10.639,51.584],[10.638,51.589],[10.633,51.599],[10.634,51.601],[10.633,51.602],[10.635,51.606],[10.633,51.608],[10.649,51.606],[10.639,51.616],[10.64,51.618],[10.638,51.619],[10.639,51.621],[10.657,51.624],[10.673,51.63],[10.682,51.629],[10.676,51.633],[10.675,51.637],[10.677,51.638],[10.699,51.639],[10.701,51.642],[10.709,51.641],[10.726,51.645],[10.737,51.645],[10.749,51.64],[10.756,51.642],[10.756,51.645],[10.764,51.649],[10.771,51.645],[10.785,51.642],[10.818,51.639],[10.818,51.637],[10.822,51.633],[10.821,51.624],[10.823,51.623],[10.831,51.627],[10.834,51.631],[10.849,51.631],[10.859,51.633],[10.877,51.622],[10.88,51.618],[10.883,51.618],[10.882,51.617],[10.886,51.614],[10.887,51.612],[10.894,51.611],[10.902,51.612],[10.922,51.618],[10.921,51.614],[10.916,51.613],[10.914,51.61],[10.937,51.604],[10.938,51.602],[10.935,51.597],[10.931,51.594],[10.931,51.592],[10.91,51.593],[10.907,51.595],[10.903,51.594],[10.896,51.597],[10.896,51.602],[10.895,51.602],[10.894,51.599],[10.889,51.596],[10.888,51.589],[10.884,51.586],[10.882,51.581],[10.893,51.577],[10.893,51.571],[10.896,51.566],[10.9,51.564],[10.9,51.561],[10.897,51.56],[10.895,51.558],[10.896,51.554],[10.9,51.551],[10.905,51.55],[10.909,51.553],[10.909,51.555],[10.911,51.555],[10.913,51.55],[10.916,51.547],[10.94,51.542],[10.948,51.538],[10.948,51.533],[10.94,51.536],[10.935,51.533],[10.933,51.522],[10.928,51.522],[10.927,51.521],[10.934,51.519],[10.931,51.518],[10.935,51.518],[10.936,51.511],[10.946,51.506],[10.944,51.505],[10.945,51.504],[10.943,51.504],[10.94,51.501],[10.947,51.499],[10.949,51.502],[10.95,51.499],[10.954,51.498],[10.952,51.495],[10.957,51.493],[10.966,51.485],[10.973,51.482],[10.97,51.481],[10.961,51.471],[10.963,51.469],[10.961,51.463],[10.964,51.463],[10.963,51.46],[10.97,51.459],[10.968,51.454],[10.973,51.454],[10.972,51.451],[10.967,51.446],[10.969,51.445],[10.969,51.443],[10.971,51.442],[10.967,51.432],[10.98,51.432],[10.978,51.427],[10.989,51.426],[10.998,51.429],[11.008,51.429],[11.011,51.425],[11.01,51.424],[11.0,51.423],[10.992,51.418],[11.019,51.417],[11.024,51.418],[11.025,51.421],[11.035,51.422],[11.04,51.425],[11.05,51.42],[11.051,51.421],[11.046,51.424],[11.046,51.426],[11.05,51.427],[11.052,51.429],[11.055,51.43],[11.057,51.428],[11.061,51.43],[11.072,51.429],[11.096,51.42],[11.095,51.419],[11.104,51.419],[11.102,51.417],[11.114,51.415],[11.117,51.416],[11.118,51.414],[11.115,51.412],[11.116,51.411],[11.121,51.413],[11.128,51.413],[11.129,51.41],[11.126,51.408],[11.131,51.408],[11.132,51.404],[11.135,51.406],[11.141,51.405],[11.14,51.403],[11.142,51.403],[11.149,51.404],[11.152,51.404],[11.153,51.402],[11.177,51.406],[11.183,51.406],[11.184,51.403],[11.192,51.403],[11.193,51.405],[11.196,51.405],[11.197,51.408],[11.202,51.406],[11.203,51.407],[11.208,51.407],[11.21,51.408],[11.21,51.412],[11.224,51.413],[11.231,51.408],[11.23,51.406],[11.248,51.405],[11.247,51.401],[11.244,51.397],[11.248,51.395],[11.253,51.401],[11.274,51.401],[11.275,51.405],[11.285,51.402],[11.305,51.406],[11.307,51.406],[11.321,51.41],[11.329,51.4],[11.331,51.39],[11.334,51.39],[11.34,51.392],[11.342,51.389],[11.342,51.388],[11.347,51.385],[11.35,51.388],[11.357,51.39],[11.359,51.386],[11.362,51.383],[11.365,51.383],[11.366,51.386],[11.368,51.388],[11.371,51.386],[11.377,51.386],[11.378,51.387],[11.393,51.384],[11.394,51.381],[11.397,51.381],[11.398,51.377],[11.396,51.373],[11.391,51.373],[11.39,51.368],[11.393,51.365],[11.392,51.361],[11.394,51.357],[11.393,51.354],[11.396,51.352],[11.397,51.35],[11.401,51.349],[11.399,51.345],[11.409,51.34],[11.412,51.343],[11.429,51.343],[11.429,51.34],[11.426,51.336],[11.419,51.336],[11.414,51.333],[11.428,51.328],[11.426,51.327],[11.428,51.325],[11.435,51.322],[11.434,51.32],[11.447,51.316],[11.446,51.312],[11.45,51.314],[11.467,51.305],[11.475,51.298],[11.474,51.298],[11.474,51.295],[11.468,51.288],[11.463,51.291],[11.46,51.294],[11.455,51.287],[11.452,51.28],[11.456,51.277],[11.447,51.271],[11.442,51.273],[11.437,51.269],[11.441,51.267],[11.44,51.263],[11.429,51.255],[11.426,51.256],[11.422,51.253],[11.418,51.248],[11.42,51.246],[11.414,51.243],[11.413,51.241],[11.402,51.236],[11.398,51.237],[11.401,51.243],[11.387,51.244],[11.387,51.246],[11.385,51.246],[11.376,51.239],[11.378,51.238],[11.376,51.234],[11.372,51.231],[11.369,51.231],[11.365,51.221],[11.39,51.218],[11.389,51.216],[11.391,51.217],[11.39,51.213],[11.391,51.211],[11.388,51.209],[11.391,51.203],[11.396,51.204],[11.399,51.206],[11.402,51.206],[11.401,51.204],[11.406,51.203],[11.408,51.204],[11.405,51.207],[11.415,51.208],[11.431,51.212],[11.446,51.208],[11.445,51.205],[11.448,51.204],[11.449,51.196],[11.452,51.193],[11.456,51.195],[11.469,51.193],[11.47,51.19],[11.47,51.184],[11.467,51.181],[11.47,51.18],[11.471,51.177],[11.471,51.17],[11.486,51.168],[11.485,51.166],[11.475,51.166],[11.473,51.161],[11.479,51.159],[11.472,51.148],[11.451,51.147],[11.459,51.136],[11.46,51.13],[11.463,51.13],[11.463,51.127],[11.466,51.127],[11.464,51.118],[11.465,51.118],[11.463,51.113],[11.478,51.108],[11.484,51.108],[11.485,51.102],[11.505,51.102],[11.505,51.104],[11.511,51.103],[11.512,51.108],[11.523,51.105],[11.546,51.102],[11.548,51.112],[11.556,51.111],[11.555,51.109],[11.558,51.109],[11.568,51.118],[11.572,51.119],[11.607,51.112],[11.607,51.111],[11.62,51.105],[11.616,51.098],[11.62,51.097],[11.624,51.105],[11.635,51.107],[11.638,51.111],[11.64,51.109],[11.643,51.11],[11.647,51.107],[11.653,51.11],[11.667,51.111],[11.668,51.109],[11.666,51.109],[11.667,51.107],[11.672,51.103],[11.675,51.104],[11.689,51.099],[11.689,51.101],[11.692,51.1],[11.693,51.097],[11.692,51.097],[11.694,51.094],[11.693,51.093],[11.697,51.092],[11.696,51.09],[11.697,51.087],[11.702,51.086],[11.702,51.084],[11.698,51.084],[11.702,51.078],[11.7,51.075],[11.702,51.074],[11.701,51.069],[11.71,51.068],[11.714,51.071],[11.721,51.071],[11.723,51.068],[11.732,51.068],[11.737,51.063],[11.745,51.062],[11.753,51.057],[11.745,51.054],[11.746,51.052],[11.751,51.052],[11.752,51.049],[11.76,51.048],[11.76,51.043],[11.772,51.045],[11.77,51.049],[11.775,51.053],[11.787,51.053],[11.787,51.05],[11.797,51.05],[11.799,51.048],[11.803,51.049],[11.804,51.047],[11.834,51.052],[11.847,51.053],[11.852,51.052],[11.86,51.055],[11.863,51.051],[11.869,51.053],[11.868,51.054],[11.876,51.058],[11.889,51.056],[11.891,51.055],[11.891,51.053],[11.897,51.05],[11.894,51.049],[11.896,51.045],[11.911,51.045],[11.911,51.041],[11.915,51.038],[11.913,51.036],[11.915,51.032],[11.911,51.029],[11.912,51.028],[11.921,51.026],[11.943,51.032],[11.954,51.026],[11.958,51.021],[11.961,51.02],[11.963,51.022],[11.965,51.02],[11.965,51.018],[11.97,51.017],[11.972,51.019],[11.977,51.017],[11.98,51.014],[11.98,51.012],[11.976,51.012],[11.975,51.01],[11.975,51.007],[11.979,51.004],[11.976,50.999],[11.969,50.999],[11.97,50.994],[11.973,50.994],[11.974,50.99],[11.996,50.993],[11.999,50.989],[12.007,50.991],[12.008,50.99],[12.007,50.986],[12.009,50.984],[12.014,50.984],[12.014,50.982],[12.017,50.979],[12.017,50.977],[12.011,50.975],[12.011,50.97],[12.014,50.97],[12.014,50.969],[12.037,50.973],[12.048,50.969],[12.055,50.969],[12.073,50.974],[12.092,50.977],[12.094,50.975],[12.105,50.974],[12.118,50.968],[12.135,50.965],[12.132,50.961],[12.15,50.964],[12.158,50.963],[12.164,50.959],[12.166,50.959],[12.163,50.967],[12.174,50.973],[12.182,50.976],[12.198,50.957],[12.201,50.956],[12.213,50.959],[12.214,50.958],[12.213,50.958],[12.215,50.956],[12.215,50.953],[12.211,50.95],[12.213,50.947],[12.213,50.944],[12.214,50.943],[12.215,50.938],[12.218,50.939],[12.22,50.942],[12.227,50.943],[12.23,50.947],[12.239,50.952],[12.242,50.956],[12.242,50.962],[12.24,50.963],[12.235,50.961],[12.232,50.961],[12.236,50.965],[12.24,50.976],[12.248,50.982],[12.255,50.985],[12.266,50.992],[12.278,51.006],[12.284,51.006],[12.284,51.008],[12.283,51.012],[12.287,51.013],[12.288,51.015],[12.287,51.017],[12.292,51.019],[12.294,51.031],[12.29,51.03],[12.287,51.038],[12.283,51.038],[12.281,51.041],[12.273,51.041],[12.265,51.038],[12.256,51.038],[12.254,51.039],[12.25,51.038],[12.252,51.04],[12.251,51.044],[12.257,51.045],[12.256,51.049],[12.262,51.05],[12.261,51.054],[12.263,51.054],[12.26,51.058],[12.261,51.063],[12.258,51.066],[12.269,51.072],[12.269,51.078],[12.278,51.079],[12.28,51.08],[12.28,51.082],[12.284,51.083],[12.285,51.091],[12.289,51.09],[12.289,51.092],[12.292,51.092],[12.305,51.097],[12.307,51.094],[12.312,51.094],[12.322,51.095],[12.323,51.096],[12.322,51.097],[12.332,51.104],[12.357,51.094],[12.354,51.085],[12.361,51.08],[12.372,51.078],[12.385,51.08],[12.386,51.081],[12.386,51.084],[12.393,51.084],[12.398,51.078],[12.41,51.073],[12.413,51.076],[12.421,51.078],[12.451,51.077],[12.45,51.079],[12.453,51.084],[12.458,51.084],[12.461,51.073],[12.46,51.07],[12.463,51.069],[12.463,51.067],[12.468,51.068],[12.47,51.064],[12.496,51.066],[12.499,51.064],[12.502,51.064],[12.505,51.061],[12.509,51.053],[12.502,51.052],[12.505,51.045],[12.504,51.044],[12.505,51.04],[12.503,51.035],[12.506,51.03],[12.512,51.026],[12.509,51.026],[12.507,51.017],[12.513,51.017],[12.516,51.018],[12.514,51.027],[12.518,51.027],[12.519,51.023],[12.531,51.025],[12.539,51.024],[12.538,51.022],[12.54,51.022],[12.539,51.02],[12.537,51.02],[12.536,51.016],[12.535,51.016],[12.539,51.011],[12.54,51.006],[12.534,51.005],[12.527,51.002],[12.528,50.998],[12.539,50.996],[12.551,50.998],[12.556,50.998],[12.556,50.996],[12.573,50.99],[12.577,50.984],[12.584,50.982],[12.584,50.983],[12.579,50.985],[12.581,50.989],[12.592,50.991],[12.592,50.993],[12.594,50.992],[12.601,50.993],[12.602,50.995],[12.607,50.997],[12.607,50.991],[12.616,50.985],[12.618,50.979],[12.621,50.976],[12.622,50.963],[12.63,50.943],[12.625,50.942],[12.624,50.94],[12.631,50.94],[12.638,50.933],[12.642,50.933],[12.642,50.929],[12.653,50.924],[12.654,50.919],[12.647,50.916],[12.641,50.911],[12.64,50.903],[12.625,50.906],[12.624,50.909],[12.62,50.909],[12.615,50.905],[12.606,50.906],[12.592,50.903],[12.585,50.904],[12.581,50.902],[12.573,50.901],[12.569,50.904],[12.566,50.903],[12.56,50.906],[12.553,50.906],[12.538,50.901],[12.525,50.903],[12.521,50.908],[12.508,50.904],[12.513,50.896],[12.511,50.894],[12.49,50.893],[12.487,50.891],[12.485,50.894],[12.48,50.891],[12.482,50.889],[12.459,50.88],[12.464,50.874],[12.461,50.872],[12.464,50.87],[12.448,50.867],[12.449,50.866],[12.444,50.863],[12.448,50.856],[12.441,50.849],[12.44,50.846],[12.443,50.844],[12.438,50.842],[12.429,50.844],[12.42,50.84],[12.412,50.847],[12.418,50.855],[12.415,50.856],[12.407,50.857],[12.406,50.85],[12.403,50.849],[12.393,50.849],[12.387,50.851],[12.377,50.849],[12.378,50.854],[12.374,50.853],[12.375,50.849],[12.365,50.846],[12.365,50.844],[12.362,50.842],[12.348,50.837],[12.348,50.835],[12.35,50.833],[12.347,50.832],[12.348,50.824],[12.333,50.822],[12.334,50.82],[12.321,50.822],[12.316,50.819],[12.307,50.819],[12.299,50.83],[12.296,50.828],[12.298,50.821],[12.302,50.817],[12.3,50.816],[12.296,50.817],[12.293,50.824],[12.29,50.824],[12.291,50.822],[12.286,50.82],[12.286,50.812],[12.28,50.81],[12.278,50.81],[12.277,50.818],[12.273,50.816],[12.275,50.814],[12.269,50.812],[12.267,50.814],[12.26,50.812],[12.253,50.818],[12.251,50.818],[12.251,50.815],[12.243,50.809],[12.254,50.8],[12.25,50.799],[12.255,50.795],[12.252,50.791],[12.253,50.789],[12.268,50.787],[12.288,50.79],[12.288,50.784],[12.29,50.783],[12.284,50.773],[12.276,50.769],[12.269,50.763],[12.264,50.761],[12.245,50.765],[12.242,50.768],[12.241,50.767],[12.234,50.76],[12.229,50.758],[12.229,50.75],[12.227,50.746],[12.227,50.742],[12.228,50.744],[12.23,50.743],[12.227,50.738],[12.231,50.738],[12.234,50.736],[12.235,50.733],[12.238,50.733],[12.265,50.737],[12.269,50.731],[12.273,50.73],[12.273,50.728],[12.271,50.725],[12.266,50.724],[12.263,50.72],[12.258,50.719],[12.253,50.716],[12.257,50.713],[12.261,50.706],[12.265,50.704],[12.266,50.701],[12.262,50.7],[12.263,50.695],[12.275,50.686],[12.278,50.688],[12.284,50.685],[12.297,50.687],[12.299,50.684],[12.309,50.683],[12.315,50.685],[12.319,50.684],[12.322,50.681],[12.314,50.671],[12.318,50.663],[12.303,50.662],[12.303,50.657],[12.299,50.652],[12.29,50.648],[12.28,50.647],[12.281,50.645],[12.268,50.645],[12.264,50.643],[12.267,50.635],[12.265,50.631],[12.245,50.634],[12.241,50.633],[12.241,50.629],[12.233,50.627],[12.231,50.628],[12.231,50.633],[12.226,50.63],[12.217,50.632],[12.217,50.634],[12.21,50.635],[12.207,50.637],[12.207,50.64],[12.198,50.641],[12.201,50.635],[12.2,50.633],[12.188,50.623],[12.192,50.619],[12.19,50.616],[12.191,50.614],[12.183,50.612],[12.175,50.614],[12.178,50.619],[12.174,50.621],[12.176,50.624],[12.17,50.628],[12.17,50.629],[12.165,50.628],[12.163,50.63],[12.154,50.63],[12.15,50.629],[12.15,50.627],[12.146,50.626],[12.148,50.625],[12.146,50.621],[12.151,50.616],[12.149,50.615],[12.15,50.613],[12.145,50.61],[12.147,50.606],[12.143,50.603],[12.116,50.597],[12.113,50.59],[12.11,50.589],[12.125,50.584],[12.133,50.588],[12.126,50.584],[12.135,50.582],[12.14,50.583],[12.145,50.586],[12.152,50.583],[12.156,50.586],[12.161,50.58],[12.156,50.574],[12.128,50.574],[12.123,50.568],[12.116,50.567],[12.106,50.573],[12.101,50.579],[12.084,50.579],[12.078,50.577],[12.079,50.569],[12.075,50.567],[12.078,50.562],[12.077,50.558],[12.073,50.555],[12.066,50.556],[12.06,50.552],[12.057,50.553],[12.052,50.551],[12.049,50.553],[12.041,50.553],[12.03,50.549],[12.031,50.552],[12.034,50.553],[12.028,50.554],[12.032,50.555],[12.031,50.558],[12.025,50.56],[12.018,50.568],[12.036,50.581],[12.034,50.583],[12.031,50.582],[12.035,50.595],[12.031,50.598],[12.028,50.597],[12.021,50.599],[12.005,50.614],[12.009,50.616],[12.012,50.621],[12.02,50.624],[12.022,50.626],[12.021,50.627],[12.01,50.636],[12.004,50.635],[12.001,50.633],[12.003,50.63],[11.999,50.627],[11.979,50.621],[11.984,50.618],[11.983,50.615],[11.989,50.611],[11.968,50.6],[11.962,50.601],[11.96,50.605],[11.957,50.601],[11.957,50.599],[11.95,50.594],[11.94,50.59],[11.936,50.587],[11.924,50.586],[11.93,50.578],[11.931,50.576],[11.929,50.574],[11.934,50.569],[11.927,50.566],[11.928,50.564],[11.925,50.564],[11.923,50.561],[11.922,50.558],[11.927,50.558],[11.926,50.557],[11.921,50.556],[11.919,50.558],[11.92,50.56],[11.918,50.561],[11.914,50.556],[11.905,50.556],[11.901,50.553],[11.885,50.552],[11.883,50.551],[11.88,50.546],[11.871,50.54],[11.888,50.517],[11.894,50.518],[11.899,50.516],[11.918,50.517],[11.919,50.519],[11.915,50.522],[11.917,50.525],[11.918,50.526],[11.919,50.522],[11.925,50.526],[11.928,50.523],[11.931,50.523],[11.933,50.521],[11.93,50.513],[11.934,50.506],[11.94,50.503],[11.944,50.506],[11.951,50.496],[11.957,50.492],[11.96,50.492],[11.965,50.485],[11.962,50.483],[11.959,50.479],[11.947,50.479],[11.943,50.477],[11.943,50.474],[11.938,50.472],[11.939,50.47],[11.944,50.471],[11.941,50.468],[11.944,50.465],[11.944,50.464],[11.948,50.465],[11.949,50.464],[11.943,50.46],[11.952,50.456],[11.951,50.454],[11.947,50.454],[11.939,50.459],[11.936,50.459],[11.932,50.464],[11.928,50.459],[11.92,50.46],[11.921,50.458],[11.919,50.454],[11.91,50.453],[11.905,50.454],[11.903,50.452],[11.895,50.45],[11.895,50.444],[11.889,50.444],[11.891,50.44],[11.893,50.44],[11.9,50.435],[11.904,50.437],[11.904,50.435],[11.906,50.434],[11.908,50.437],[11.909,50.435],[11.912,50.436],[11.916,50.433],[11.927,50.433],[11.928,50.431],[11.924,50.426],[11.91,50.422],[11.906,50.42],[11.906,50.417],[11.882,50.415],[11.875,50.408],[11.868,50.405],[11.866,50.401],[11.857,50.399],[11.852,50.402],[11.836,50.395],[11.835,50.393],[11.832,50.395],[11.823,50.39],[11.819,50.391],[11.818,50.394],[11.821,50.397],[11.828,50.4],[11.825,50.404],[11.817,50.401],[11.797,50.417],[11.793,50.418],[11.787,50.415],[11.78,50.419],[11.774,50.415],[11.773,50.411],[11.756,50.416],[11.751,50.414],[11.763,50.407],[11.762,50.405],[11.746,50.408],[11.744,50.41],[11.739,50.409],[11.727,50.4],[11.718,50.4],[11.715,50.397],[11.713,50.397],[11.711,50.402],[11.708,50.404],[11.698,50.4],[11.694,50.396],[11.684,50.393],[11.674,50.394],[11.649,50.392],[11.632,50.388],[11.627,50.389],[11.625,50.387],[11.619,50.388],[11.606,50.398],[11.594,50.403],[11.581,50.399],[11.573,50.4],[11.568,50.396],[11.565,50.387],[11.56,50.384],[11.553,50.383],[11.546,50.384],[11.534,50.381],[11.527,50.376],[11.52,50.374],[11.521,50.381],[11.519,50.389],[11.519,50.396],[11.506,50.397],[11.503,50.4],[11.496,50.4],[11.49,50.397],[11.479,50.401],[11.479,50.407],[11.486,50.411],[11.488,50.416],[11.481,50.425],[11.483,50.43],[11.482,50.432],[11.475,50.434],[11.475,50.432],[11.463,50.432],[11.46,50.429],[11.446,50.424],[11.443,50.421],[11.445,50.425],[11.451,50.431],[11.441,50.439],[11.429,50.44],[11.421,50.443],[11.419,50.448],[11.419,50.454],[11.424,50.462],[11.415,50.468],[11.421,50.474],[11.418,50.482],[11.427,50.484],[11.421,50.486],[11.422,50.489],[11.421,50.489],[11.419,50.493],[11.419,50.495],[11.428,50.492],[11.436,50.492],[11.441,50.501],[11.435,50.504],[11.433,50.508],[11.425,50.516],[11.405,50.516],[11.396,50.518],[11.393,50.521],[11.388,50.516],[11.379,50.521],[11.37,50.523],[11.358,50.52],[11.348,50.52],[11.347,50.522],[11.344,50.521],[11.343,50.519],[11.346,50.516],[11.347,50.512],[11.336,50.51],[11.325,50.51],[11.321,50.509],[11.323,50.5],[11.325,50.498],[11.323,50.491],[11.319,50.489],[11.301,50.488],[11.3,50.487],[11.303,50.487],[11.302,50.485],[11.296,50.482],[11.297,50.481],[11.293,50.479],[11.291,50.475],[11.289,50.476],[11.291,50.48],[11.289,50.486],[11.278,50.483],[11.279,50.481],[11.272,50.483],[11.266,50.479],[11.257,50.482],[11.252,50.481],[11.248,50.478],[11.245,50.471],[11.252,50.463],[11.255,50.456],[11.247,50.451],[11.247,50.449],[11.263,50.443],[11.268,50.432],[11.267,50.423],[11.269,50.419],[11.261,50.406],[11.261,50.403],[11.258,50.4],[11.271,50.394],[11.265,50.391],[11.264,50.387],[11.272,50.385],[11.276,50.381],[11.278,50.373],[11.281,50.371],[11.279,50.368],[11.284,50.36],[11.277,50.355],[11.262,50.352],[11.263,50.351],[11.266,50.352],[11.277,50.336],[11.261,50.338],[11.262,50.336],[11.261,50.329],[11.262,50.325],[11.256,50.323],[11.261,50.319],[11.264,50.313],[11.267,50.312],[11.267,50.31],[11.27,50.307],[11.261,50.3],[11.252,50.299],[11.254,50.298],[11.252,50.294],[11.259,50.29],[11.258,50.288],[11.26,50.287],[11.257,50.284],[11.26,50.275],[11.254,50.272],[11.253,50.27]],[[11.441,51.198],[11.444,51.197],[11.445,51.194],[11.447,51.194],[11.447,51.199],[11.439,51.2],[11.441,51.198]]]]}}]}